# date=2026-09-06; host=macOS-26.6.1-arm64-arm-64bit; candidate_seed_sha256=86eadc2e41200ad66cd64f5497bb81c706e7ecaa248b6d4706077aa4b58e8a46; baseline=fa5c0c7; scope=normal compiler check, O2, 2 warmup pairs and 11 alternating measured pairs; equal status/stdout/stderr
bindings	source_bytes	pair	baseline_ns	candidate_ns	ratio
125	3211	0	4159084	4407292	1.059679
125	3211	1	4291417	4218459	0.982999
125	3211	2	4114209	4400625	1.069616
125	3211	3	4348875	4396083	1.010855
125	3211	4	4492833	4387958	0.976657
125	3211	5	4550500	3977709	0.874126
125	3211	6	4875416	5103292	1.046740
125	3211	7	4138417	4141333	1.000705
125	3211	8	4205958	4119083	0.979345
125	3211	9	4316791	3729708	0.864000
125	3211	10	3746875	4202792	1.121679
250	6586	0	6482584	5908458	0.911436
250	6586	1	4946125	4232541	0.855729
250	6586	2	4716209	5490583	1.164194
250	6586	3	5032625	5031542	0.999785
250	6586	4	4707375	4954125	1.052418
250	6586	5	4437292	4889750	1.101967
250	6586	6	4897959	5006709	1.022203
250	6586	7	4534083	4713875	1.039653
250	6586	8	5495333	4457375	0.811120
250	6586	9	4911375	4623959	0.941480
250	6586	10	4661375	4774375	1.024242
500	13336	0	6232459	5962167	0.956632
500	13336	1	5977500	5884375	0.984421
500	13336	2	5113083	7820584	1.529524
500	13336	3	5930584	5312166	0.895724
500	13336	4	5180750	5214750	1.006563
500	13336	5	5805250	5559208	0.957617
500	13336	6	8616167	6970125	0.808959
500	13336	7	5716417	6642917	1.162077
500	13336	8	5514917	7838416	1.421312
500	13336	9	5526959	5021500	0.908547
500	13336	10	4986875	5100709	1.022827
1000	26836	0	8357792	6692792	0.800785
1000	26836	1	7038834	7637542	1.085058
1000	26836	2	6404750	6941125	1.083746
1000	26836	3	7137000	7383500	1.034538
1000	26836	4	8211166	6231000	0.758845
1000	26836	5	6206875	6739708	1.085846
1000	26836	6	6979958	7043250	1.009068
1000	26836	7	7208209	6581833	0.913102
1000	26836	8	6715375	6950792	1.035056
1000	26836	9	7265625	6870041	0.945554
1000	26836	10	8102750	8307417	1.025259
2000	55836	0	9853208	9572167	0.971477
2000	55836	1	9036042	9479000	1.049021
2000	55836	2	9187875	10063000	1.095248
2000	55836	3	9613833	9537958	0.992108
2000	55836	4	9469750	9783250	1.033105
2000	55836	5	10749709	9814042	0.912959
2000	55836	6	9306458	10419834	1.119635
2000	55836	7	9398916	9511375	1.011965
2000	55836	8	10383417	10386917	1.000337
2000	55836	9	10708041	10289417	0.960906
2000	55836	10	10626750	9691125	0.911956
4000	113836	0	18641375	19316458	1.036214
4000	113836	1	18806291	18874459	1.003625
4000	113836	2	17746041	18516916	1.043439
4000	113836	3	18371000	18280417	0.995069
4000	113836	4	17690083	18486959	1.045046
4000	113836	5	18161792	17999667	0.991073
4000	113836	6	18051583	18480750	1.023774
4000	113836	7	18081834	18096000	1.000783
4000	113836	8	17863750	17971292	1.006020
4000	113836	9	19341333	18280791	0.945167
4000	113836	10	18541709	17911625	0.966018
