# date=2026-09-07; baseline=ab7758c; seed_sha256=c3c8af2d0cc1c3164b068d1fbc1f0d651bdadfcb2eca94fd31915d53e29262a7; default project checks; O2; two warmup pairs, eleven alternating pairs; process totals with startup and I/O; ordinary default path; integer validation included; not a portable speedup claim
helpers	pair	baseline_ns	candidate_ns	ratio
125	0	4183333	3952875	0.9449104338574051
125	1	3790000	3876416	1.022801055408971
125	2	4017541	4271875	1.0633058878552826
125	3	4396917	4867166	1.1069497104448411
125	4	4153083	3977916	0.95782241770752
125	5	3927125	4262125	1.085304134704141
125	6	4137208	4107917	0.992920104572939
125	7	3927708	4137500	1.0534133392808223
125	8	4203417	3992000	0.9497035388114003
125	9	3864750	4004833	1.0362463289992885
125	10	4066458	3740708	0.9198934305973405
250	0	4542042	4759542	1.047885950856465
250	1	4332625	4894208	1.1296172643605205
250	2	4788292	5105167	1.0661770418345413
250	3	5294625	4674625	0.8829001109615884
250	4	4792791	4727000	0.9862729253163762
250	5	4612667	4914167	1.0653634871106021
250	6	4520041	4536459	1.0036322679373926
250	7	4857708	4859459	1.0003604580596446
250	8	4508791	4762833	1.0563437072155264
250	9	4725000	4489750	0.9502116402116402
250	10	4496083	4663750	1.0372917937680421
500	0	5810959	6067416	1.044133334962439
500	1	5630000	5634666	1.0008287744227353
500	2	5736417	5909500	1.0301726670149678
500	3	6166250	5789041	0.9388268396513277
500	4	5851500	6052084	1.0342790737417755
500	5	5779459	5537375	0.958113034455301
500	6	5749667	5564167	0.9677372620014342
500	7	5518792	5786042	1.0484254525265675
500	8	5732916	5933666	1.0350170838016814
500	9	5907958	5928084	1.0034065915837587
500	10	5519041	6001209	1.0873644533533997
1000	0	8076458	7811000	0.9671318788508527
1000	1	8031500	7901542	0.9838189628338417
1000	2	7787750	7647500	0.9819909473211133
1000	3	7612750	7642208	1.0038695609339594
1000	4	7712834	7872042	1.020641958584873
1000	5	8060042	7926417	0.9834213022711296
1000	6	8149917	8087792	0.9923772229827617
1000	7	8246000	8002750	0.9705008488964346
1000	8	8078708	8061250	0.9978390108913455
1000	9	8055709	8296208	1.0298544795994988
1000	10	7736792	8068500	1.042874100790095
2000	0	12446416	12136292	0.9750832689506762
2000	1	12013958	12388584	1.031182562815685
2000	2	12575250	11992667	0.953672253036719
2000	3	12284792	12199834	0.9930842947931068
2000	4	12022625	12291917	1.022398768987638
2000	5	12186416	11972583	0.9824531675268594
2000	6	12051833	12792834	1.0614845061328015
2000	7	12136500	11980959	0.9871840316400939
2000	8	12013917	12712167	1.058120095219569
2000	9	12029291	12139708	1.009179011464599
2000	10	12138500	11789291	0.9712312888742431
4000	0	20177792	19569875	0.9698719760814265
4000	1	21394500	20943500	0.9789198158405198
4000	2	20742833	20613750	0.9937769831150837
4000	3	20085042	20200000	1.0057235628384547
4000	4	19767666	20725958	1.0484777514958012
4000	5	20657250	19809875	0.9589792929843033
4000	6	21025167	20476708	0.9739141667697574
4000	7	20490667	20130833	0.9824391270425702
4000	8	19883709	20238959	1.0178663849888367
4000	9	19841125	20276750	1.02195566027632
4000	10	20080542	20180958	1.0050006618347254
