# schema=1; host=Darwin-arm64; groups=66; six rotating permutations; two warmups per executable; a/b identical baseline; c candidate; uninstrumented process wall ns
# compiler_a=/Users/mlody/Projects/SLIM/build/slim-next-m1/ownership-flow/baseline-slimc; sha256=0e8a711804c9276d3caec99c606c666e085eb3cdc17ff5dfa117c2ab4e568363
# compiler_b=/Users/mlody/Projects/SLIM/build/slim-next-m1/ownership-flow/baseline-slimc; sha256=0e8a711804c9276d3caec99c606c666e085eb3cdc17ff5dfa117c2ab4e568363
# compiler_c=/Users/mlody/Projects/SLIM/build/slim-next-m1/ownership-flow/token-read-candidate; sha256=6a0482f796f4dc061cbe0014b4108f5e1073e277a50119bedd4a5357131e0f70
shape	size	command	group	order	a_ns	b_ns	c_ns
# source=/Users/mlody/Projects/SLIM/build/slim-next-m1/ownership-flow/token-read-repeat-costs/aggregate_functions-4000.slim; sha256=072d6ace444b53eb341337e36c1ca511cc11fe413d06c233a888d4010c37adb7
aggregate_functions	4000	check	0	abc	14161875	14050375	14322792
aggregate_functions	4000	check	1	acb	14179917	13934875	14136541
aggregate_functions	4000	check	2	bac	13928959	14011209	14067792
aggregate_functions	4000	check	3	bca	13988584	13936750	14534167
aggregate_functions	4000	check	4	cab	14526542	14327208	14525709
aggregate_functions	4000	check	5	cba	13961833	14061125	14462292
aggregate_functions	4000	check	6	abc	13833917	13947166	14074750
aggregate_functions	4000	check	7	acb	14359416	14047625	14487959
aggregate_functions	4000	check	8	bac	14182417	14172292	14006500
aggregate_functions	4000	check	9	bca	14236500	14275042	14077042
aggregate_functions	4000	check	10	cab	13878583	14221333	14037334
aggregate_functions	4000	check	11	cba	13799167	13838625	14443333
aggregate_functions	4000	check	12	abc	13758666	13848708	14301875
aggregate_functions	4000	check	13	acb	13886542	14281083	14037333
aggregate_functions	4000	check	14	bac	13806167	13815167	13955750
aggregate_functions	4000	check	15	bca	14027375	13901958	14244458
aggregate_functions	4000	check	16	cab	14343542	14099208	14131750
aggregate_functions	4000	check	17	cba	13900167	14236125	14115291
aggregate_functions	4000	check	18	abc	14315042	15058750	15068000
aggregate_functions	4000	check	19	acb	14443041	14244375	14853292
aggregate_functions	4000	check	20	bac	14055875	14204167	14209541
aggregate_functions	4000	check	21	bca	14330542	13962500	14298834
aggregate_functions	4000	check	22	cab	14178292	14190208	14351709
aggregate_functions	4000	check	23	cba	13986000	14175041	14129208
aggregate_functions	4000	check	24	abc	13907375	13956125	14333334
aggregate_functions	4000	check	25	acb	14271750	14072625	14157542
aggregate_functions	4000	check	26	bac	14131500	14069250	14119917
aggregate_functions	4000	check	27	bca	14361959	13984167	14854459
aggregate_functions	4000	check	28	cab	14273167	14141000	14370875
aggregate_functions	4000	check	29	cba	14107459	14058875	14135042
aggregate_functions	4000	check	30	abc	14426375	14257750	14356542
aggregate_functions	4000	check	31	acb	14218417	14005458	14323208
aggregate_functions	4000	check	32	bac	14081542	14093500	14367291
aggregate_functions	4000	check	33	bca	14100458	14205125	14306875
aggregate_functions	4000	check	34	cab	14083000	13975833	14400791
aggregate_functions	4000	check	35	cba	14086625	14284208	14253084
aggregate_functions	4000	check	36	abc	14175875	14547375	14193750
aggregate_functions	4000	check	37	acb	14479750	14529125	14755041
aggregate_functions	4000	check	38	bac	14478125	14626833	14867166
aggregate_functions	4000	check	39	bca	13922875	14482250	14164375
aggregate_functions	4000	check	40	cab	13815791	14337083	13951375
aggregate_functions	4000	check	41	cba	13864125	13830834	14029208
aggregate_functions	4000	check	42	abc	13795584	13834250	13924625
aggregate_functions	4000	check	43	acb	13899208	13879625	13962125
aggregate_functions	4000	check	44	bac	13683500	13794833	13908291
aggregate_functions	4000	check	45	bca	14342125	13764792	14041000
aggregate_functions	4000	check	46	cab	13800500	13932584	14115083
aggregate_functions	4000	check	47	cba	13805000	13796792	13906584
aggregate_functions	4000	check	48	abc	13865458	13832459	13994208
aggregate_functions	4000	check	49	acb	13811084	13859917	13896375
aggregate_functions	4000	check	50	bac	13814375	13963875	13856250
aggregate_functions	4000	check	51	bca	14243166	14146833	14196333
aggregate_functions	4000	check	52	cab	14951958	14464792	14781083
aggregate_functions	4000	check	53	cba	14413542	14783625	14586333
aggregate_functions	4000	check	54	abc	14236667	13991417	14293292
aggregate_functions	4000	check	55	acb	13906917	14050292	14358542
aggregate_functions	4000	check	56	bac	13919708	13985667	14089208
aggregate_functions	4000	check	57	bca	14068250	13805750	14177209
aggregate_functions	4000	check	58	cab	13957167	13980875	14118709
aggregate_functions	4000	check	59	cba	14350458	13993334	14149792
aggregate_functions	4000	check	60	abc	14157458	14247750	14420292
aggregate_functions	4000	check	61	acb	14389792	14719500	14134708
aggregate_functions	4000	check	62	bac	14473500	15165375	14315375
aggregate_functions	4000	check	63	bca	14954209	14007792	14382333
aggregate_functions	4000	check	64	cab	14196208	13866083	15019167
aggregate_functions	4000	check	65	cba	14383125	14124500	13951000
