# baseline=d157792; seed_sha256=323f36cd855a58204aee41cf1615aaa58ec0cefc76ca5e572ffaf5407872b76b; investigate positive first-run medians; three warmups, 31 alternating pairs; baseline-self controls; same-host O2 process totals
case	mode	pair	baseline_ns	compared_ns	ratio
frontend-500	baseline-self	0	11049708	10452792	0.9459790249660897
frontend-500	baseline-self	1	10371709	10367083	0.9995539790019177
frontend-500	baseline-self	2	10891334	10466708	0.9610124893791706
frontend-500	baseline-self	3	10755375	10332792	0.9607095986890276
frontend-500	baseline-self	4	10794292	10534667	0.9759479361870144
frontend-500	baseline-self	5	10456875	10114542	0.9672623991393222
frontend-500	baseline-self	6	10714458	10049750	0.937961584244392
frontend-500	baseline-self	7	10033541	9661875	0.962957643767041
frontend-500	baseline-self	8	10697000	10346583	0.9672415630550621
frontend-500	baseline-self	9	10080792	9940667	0.9860998024758372
frontend-500	baseline-self	10	10571792	10544750	0.9974420609107708
frontend-500	baseline-self	11	10588583	10071709	0.9511857252287677
frontend-500	baseline-self	12	10642792	10646875	1.000383639932078
frontend-500	baseline-self	13	10573625	10225541	0.9670799749376396
frontend-500	baseline-self	14	10593333	10561958	0.9970382314990004
frontend-500	baseline-self	15	10722417	10499333	0.979194616288473
frontend-500	baseline-self	16	10522125	10457500	0.993858179787828
frontend-500	baseline-self	17	9848417	9957292	1.011055076160971
frontend-500	baseline-self	18	10477084	10071500	0.9612884653783438
frontend-500	baseline-self	19	9973875	10036750	1.0063039691193243
frontend-500	baseline-self	20	11311250	10393875	0.9188971157033926
frontend-500	baseline-self	21	10824583	10493750	0.9694368826956198
frontend-500	baseline-self	22	10698041	10800333	1.00956175060462
frontend-500	baseline-self	23	10804833	10475375	0.9695082746767119
frontend-500	baseline-self	24	10602041	10535791	0.9937512031881408
frontend-500	baseline-self	25	11014792	10496833	0.9529760525664034
frontend-500	baseline-self	26	10757292	10298667	0.9573661289476942
frontend-500	baseline-self	27	10985125	10297833	0.937434303205471
frontend-500	baseline-self	28	10524167	10464958	0.9943739965357828
frontend-500	baseline-self	29	10964000	10287916	0.9383360087559285
frontend-500	baseline-self	30	10644708	10448458	0.9815636088843396
frontend-500	candidate	0	10147916	10489750	1.0336851428411509
frontend-500	candidate	1	10718000	10656292	0.9942425825713752
frontend-500	candidate	2	10322542	10379750	1.0055420457480337
frontend-500	candidate	3	10380917	11101417	1.0694061998569104
frontend-500	candidate	4	10582917	10967000	1.0362927347913624
frontend-500	candidate	5	10283000	10305625	1.0022002333949236
frontend-500	candidate	6	10112833	10846917	1.0725893525582793
frontend-500	candidate	7	10619125	10377458	0.9772422869115864
frontend-500	candidate	8	9942833	10360750	1.0420319842443295
frontend-500	candidate	9	10627625	11046000	1.0393667446866068
frontend-500	candidate	10	10219209	11224334	1.0983564383505613
frontend-500	candidate	11	10191917	10536750	1.033833968624352
frontend-500	candidate	12	10602292	10502500	0.990587695566204
frontend-500	candidate	13	10642500	10672625	1.0028306319003994
frontend-500	candidate	14	10169208	10775500	1.0596203755494036
frontend-500	candidate	15	10127083	10844166	1.0708084450379245
frontend-500	candidate	16	10223750	11352917	1.1104454823328036
frontend-500	candidate	17	10849625	10651334	0.9817237001278846
frontend-500	candidate	18	10371125	11232500	1.083055116971399
frontend-500	candidate	19	10544167	10578125	1.0032205483847136
frontend-500	candidate	20	10286167	11073500	1.076542894938416
frontend-500	candidate	21	10487625	10520416	1.0031266373463963
frontend-500	candidate	22	10915375	10851584	0.9941558581358864
frontend-500	candidate	23	10393375	10511041	1.0113212503157059
frontend-500	candidate	24	11000833	10918042	0.9924741153692634
frontend-500	candidate	25	10502500	10514542	1.0011465841466318
frontend-500	candidate	26	10835042	10669250	0.9846985364708323
frontend-500	candidate	27	10038916	10123750	1.0084505139797961
frontend-500	candidate	28	10849625	10606167	0.9775606991025035
frontend-500	candidate	29	10282958	10474667	1.0186433709055314
frontend-500	candidate	30	10879875	10662083	0.9799821229563759
merge_sort	baseline-self	0	4431375	4676125	1.0552311641420553
merge_sort	baseline-self	1	4283000	4253375	0.9930831193088956
merge_sort	baseline-self	2	3999042	3945750	0.9866738083771063
merge_sort	baseline-self	3	3542125	3573625	1.0088929667925328
merge_sort	baseline-self	4	3602833	3568250	0.9904011648610969
merge_sort	baseline-self	5	4764417	3816667	0.8010774455720395
merge_sort	baseline-self	6	4557250	4439375	0.9741346206593889
merge_sort	baseline-self	7	3871541	3778500	0.9759679672771127
merge_sort	baseline-self	8	3928709	3733417	0.9502910498079649
merge_sort	baseline-self	9	3621709	3429542	0.9469402428522005
merge_sort	baseline-self	10	3616958	4238792	1.1719218193852403
merge_sort	baseline-self	11	4472542	4499500	1.0060274447953759
merge_sort	baseline-self	12	3813792	3639750	0.9543651043371008
merge_sort	baseline-self	13	3605334	3679042	1.02044415302438
merge_sort	baseline-self	14	3618625	3287875	0.9085978790286365
merge_sort	baseline-self	15	4693208	7536167	1.6057602816666128
merge_sort	baseline-self	16	4577917	4054542	0.885673986662493
merge_sort	baseline-self	17	3986708	4075584	1.0222930799045227
merge_sort	baseline-self	18	4391542	4037292	0.9193335734919534
merge_sort	baseline-self	19	3593833	3661292	1.0187707664769063
merge_sort	baseline-self	20	4053167	4450750	1.0980919365029864
merge_sort	baseline-self	21	4365583	4648958	1.064911147033512
merge_sort	baseline-self	22	4260542	3979250	0.9339774141412055
merge_sort	baseline-self	23	4324292	4455208	1.030274551302271
merge_sort	baseline-self	24	4031958	4153000	1.0300206500166917
merge_sort	baseline-self	25	4910542	4207583	0.8568469631254554
merge_sort	baseline-self	26	4922667	4147041	0.8424378492390405
merge_sort	baseline-self	27	4007375	4107542	1.02499566424405
merge_sort	baseline-self	28	3901000	3968792	1.0173781081773905
merge_sort	baseline-self	29	3758583	3632500	0.9664546452745623
merge_sort	baseline-self	30	4079167	4738583	1.1616545731027927
merge_sort	candidate	0	5167459	4676834	0.9050548828737683
merge_sort	candidate	1	3964208	4255292	1.0734280340486675
merge_sort	candidate	2	4406584	4151958	0.9422169190465903
merge_sort	candidate	3	3890333	3926834	1.009382487308927
merge_sort	candidate	4	4066375	4498875	1.1063600873013433
merge_sort	candidate	5	4346042	4788667	1.1018455412994168
merge_sort	candidate	6	4351000	4075416	0.9366619168007355
merge_sort	candidate	7	4200500	4314000	1.027020592786573
merge_sort	candidate	8	4160958	3919375	0.9419405338866674
merge_sort	candidate	9	4505834	4658583	1.033900272402401
merge_sort	candidate	10	4395584	4153000	0.9448118839271414
merge_sort	candidate	11	3912958	3947292	1.0087744361171267
merge_sort	candidate	12	3730542	4196250	1.1248365519005012
merge_sort	candidate	13	4335583	4070959	0.938964609834479
merge_sort	candidate	14	4523083	4724500	1.044530909558812
merge_sort	candidate	15	4245125	4616500	1.087482700744972
merge_sort	candidate	16	4587834	4130792	0.900379569095133
merge_sort	candidate	17	3942875	4117292	1.0442359953079923
merge_sort	candidate	18	3887750	4098500	1.054208732557392
merge_sort	candidate	19	4683042	4483042	0.9572927169989079
merge_sort	candidate	20	4533583	4307125	0.9500487804017264
merge_sort	candidate	21	4399542	3947417	0.8972336211360182
merge_sort	candidate	22	4306750	3977584	0.9235697451674697
merge_sort	candidate	23	4534375	4106166	0.9055638318401102
merge_sort	candidate	24	4671833	4583625	0.9811191881216644
merge_sort	candidate	25	4225625	4438500	1.050377163141547
merge_sort	candidate	26	4312542	4025500	0.9334401844666093
merge_sort	candidate	27	3731791	3854166	1.0327925652856764
merge_sort	candidate	28	4069417	4890750	1.2018306307758582
merge_sort	candidate	29	4712375	4659750	0.9888325950290459
merge_sort	candidate	30	4129458	4191667	1.0150646888768453
state_machine	baseline-self	0	4686500	4774500	1.0187773391656887
state_machine	baseline-self	1	4039459	4088875	1.0122333213432788
state_machine	baseline-self	2	4302833	4109750	0.9551265410486532
state_machine	baseline-self	3	4456791	4342375	0.9743277169604767
state_machine	baseline-self	4	4721250	4838625	1.024861000794281
state_machine	baseline-self	5	4555750	4440791	0.9747661746144982
state_machine	baseline-self	6	4577250	4098958	0.8955066906985636
state_machine	baseline-self	7	4109209	4277334	1.0409142002755274
state_machine	baseline-self	8	4596333	5181084	1.1272212000305462
state_machine	baseline-self	9	4460125	4557750	1.0218883999887896
state_machine	baseline-self	10	4473583	4630083	1.0349831443833724
state_machine	baseline-self	11	4590417	4364417	0.9507670000350731
state_machine	baseline-self	12	4119292	4091916	0.9933541977601976
state_machine	baseline-self	13	4749041	4539000	0.9557719126872141
state_machine	baseline-self	14	4949667	4490750	0.9072832576413726
state_machine	baseline-self	15	4262916	4222667	0.990558340816474
state_machine	baseline-self	16	4650167	4055750	0.8721729778736979
state_machine	baseline-self	17	4423125	4382125	0.9907305355376572
state_machine	baseline-self	18	4998625	4850500	0.9703668508839931
state_machine	baseline-self	19	4438167	4497833	1.0134438384134712
state_machine	baseline-self	20	4100417	4187250	1.0211766266699216
state_machine	baseline-self	21	3903208	3880584	0.9942037421526089
state_machine	baseline-self	22	3964417	4074708	1.0278202318272776
state_machine	baseline-self	23	4741000	4814708	1.0155469310272094
state_machine	baseline-self	24	4643958	3994417	0.8601320253111677
state_machine	baseline-self	25	3880250	4086250	1.0530893627987887
state_machine	baseline-self	26	3735500	4178125	1.1184915004684781
state_machine	baseline-self	27	4813375	4119083	0.8557577583296544
state_machine	baseline-self	28	5223083	4840500	0.9267514990667389
state_machine	baseline-self	29	3981500	4339625	1.0899472560592742
state_machine	baseline-self	30	3935875	3744333	0.9513343284530124
state_machine	candidate	0	3639917	3678541	1.0106112309703765
state_machine	candidate	1	4264875	3713791	0.8707854274744278
state_machine	candidate	2	4777375	4621375	0.9673460844082786
state_machine	candidate	3	3814458	4071458	1.0673752339126554
state_machine	candidate	4	3874084	3754958	0.9692505376754866
state_machine	candidate	5	3698208	3595417	0.9722051869445959
state_machine	candidate	6	3673584	4384333	1.193475635782386
state_machine	candidate	7	4526500	4922792	1.0875493206671822
state_machine	candidate	8	4371792	4086500	0.9347425495083023
state_machine	candidate	9	3795083	3951292	1.0411608916063233
state_machine	candidate	10	3719417	3702541	0.9954627297772742
state_machine	candidate	11	4134750	3920667	0.9482234717939416
state_machine	candidate	12	4890958	5808083	1.1875143887966324
state_machine	candidate	13	3796458	4242583	1.1175108482696239
state_machine	candidate	14	3800875	3950542	1.039376985562535
state_machine	candidate	15	3669667	3663084	0.9982061042595963
state_machine	candidate	16	3674125	3872833	1.0540830810056816
state_machine	candidate	17	4543208	4727041	1.040463258560911
state_machine	candidate	18	4244500	3854125	0.9080280362822476
state_machine	candidate	19	3709167	3852500	1.0386429082324953
state_machine	candidate	20	4124583	3836750	0.9302152484263257
state_machine	candidate	21	3992416	3847375	0.963670869969462
state_machine	candidate	22	4639667	4830833	1.0412025259571431
state_machine	candidate	23	3902500	4196458	1.0753255605381167
state_machine	candidate	24	3736208	4463083	1.1945488580935537
state_machine	candidate	25	4089792	3902625	0.9542355699262945
state_machine	candidate	26	3960834	3939625	0.9946453196473268
state_machine	candidate	27	4904291	4513209	0.9202571788664253
state_machine	candidate	28	5489541	4309250	0.7849927707981414
state_machine	candidate	29	3863084	3687583	0.9545697168376355
state_machine	candidate	30	3910750	4255000	1.0880265933644442
