# date=2026-09-07; candidate_seed_sha256=72097f2d90cad0b383bb231bd4b2a98bec89e01311e1baef2c6db7f88bd6fccb; baseline=1fca486 sources compiled with current compiler; O2; two warmup and eleven alternating pairs; 64 planned values per helper, one helper-body edit; process totals include capture/checking/analysis/C generation; independent work dimensions, no portable speedup claim
helpers	planned_values_per_helper	comparison	pair	baseline_ns	candidate_ns	ratio
32	64	prior-session	0	26310208	24044583	0.9138879859862757
32	64	prior-session	1	26161125	24577542	0.939468084801399
32	64	prior-session	2	25930959	25862958	0.9973776133771219
32	64	prior-session	3	26125000	24494250	0.9375789473684211
32	64	prior-session	4	25788083	25004709	0.9696226353854995
32	64	prior-session	5	26489834	25132417	0.948757059028758
32	64	prior-session	6	26770334	24144084	0.9018970028539801
32	64	prior-session	7	26121333	25287708	0.9680864295861165
32	64	prior-session	8	26584416	24763041	0.931487116361706
32	64	prior-session	9	26226167	24332625	0.9277995141264829
32	64	prior-session	10	26122416	24145708	0.9243290513404273
32	64	two-clean	0	22143083	23548833	1.0634848363256373
32	64	two-clean	1	21966792	23814125	1.084096621846285
32	64	two-clean	2	22648000	24012083	1.0602297333097845
32	64	two-clean	3	22188000	23593709	1.0633544708851632
32	64	two-clean	4	23056916	24393792	1.05798156180124
32	64	two-clean	5	22947625	24530334	1.0689704925891024
32	64	two-clean	6	22328792	23817959	1.0666926809117125
32	64	two-clean	7	21842125	23726959	1.0862935268431986
32	64	two-clean	8	21666041	23625666	1.090446842595747
32	64	two-clean	9	23129458	24827667	1.0734219107079812
32	64	two-clean	10	22604041	23792709	1.0525865264533896
128	64	prior-session	0	92432917	83910042	0.9077939409831672
128	64	prior-session	1	93112875	85006833	0.9129439188726586
128	64	prior-session	2	92083583	84185500	0.9142291954473578
128	64	prior-session	3	92422000	84029500	0.9091936984700613
128	64	prior-session	4	93359833	84712916	0.9073807576326749
128	64	prior-session	5	91048750	84436208	0.9273736102911901
128	64	prior-session	6	93546000	85521792	0.9142217946251042
128	64	prior-session	7	93260000	82667833	0.886423257559511
128	64	prior-session	8	93593250	85306875	0.9114639677540848
128	64	prior-session	9	90873625	83154875	0.9150606130216551
128	64	prior-session	10	90439083	83391792	0.9220769299485267
128	64	two-clean	0	77503375	83342917	1.0753456478508194
128	64	two-clean	1	77883625	83502083	1.0721391434977507
128	64	two-clean	2	77108167	85332417	1.1066586111429675
128	64	two-clean	3	78599333	83866750	1.0670160521591194
128	64	two-clean	4	79068333	85465125	1.080902072388449
128	64	two-clean	5	80309875	84173083	1.0481037730416092
128	64	two-clean	6	79016625	85150334	1.0776255503193157
128	64	two-clean	7	78984833	84990958	1.0760414977391926
128	64	two-clean	8	79389334	85807667	1.080846288495127
128	64	two-clean	9	79287625	84486584	1.0655708756568254
128	64	two-clean	10	81428458	84433792	1.0369076619380413
512	64	prior-session	0	359729375	328184000	0.9123080371181809
512	64	prior-session	1	353786375	327689500	0.926235500165884
512	64	prior-session	2	352531959	327493500	0.9289753500050757
512	64	prior-session	3	363737791	327732041	0.9010117978090432
512	64	prior-session	4	359275458	330069375	0.9187083828030358
512	64	prior-session	5	360825292	332222541	0.9207296394289345
512	64	prior-session	6	361298833	332779625	0.9210647657973476
512	64	prior-session	7	371716750	330093208	0.8880234963853526
512	64	prior-session	8	361886500	329465833	0.9104120573715793
512	64	prior-session	9	355466625	327637458	0.9217108863595844
512	64	prior-session	10	356902000	327440000	0.9174507287714835
512	64	two-clean	0	307848125	331912083	1.0781682785951676
512	64	two-clean	1	309865500	331351708	1.0693404331879477
512	64	two-clean	2	310768833	329724333	1.0609954988632981
512	64	two-clean	3	307649292	328488666	1.067737435261187
512	64	two-clean	4	309432125	326143000	1.05400497766675
512	64	two-clean	5	311565042	327539000	1.0512700587250092
512	64	two-clean	6	306525375	324206583	1.0576826894021416
512	64	two-clean	7	306230875	327709917	1.0701400275200859
512	64	two-clean	8	304666167	324716250	1.0658100083689306
512	64	two-clean	9	311288125	330457375	1.061580408825425
512	64	two-clean	10	309812625	329786458	1.06447068772617
