# status: intermediate RFC-0141 builtin candidate; adoption pending
# baseline_code: 49ea4a0
# candidate_c_sha256: d2b6ff8e33a8cdb1057b74c13a7c168e38f4835cf4219d837aa33661e3a17bdf
# All consumed analysis reports exact; C differences are injective private identifier renamings only.
fixture	baseline_C_bytes	candidate_C_bytes	renamed_tokens	analysis
conformance/pass/branch_moves.slim	4450	4450	0	exact
conformance/pass/computed_variant_match.slim	2484	2484	0	exact
conformance/pass/conditional_result_moves.slim	5177	5177	0	exact
conformance/pass/data.slim	3974	3974	0	exact
conformance/pass/decimal_literals.slim	5084	5084	0	exact
conformance/pass/enum_collection_scope.slim	4084	4084	0	exact
conformance/pass/enum_copyable_repeated.slim	2961	2961	0	exact
conformance/pass/enum_empty_case.slim	3579	3579	0	exact
conformance/pass/enum_multiple_payloads.slim	4087	4087	0	exact
conformance/pass/enum_owned_branches.slim	3993	3993	0	exact
conformance/pass/enum_owned_multiple.slim	3978	3978	0	exact
conformance/pass/enum_owned_transfer.slim	3281	3281	0	exact
conformance/pass/enum_scalar_case.slim	3898	3898	0	exact
conformance/pass/enum_scope_exit.slim	4209	4209	0	exact
conformance/pass/enum_unknown_shared.slim	3777	3777	0	exact
conformance/pass/exclusive_assignment.slim	4820	4820	0	exact
conformance/pass/exclusive_assignment_counted.slim	5687	5687	0	exact
conformance/pass/familiar_syntax.slim	7837	7837	0	exact
conformance/pass/field_fresh_owner_shared.slim	3246	3246	0	exact
conformance/pass/file_input.slim	4265	4265	0	exact
conformance/pass/inline_forward_layouts.slim	4509	4509	0	exact
conformance/pass/inout.slim	3214	3214	0	exact
conformance/pass/lifetimes.slim	8478	8478	0	exact
conformance/pass/loan_ends_at_call.slim	6225	6225	0	exact
conformance/pass/loan_independent_owner.slim	6255	6255	0	exact
conformance/pass/loan_mutation_before_borrow.slim	6119	6119	0	exact
conformance/pass/loan_scalar_before_mutation.slim	6174	6174	0	exact
conformance/pass/loan_scalar_field_before_mutation.slim	3441	3441	0	exact
conformance/pass/loan_shared_nesting.slim	6171	6171	0	exact
conformance/pass/loan_unknown_nested_shared.slim	3716	3716	0	exact
conformance/pass/local_loan_collection_scope.slim	3871	3871	0	exact
conformance/pass/local_loan_independent.slim	3380	3380	0	exact
conformance/pass/local_loan_initializer.slim	3123	3123	0	exact
conformance/pass/local_loan_scalar.slim	3328	3328	0	exact
conformance/pass/local_loan_scope_exit.slim	3354	3354	0	exact
conformance/pass/local_loan_shared.slim	2995	2995	0	exact
conformance/pass/local_loan_sibling_scopes.slim	3517	3517	0	exact
conformance/pass/local_loan_unknown_shared.slim	3495	3495	0	exact
conformance/pass/monotonic_clock.slim	1996	1996	0	exact
conformance/pass/multiline_call_arguments.slim	3919	3919	0	exact
conformance/pass/nested_calls.slim	2596	2596	0	exact
conformance/pass/ownership_modes.slim	6937	6937	0	exact
conformance/pass/parallel_owned_result.slim	7400	7400	0	exact
conformance/pass/planned_allocation_calls.slim	3479	3479	0	exact
conformance/pass/record_wide.slim	3700	3700	0	exact
conformance/pass/recur.slim	3178	3178	0	exact
conformance/pass/recursive_collection_layout.slim	2414	2414	0	exact
conformance/pass/reduction.slim	7837	7837	0	exact
conformance/pass/reduction_preserve.slim	2440	2440	0	exact
conformance/pass/reinit_branches.slim	5695	5695	0	exact
conformance/pass/reinit_enum.slim	6250	6250	0	exact
conformance/pass/reinit_results.slim	5756	5756	0	exact
conformance/pass/reinit_transfer.slim	5724	5724	0	exact
conformance/pass/replacement_counted.slim	6889	6889	0	exact
conformance/pass/replacement_fields.slim	5586	5586	0	exact
conformance/pass/replacement_nested_calls.slim	4313	4313	0	exact
conformance/pass/replacement_order.slim	6184	6184	0	exact
conformance/pass/replacement_result_alias.slim	2555	2555	0	exact
conformance/pass/replacement_scope.slim	3063	3063	0	exact
conformance/pass/replacement_types.slim	6218	6218	0	exact
conformance/pass/scalars.slim	3752	3752	0	exact
conformance/pass/shadowed_bindings.slim	9022	9022	0	exact
conformance/pass/shadowed_parallel.slim	4526	4526	0	exact
conformance/pass/shared_borrows.slim	3567	3567	0	exact
conformance/pass/storage.slim	5219	5219	0	exact
conformance/pass/structured_parallel.slim	4240	4240	0	exact
conformance/pass/tcp_exchange.slim	2380	2380	0	exact
conformance/pass/termination_declared.slim	3457	3457	0	exact
conformance/pass/termination_declared_run.slim	3593	3593	0	exact
conformance/pass/termination_proven.slim	2424	2424	0	exact
conformance/pass/typed_temporaries.slim	4114	4114	0	exact
conformance/pass/unused_enum_payload.slim	2590	2590	0	exact
conformance/pass/unused_function.slim	2100	2100	0	exact
conformance/pass/variant_local_match.slim	3147	3147	0	exact
conformance/pass/variant_wide.slim	4481	4481	0	exact
benchmarks/challenges/arena_sum/program.slim	5843	5843	0	exact
benchmarks/challenges/bfs/program.slim	5652	5652	0	exact
benchmarks/challenges/binary_search/program.slim	7588	7588	0	exact
benchmarks/challenges/bytefreq/program.slim	8000	8000	0	exact
benchmarks/challenges/edit_distance/program.slim	17814	17814	0	exact
benchmarks/challenges/floyd_warshall/program.slim	11781	11781	0	exact
benchmarks/challenges/game_of_life/program.slim	32540	32540	0	exact
benchmarks/challenges/gcd_fib/program.slim	3886	3886	0	exact
benchmarks/challenges/image_convolution/program.slim	14663	14663	0	exact
benchmarks/challenges/knapsack/program.slim	7914	7914	0	exact
benchmarks/challenges/matrix/program.slim	8701	8701	0	exact
benchmarks/challenges/merge_sort/program.slim	16608	16608	0	exact
benchmarks/challenges/n_queens/program.slim	14726	14726	0	exact
benchmarks/challenges/prefix_sum/program.slim	5252	5252	0	exact
benchmarks/challenges/records/program.slim	4950	4950	0	exact
benchmarks/challenges/sieve/program.slim	8722	8722	0	exact
benchmarks/challenges/signal_network/program.slim	13437	13437	0	exact
benchmarks/challenges/state_machine/program.slim	9347	9347	0	exact
benchmarks/challenges/union_find/program.slim	14213	14213	0	exact
benchmarks/challenges/variants/program.slim	5567	5567	0	exact
tests/fixtures/stable_codegen.slim	13833	13833	0	exact
