# baseline=49ea4a0; candidate_seed_sha256=59d895508fa9011dea2d833738e4ea6a7da72829412130de48d790685b001706; exact measured probe domain; root allocation attempts after ordinary success
# baseline_probe_c_sha256=f02a344e58f798258189f77501cefd18e7c054bcc645ae8584259a13a11cf1e7
# token-read_probe_c_sha256=121a208a59c8aa7d6c8e1f6032cb971db7afb9e4c192c882c1a930ed21daa7e3
variant	fail_at	status	stdout	stderr
baseline	0	0	0 1 29	retained-allocations 569
baseline	512	71		SLIM allocation failure: exhausted at allocation 512
baseline	569	71		SLIM allocation failure: exhausted at allocation 569
baseline	570	0	0 1 29	retained-allocations 569
token-read	0	0	0 1 29	retained-allocations 572
token-read	512	71		SLIM allocation failure: exhausted at allocation 512
token-read	572	71		SLIM allocation failure: exhausted at allocation 572
token-read	573	0	0 1 29	retained-allocations 572
