# O2 diagnostic executables; no sanitizers; same runtime. Allocation attempts read from root SlimAllocStatus after successful shutdown, including realloc. Peak RSS getrusage RUSAGE_SELF, normalized to bytes; three alternating samples. Complete processes, not retained live memory; no latency claim.
# compiler_baseline_observer_c_sha256=c0dbe2bd7fe69b1b4899d475e643a8025d8c08ef67a7d452ab9d47b00875776a
# compiler_candidate_observer_c_sha256=a7e684862eab02714c9ac9bf3f4e9ad02e89a6a9d314634a408237f62ec635cf
# session_baseline_observer_c_sha256=f32e7054b70fb55311d688848cbcf81f4c24ef8403cb2f7523242dcaed1e527a
# session_candidate_observer_c_sha256=6dcfadc9759ec40c13ef438214f7f0f113c6366f7805e08b856554eb5d1395ec
domain	shape	size	operation	sample	variant	allocation_attempts	peak_rss_bytes
compiler	spine	125	check	0	baseline	210	2195456
compiler	spine	125	check	0	candidate	215	2195456
compiler	spine	125	check	1	candidate	215	2228224
compiler	spine	125	check	1	baseline	210	2195456
compiler	spine	125	check	2	baseline	210	2195456
compiler	spine	125	check	2	candidate	215	2195456
compiler	spine	125	emit	0	baseline	362	2883584
compiler	spine	125	emit	0	candidate	367	2932736
compiler	spine	125	emit	1	candidate	367	2932736
compiler	spine	125	emit	1	baseline	362	2883584
compiler	spine	125	emit	2	baseline	362	2883584
compiler	spine	125	emit	2	candidate	367	2932736
compiler	spine	500	check	0	baseline	605	3178496
compiler	spine	500	check	0	candidate	612	3031040
compiler	spine	500	check	1	candidate	612	3031040
compiler	spine	500	check	1	baseline	605	3178496
compiler	spine	500	check	2	baseline	605	3178496
compiler	spine	500	check	2	candidate	612	3031040
compiler	spine	500	emit	0	baseline	793	5406720
compiler	spine	500	emit	0	candidate	800	5439488
compiler	spine	500	emit	1	candidate	800	5439488
compiler	spine	500	emit	1	baseline	793	5406720
compiler	spine	500	emit	2	baseline	793	5439488
compiler	spine	500	emit	2	candidate	800	5488640
compiler	spine	2000	check	0	baseline	2125	6684672
compiler	spine	2000	check	0	candidate	2134	5898240
compiler	spine	2000	check	1	candidate	2134	5898240
compiler	spine	2000	check	1	baseline	2125	6684672
compiler	spine	2000	check	2	baseline	2125	6684672
compiler	spine	2000	check	2	candidate	2134	5898240
compiler	spine	2000	emit	0	baseline	2349	15466496
compiler	spine	2000	emit	0	candidate	2358	15187968
compiler	spine	2000	emit	1	candidate	2358	15187968
compiler	spine	2000	emit	1	baseline	2349	15466496
compiler	spine	2000	emit	2	baseline	2349	15466496
compiler	spine	2000	emit	2	candidate	2358	15187968
compiler	spine	4000	check	0	baseline	4135	11419648
compiler	spine	4000	check	0	candidate	4145	9682944
compiler	spine	4000	check	1	candidate	4145	9682944
compiler	spine	4000	check	1	baseline	4135	11419648
compiler	spine	4000	check	2	baseline	4135	11419648
compiler	spine	4000	check	2	candidate	4145	9666560
compiler	spine	4000	emit	0	baseline	4377	28835840
compiler	spine	4000	emit	0	candidate	4387	28327936
compiler	spine	4000	emit	1	candidate	4387	28327936
compiler	spine	4000	emit	1	baseline	4377	28409856
compiler	spine	4000	emit	2	baseline	4377	28409856
compiler	spine	4000	emit	2	candidate	4387	28426240
compiler	functions	125	check	0	baseline	1201	2818048
compiler	functions	125	check	0	candidate	1201	2850816
compiler	functions	125	check	1	candidate	1201	2834432
compiler	functions	125	check	1	baseline	1201	2818048
compiler	functions	125	check	2	baseline	1201	2818048
compiler	functions	125	check	2	candidate	1201	2850816
compiler	functions	125	emit	0	baseline	1391	4587520
compiler	functions	125	emit	0	candidate	1391	4603904
compiler	functions	125	emit	1	candidate	1391	4603904
compiler	functions	125	emit	1	baseline	1391	4587520
compiler	functions	125	emit	2	baseline	1391	4587520
compiler	functions	125	emit	2	candidate	1391	4603904
compiler	functions	500	check	0	baseline	4590	5341184
compiler	functions	500	check	0	candidate	4590	5373952
compiler	functions	500	check	1	candidate	4590	5373952
compiler	functions	500	check	1	baseline	4590	5341184
compiler	functions	500	check	2	baseline	4590	5341184
compiler	functions	500	check	2	candidate	4590	5373952
compiler	functions	500	emit	0	baseline	4816	11370496
compiler	functions	500	emit	0	candidate	4816	11386880
compiler	functions	500	emit	1	candidate	4816	11386880
compiler	functions	500	emit	1	baseline	4816	11370496
compiler	functions	500	emit	2	baseline	4816	11370496
compiler	functions	500	emit	2	candidate	4816	11386880
compiler	functions	2000	check	0	baseline	18106	15941632
compiler	functions	2000	check	0	candidate	18106	15974400
compiler	functions	2000	check	1	candidate	18106	15974400
compiler	functions	2000	check	1	baseline	18106	15941632
compiler	functions	2000	check	2	baseline	18106	15941632
compiler	functions	2000	check	2	candidate	18106	15974400
compiler	functions	2000	emit	0	baseline	18368	37961728
compiler	functions	2000	emit	0	candidate	18368	37994496
compiler	functions	2000	emit	1	candidate	18368	37994496
compiler	functions	2000	emit	1	baseline	18368	37978112
compiler	functions	2000	emit	2	baseline	18368	37978112
compiler	functions	2000	emit	2	candidate	18368	39419904
compiler	functions	4000	check	0	baseline	36114	27820032
compiler	functions	4000	check	0	candidate	36114	27869184
compiler	functions	4000	check	1	candidate	36114	27869184
compiler	functions	4000	check	1	baseline	36114	27836416
compiler	functions	4000	check	2	baseline	36114	27820032
compiler	functions	4000	check	2	candidate	36114	27869184
compiler	functions	4000	emit	0	baseline	36394	73990144
compiler	functions	4000	emit	0	candidate	36394	76447744
compiler	functions	4000	emit	1	candidate	36394	74022912
compiler	functions	4000	emit	1	baseline	36394	73990144
compiler	functions	4000	emit	2	baseline	36394	73990144
compiler	functions	4000	emit	2	candidate	36394	74006528
compiler	assignments	125	check	0	baseline	190	2031616
compiler	assignments	125	check	0	candidate	195	2031616
compiler	assignments	125	check	1	candidate	195	2031616
compiler	assignments	125	check	1	baseline	190	2031616
compiler	assignments	125	check	2	baseline	190	2031616
compiler	assignments	125	check	2	candidate	195	2031616
compiler	assignments	125	emit	0	baseline	340	2850816
compiler	assignments	125	emit	0	candidate	345	2883584
compiler	assignments	125	emit	1	candidate	345	2883584
compiler	assignments	125	emit	1	baseline	340	2850816
compiler	assignments	125	emit	2	baseline	340	2850816
compiler	assignments	125	emit	2	candidate	345	2867200
compiler	assignments	500	check	0	baseline	575	2883584
compiler	assignments	500	check	0	candidate	582	2801664
compiler	assignments	500	check	1	candidate	582	2801664
compiler	assignments	500	check	1	baseline	575	2883584
compiler	assignments	500	check	2	baseline	575	2883584
compiler	assignments	500	check	2	candidate	582	2801664
compiler	assignments	500	emit	0	baseline	760	5210112
compiler	assignments	500	emit	0	candidate	767	5275648
compiler	assignments	500	emit	1	candidate	767	5275648
compiler	assignments	500	emit	1	baseline	760	5210112
compiler	assignments	500	emit	2	baseline	760	5210112
compiler	assignments	500	emit	2	candidate	767	5275648
compiler	assignments	2000	check	0	baseline	2085	5996544
compiler	assignments	2000	check	0	candidate	2094	5406720
compiler	assignments	2000	check	1	candidate	2094	5406720
compiler	assignments	2000	check	1	baseline	2085	5996544
compiler	assignments	2000	check	2	baseline	2085	5996544
compiler	assignments	2000	check	2	candidate	2094	5406720
compiler	assignments	2000	emit	0	baseline	2306	14090240
compiler	assignments	2000	emit	0	candidate	2315	14155776
compiler	assignments	2000	emit	1	candidate	2315	14925824
compiler	assignments	2000	emit	1	baseline	2306	14090240
compiler	assignments	2000	emit	2	baseline	2306	14090240
compiler	assignments	2000	emit	2	candidate	2315	14155776
compiler	assignments	4000	check	0	baseline	4090	10092544
compiler	assignments	4000	check	0	candidate	4100	8830976
compiler	assignments	4000	check	1	candidate	4100	8830976
compiler	assignments	4000	check	1	baseline	4090	10092544
compiler	assignments	4000	check	2	baseline	4090	10092544
compiler	assignments	4000	check	2	candidate	4100	8830976
compiler	assignments	4000	emit	0	baseline	4329	26050560
compiler	assignments	4000	emit	0	candidate	4339	26836992
compiler	assignments	4000	emit	1	candidate	4339	26836992
compiler	assignments	4000	emit	1	baseline	4329	26050560
compiler	assignments	4000	emit	2	baseline	4329	26050560
compiler	assignments	4000	emit	2	candidate	4339	26820608
compiler	branches	125	check	0	baseline	843	2932736
compiler	branches	125	check	0	candidate	848	2965504
compiler	branches	125	check	1	candidate	848	2965504
compiler	branches	125	check	1	baseline	843	2932736
compiler	branches	125	check	2	baseline	843	2932736
compiler	branches	125	check	2	candidate	848	2965504
compiler	branches	125	emit	0	baseline	1029	5455872
compiler	branches	125	emit	0	candidate	1034	5505024
compiler	branches	125	emit	1	candidate	1034	5505024
compiler	branches	125	emit	1	baseline	1029	5455872
compiler	branches	125	emit	2	baseline	1029	5455872
compiler	branches	125	emit	2	candidate	1034	5505024
compiler	branches	500	check	0	baseline	3109	5832704
compiler	branches	500	check	0	candidate	3116	5799936
compiler	branches	500	check	1	candidate	3116	5783552
compiler	branches	500	check	1	baseline	3109	5832704
compiler	branches	500	check	2	baseline	3109	5832704
compiler	branches	500	check	2	candidate	3116	5799936
compiler	branches	500	emit	0	baseline	3331	14958592
compiler	branches	500	emit	0	candidate	3338	15007744
compiler	branches	500	emit	1	candidate	3338	15007744
compiler	branches	500	emit	1	baseline	3331	14958592
compiler	branches	500	emit	2	baseline	3331	14958592
compiler	branches	500	emit	2	candidate	3338	15007744
compiler	branches	2000	check	0	baseline	12127	17661952
compiler	branches	2000	check	0	candidate	12136	17350656
compiler	branches	2000	check	1	candidate	12136	17350656
compiler	branches	2000	check	1	baseline	12127	17661952
compiler	branches	2000	check	2	baseline	12127	17661952
compiler	branches	2000	check	2	candidate	12136	17334272
compiler	branches	2000	emit	0	baseline	12385	51691520
compiler	branches	2000	emit	0	candidate	12394	52002816
compiler	branches	2000	emit	1	candidate	12394	51953664
compiler	branches	2000	emit	1	baseline	12385	51691520
compiler	branches	2000	emit	2	baseline	12385	51691520
compiler	branches	2000	emit	2	candidate	12394	51937280
compiler	branches	4000	check	0	baseline	24136	31768576
compiler	branches	4000	check	0	candidate	24146	31342592
compiler	branches	4000	check	1	candidate	24146	31293440
compiler	branches	4000	check	1	baseline	24136	31768576
compiler	branches	4000	check	2	baseline	24136	31784960
compiler	branches	4000	check	2	candidate	24146	31309824
compiler	branches	4000	emit	0	baseline	24412	102121472
compiler	branches	4000	emit	0	candidate	24422	101761024
compiler	branches	4000	emit	1	candidate	24422	101761024
compiler	branches	4000	emit	1	baseline	24412	101990400
compiler	branches	4000	emit	2	baseline	24412	104939520
compiler	branches	4000	emit	2	candidate	24422	101761024
compiler	branch_functions	125	check	0	baseline	1577	3080192
compiler	branch_functions	125	check	0	candidate	1577	3112960
compiler	branch_functions	125	check	1	candidate	1577	3112960
compiler	branch_functions	125	check	1	baseline	1577	3080192
compiler	branch_functions	125	check	2	baseline	1577	3080192
compiler	branch_functions	125	check	2	candidate	1577	3112960
compiler	branch_functions	125	emit	0	baseline	1767	5373952
compiler	branch_functions	125	emit	0	candidate	1767	5390336
compiler	branch_functions	125	emit	1	candidate	1767	5390336
compiler	branch_functions	125	emit	1	baseline	1767	5373952
compiler	branch_functions	125	emit	2	baseline	1767	5373952
compiler	branch_functions	125	emit	2	candidate	1767	5390336
compiler	branch_functions	500	check	0	baseline	6091	6488064
compiler	branch_functions	500	check	0	candidate	6091	6520832
compiler	branch_functions	500	check	1	candidate	6091	6520832
compiler	branch_functions	500	check	1	baseline	6091	6488064
compiler	branch_functions	500	check	2	baseline	6091	6488064
compiler	branch_functions	500	check	2	candidate	6091	6520832
compiler	branch_functions	500	emit	0	baseline	6317	15777792
compiler	branch_functions	500	emit	0	candidate	6317	15253504
compiler	branch_functions	500	emit	1	candidate	6317	15253504
compiler	branch_functions	500	emit	1	baseline	6317	15237120
compiler	branch_functions	500	emit	2	baseline	6317	15237120
compiler	branch_functions	500	emit	2	candidate	6317	15253504
compiler	branch_functions	2000	check	0	baseline	24107	18825216
compiler	branch_functions	2000	check	0	candidate	24107	18857984
compiler	branch_functions	2000	check	1	candidate	24107	21331968
compiler	branch_functions	2000	check	1	baseline	24107	18808832
compiler	branch_functions	2000	check	2	baseline	24107	18808832
compiler	branch_functions	2000	check	2	candidate	24107	18841600
compiler	branch_functions	2000	emit	0	baseline	24369	52789248
compiler	branch_functions	2000	emit	0	candidate	24369	52838400
compiler	branch_functions	2000	emit	1	candidate	24369	52822016
compiler	branch_functions	2000	emit	1	baseline	24369	52805632
compiler	branch_functions	2000	emit	2	baseline	24369	52822016
compiler	branch_functions	2000	emit	2	candidate	24369	52838400
compiler	branch_functions	4000	check	0	baseline	48115	38289408
compiler	branch_functions	4000	check	0	candidate	48115	38322176
compiler	branch_functions	4000	check	1	candidate	48115	38322176
compiler	branch_functions	4000	check	1	baseline	48115	38289408
compiler	branch_functions	4000	check	2	baseline	48115	38289408
compiler	branch_functions	4000	check	2	candidate	48115	38305792
compiler	branch_functions	4000	emit	0	baseline	48395	103170048
compiler	branch_functions	4000	emit	0	candidate	48395	103202816
compiler	branch_functions	4000	emit	1	candidate	48395	103202816
compiler	branch_functions	4000	emit	1	baseline	48395	103186432
compiler	branch_functions	4000	emit	2	baseline	48395	103186432
compiler	branch_functions	4000	emit	2	candidate	48395	103202816
compiler	projection_functions	125	check	0	baseline	1203	2785280
compiler	projection_functions	125	check	0	candidate	1203	2818048
compiler	projection_functions	125	check	1	candidate	1203	2818048
compiler	projection_functions	125	check	1	baseline	1203	2785280
compiler	projection_functions	125	check	2	baseline	1203	2785280
compiler	projection_functions	125	check	2	candidate	1203	2818048
compiler	projection_functions	125	emit	0	baseline	1393	4554752
compiler	projection_functions	125	emit	0	candidate	1393	4571136
compiler	projection_functions	125	emit	1	candidate	1393	4571136
compiler	projection_functions	125	emit	1	baseline	1393	4554752
compiler	projection_functions	125	emit	2	baseline	1393	4554752
compiler	projection_functions	125	emit	2	candidate	1393	4571136
compiler	projection_functions	500	check	0	baseline	4594	5226496
compiler	projection_functions	500	check	0	candidate	4594	5259264
compiler	projection_functions	500	check	1	candidate	4594	5259264
compiler	projection_functions	500	check	1	baseline	4594	5226496
compiler	projection_functions	500	check	2	baseline	4594	5226496
compiler	projection_functions	500	check	2	candidate	4594	5259264
compiler	projection_functions	500	emit	0	baseline	4820	12009472
compiler	projection_functions	500	emit	0	candidate	4820	12025856
compiler	projection_functions	500	emit	1	candidate	4820	12025856
compiler	projection_functions	500	emit	1	baseline	4820	12009472
compiler	projection_functions	500	emit	2	baseline	4820	12009472
compiler	projection_functions	500	emit	2	candidate	4820	12025856
compiler	projection_functions	2000	check	0	baseline	18108	15482880
compiler	projection_functions	2000	check	0	candidate	18108	16728064
compiler	projection_functions	2000	check	1	candidate	18108	17235968
compiler	projection_functions	2000	check	1	baseline	18108	15466496
compiler	projection_functions	2000	check	2	baseline	18108	15482880
compiler	projection_functions	2000	check	2	candidate	18108	15499264
compiler	projection_functions	2000	emit	0	baseline	18370	39731200
compiler	projection_functions	2000	emit	0	candidate	18370	39731200
compiler	projection_functions	2000	emit	1	candidate	18370	39747584
compiler	projection_functions	2000	emit	1	baseline	18370	39731200
compiler	projection_functions	2000	emit	2	baseline	18370	39714816
compiler	projection_functions	2000	emit	2	candidate	18370	41205760
compiler	projection_functions	4000	check	0	baseline	36116	26951680
compiler	projection_functions	4000	check	0	candidate	36116	26968064
compiler	projection_functions	4000	check	1	candidate	36116	26984448
compiler	projection_functions	4000	check	1	baseline	36116	26935296
compiler	projection_functions	4000	check	2	baseline	36116	26935296
compiler	projection_functions	4000	check	2	candidate	36116	29409280
compiler	projection_functions	4000	emit	0	baseline	36396	77758464
compiler	projection_functions	4000	emit	0	candidate	36396	77791232
compiler	projection_functions	4000	emit	1	candidate	36396	77774848
compiler	projection_functions	4000	emit	1	baseline	36396	77758464
compiler	projection_functions	4000	emit	2	baseline	36396	77774848
compiler	projection_functions	4000	emit	2	candidate	36396	77774848
compiler	builtin_functions	125	check	0	baseline	1201	2801664
compiler	builtin_functions	125	check	0	candidate	1201	2818048
compiler	builtin_functions	125	check	1	candidate	1201	2818048
compiler	builtin_functions	125	check	1	baseline	1201	2801664
compiler	builtin_functions	125	check	2	baseline	1201	2801664
compiler	builtin_functions	125	check	2	candidate	1201	2818048
compiler	builtin_functions	125	emit	0	baseline	1391	4800512
compiler	builtin_functions	125	emit	0	candidate	1391	4816896
compiler	builtin_functions	125	emit	1	candidate	1391	4816896
compiler	builtin_functions	125	emit	1	baseline	1391	4800512
compiler	builtin_functions	125	emit	2	baseline	1391	4800512
compiler	builtin_functions	125	emit	2	candidate	1391	4816896
compiler	builtin_functions	500	check	0	baseline	4590	5308416
compiler	builtin_functions	500	check	0	candidate	4590	5324800
compiler	builtin_functions	500	check	1	candidate	4590	5324800
compiler	builtin_functions	500	check	1	baseline	4590	5308416
compiler	builtin_functions	500	check	2	baseline	4590	5308416
compiler	builtin_functions	500	check	2	candidate	4590	5324800
compiler	builtin_functions	500	emit	0	baseline	4816	12320768
compiler	builtin_functions	500	emit	0	candidate	4816	12337152
compiler	builtin_functions	500	emit	1	candidate	4816	12337152
compiler	builtin_functions	500	emit	1	baseline	4816	12320768
compiler	builtin_functions	500	emit	2	baseline	4816	12320768
compiler	builtin_functions	500	emit	2	candidate	4816	12337152
compiler	builtin_functions	2000	check	0	baseline	18106	15712256
compiler	builtin_functions	2000	check	0	candidate	18106	15745024
compiler	builtin_functions	2000	check	1	candidate	18106	17006592
compiler	builtin_functions	2000	check	1	baseline	18106	15728640
compiler	builtin_functions	2000	check	2	baseline	18106	15728640
compiler	builtin_functions	2000	check	2	candidate	18106	15761408
compiler	builtin_functions	2000	emit	0	baseline	18368	41205760
compiler	builtin_functions	2000	emit	0	candidate	18368	41205760
compiler	builtin_functions	2000	emit	1	candidate	18368	41222144
compiler	builtin_functions	2000	emit	1	baseline	18368	41205760
compiler	builtin_functions	2000	emit	2	baseline	18368	41205760
compiler	builtin_functions	2000	emit	2	candidate	18368	41222144
compiler	builtin_functions	4000	check	0	baseline	36114	27426816
compiler	builtin_functions	4000	check	0	candidate	36114	27443200
compiler	builtin_functions	4000	check	1	candidate	36114	27459584
compiler	builtin_functions	4000	check	1	baseline	36114	27426816
compiler	builtin_functions	4000	check	2	baseline	36114	27426816
compiler	builtin_functions	4000	check	2	candidate	36114	27459584
compiler	builtin_functions	4000	emit	0	baseline	36394	83394560
compiler	builtin_functions	4000	emit	0	candidate	36394	80723968
compiler	builtin_functions	4000	emit	1	candidate	36394	80723968
compiler	builtin_functions	4000	emit	1	baseline	36394	80691200
compiler	builtin_functions	4000	emit	2	baseline	36394	80707584
compiler	builtin_functions	4000	emit	2	candidate	36394	80707584
compiler	call_functions	125	check	0	baseline	1209	2818048
compiler	call_functions	125	check	0	candidate	1209	2818048
compiler	call_functions	125	check	1	candidate	1209	2834432
compiler	call_functions	125	check	1	baseline	1209	2818048
compiler	call_functions	125	check	2	baseline	1209	2818048
compiler	call_functions	125	check	2	candidate	1209	2834432
compiler	call_functions	125	emit	0	baseline	1403	4587520
compiler	call_functions	125	emit	0	candidate	1403	4603904
compiler	call_functions	125	emit	1	candidate	1403	4603904
compiler	call_functions	125	emit	1	baseline	1403	4587520
compiler	call_functions	125	emit	2	baseline	1403	4587520
compiler	call_functions	125	emit	2	candidate	1403	4603904
compiler	call_functions	500	check	0	baseline	4600	5308416
compiler	call_functions	500	check	0	candidate	4600	5324800
compiler	call_functions	500	check	1	candidate	4600	5324800
compiler	call_functions	500	check	1	baseline	4600	5308416
compiler	call_functions	500	check	2	baseline	4600	5308416
compiler	call_functions	500	check	2	candidate	4600	5324800
compiler	call_functions	500	emit	0	baseline	4830	12091392
compiler	call_functions	500	emit	0	candidate	4830	12107776
compiler	call_functions	500	emit	1	candidate	4830	12107776
compiler	call_functions	500	emit	1	baseline	4830	12091392
compiler	call_functions	500	emit	2	baseline	4830	12091392
compiler	call_functions	500	emit	2	candidate	4830	12107776
compiler	call_functions	2000	check	0	baseline	18114	15761408
compiler	call_functions	2000	check	0	candidate	18114	15761408
compiler	call_functions	2000	check	1	candidate	18114	15761408
compiler	call_functions	2000	check	1	baseline	18114	15761408
compiler	call_functions	2000	check	2	baseline	18114	15761408
compiler	call_functions	2000	check	2	candidate	18114	15761408
compiler	call_functions	2000	emit	0	baseline	18380	42696704
compiler	call_functions	2000	emit	0	candidate	18380	40026112
compiler	call_functions	2000	emit	1	candidate	18380	40026112
compiler	call_functions	2000	emit	1	baseline	18380	40009728
compiler	call_functions	2000	emit	2	baseline	18380	40009728
compiler	call_functions	2000	emit	2	candidate	18380	40009728
compiler	call_functions	4000	check	0	baseline	36122	27426816
compiler	call_functions	4000	check	0	candidate	36122	27426816
compiler	call_functions	4000	check	1	candidate	36122	27443200
compiler	call_functions	4000	check	1	baseline	36122	27410432
compiler	call_functions	4000	check	2	baseline	36122	27426816
compiler	call_functions	4000	check	2	candidate	36122	27443200
compiler	call_functions	4000	emit	0	baseline	36406	78233600
compiler	call_functions	4000	emit	0	candidate	36406	78266368
compiler	call_functions	4000	emit	1	candidate	36406	78266368
compiler	call_functions	4000	emit	1	baseline	36406	78233600
compiler	call_functions	4000	emit	2	baseline	36406	78249984
compiler	call_functions	4000	emit	2	candidate	36406	80969728
compiler	aggregate_functions	125	check	0	baseline	1203	2818048
compiler	aggregate_functions	125	check	0	candidate	1203	2850816
compiler	aggregate_functions	125	check	1	candidate	1203	2850816
compiler	aggregate_functions	125	check	1	baseline	1203	2818048
compiler	aggregate_functions	125	check	2	baseline	1203	2818048
compiler	aggregate_functions	125	check	2	candidate	1203	2850816
compiler	aggregate_functions	125	emit	0	baseline	1393	4849664
compiler	aggregate_functions	125	emit	0	candidate	1393	4866048
compiler	aggregate_functions	125	emit	1	candidate	1393	4866048
compiler	aggregate_functions	125	emit	1	baseline	1393	4849664
compiler	aggregate_functions	125	emit	2	baseline	1393	4849664
compiler	aggregate_functions	125	emit	2	candidate	1393	4866048
compiler	aggregate_functions	500	check	0	baseline	4594	5406720
compiler	aggregate_functions	500	check	0	candidate	4594	5439488
compiler	aggregate_functions	500	check	1	candidate	4594	5439488
compiler	aggregate_functions	500	check	1	baseline	4594	5406720
compiler	aggregate_functions	500	check	2	baseline	4594	5406720
compiler	aggregate_functions	500	check	2	candidate	4594	5439488
compiler	aggregate_functions	500	emit	0	baseline	4820	12943360
compiler	aggregate_functions	500	emit	0	candidate	4820	12959744
compiler	aggregate_functions	500	emit	1	candidate	4820	12959744
compiler	aggregate_functions	500	emit	1	baseline	4820	12943360
compiler	aggregate_functions	500	emit	2	baseline	4820	12943360
compiler	aggregate_functions	500	emit	2	candidate	4820	12959744
compiler	aggregate_functions	2000	check	0	baseline	18108	16171008
compiler	aggregate_functions	2000	check	0	candidate	18108	16220160
compiler	aggregate_functions	2000	check	1	candidate	18108	16203776
compiler	aggregate_functions	2000	check	1	baseline	18108	16187392
compiler	aggregate_functions	2000	check	2	baseline	18108	16187392
compiler	aggregate_functions	2000	check	2	candidate	18108	16203776
compiler	aggregate_functions	2000	emit	0	baseline	18370	44138496
compiler	aggregate_functions	2000	emit	0	candidate	18370	44138496
compiler	aggregate_functions	2000	emit	1	candidate	18370	44138496
compiler	aggregate_functions	2000	emit	1	baseline	18370	44138496
compiler	aggregate_functions	2000	emit	2	baseline	18370	44122112
compiler	aggregate_functions	2000	emit	2	candidate	18370	44138496
compiler	aggregate_functions	4000	check	0	baseline	36116	28311552
compiler	aggregate_functions	4000	check	0	candidate	36116	28360704
compiler	aggregate_functions	4000	check	1	candidate	36116	28344320
compiler	aggregate_functions	4000	check	1	baseline	36116	28311552
compiler	aggregate_functions	4000	check	2	baseline	36116	28311552
compiler	aggregate_functions	4000	check	2	candidate	36116	28360704
compiler	aggregate_functions	4000	emit	0	baseline	36396	86294528
compiler	aggregate_functions	4000	emit	0	candidate	36396	86294528
compiler	aggregate_functions	4000	emit	1	candidate	36396	86294528
compiler	aggregate_functions	4000	emit	1	baseline	36396	86278144
compiler	aggregate_functions	4000	emit	2	baseline	36396	88965120
compiler	aggregate_functions	4000	emit	2	candidate	36396	86310912
compiler	recurrence_functions	125	check	0	baseline	1202	2850816
compiler	recurrence_functions	125	check	0	candidate	1202	2883584
compiler	recurrence_functions	125	check	1	candidate	1202	2867200
compiler	recurrence_functions	125	check	1	baseline	1202	2850816
compiler	recurrence_functions	125	check	2	baseline	1202	2850816
compiler	recurrence_functions	125	check	2	candidate	1202	2867200
compiler	recurrence_functions	125	emit	0	baseline	1392	4636672
compiler	recurrence_functions	125	emit	0	candidate	1392	4653056
compiler	recurrence_functions	125	emit	1	candidate	1392	4653056
compiler	recurrence_functions	125	emit	1	baseline	1392	4636672
compiler	recurrence_functions	125	emit	2	baseline	1392	4636672
compiler	recurrence_functions	125	emit	2	candidate	1392	4653056
compiler	recurrence_functions	500	check	0	baseline	4591	5521408
compiler	recurrence_functions	500	check	0	candidate	4591	5554176
compiler	recurrence_functions	500	check	1	candidate	4591	5554176
compiler	recurrence_functions	500	check	1	baseline	4591	5521408
compiler	recurrence_functions	500	check	2	baseline	4591	5521408
compiler	recurrence_functions	500	check	2	candidate	4591	5554176
compiler	recurrence_functions	500	emit	0	baseline	4817	12288000
compiler	recurrence_functions	500	emit	0	candidate	4817	12304384
compiler	recurrence_functions	500	emit	1	candidate	4817	12304384
compiler	recurrence_functions	500	emit	1	baseline	4817	12288000
compiler	recurrence_functions	500	emit	2	baseline	4817	12288000
compiler	recurrence_functions	500	emit	2	candidate	4817	12304384
compiler	recurrence_functions	2000	check	0	baseline	18107	15040512
compiler	recurrence_functions	2000	check	0	candidate	18107	15056896
compiler	recurrence_functions	2000	check	1	candidate	18107	15073280
compiler	recurrence_functions	2000	check	1	baseline	18107	15040512
compiler	recurrence_functions	2000	check	2	baseline	18107	15040512
compiler	recurrence_functions	2000	check	2	candidate	18107	15073280
compiler	recurrence_functions	2000	emit	0	baseline	18369	40402944
compiler	recurrence_functions	2000	emit	0	candidate	18369	40402944
compiler	recurrence_functions	2000	emit	1	candidate	18369	40402944
compiler	recurrence_functions	2000	emit	1	baseline	18369	40386560
compiler	recurrence_functions	2000	emit	2	baseline	18369	40402944
compiler	recurrence_functions	2000	emit	2	candidate	18369	40402944
compiler	recurrence_functions	4000	check	0	baseline	36115	30752768
compiler	recurrence_functions	4000	check	0	candidate	36115	30785536
compiler	recurrence_functions	4000	check	1	candidate	36115	30785536
compiler	recurrence_functions	4000	check	1	baseline	36115	30752768
compiler	recurrence_functions	4000	check	2	baseline	36115	30752768
compiler	recurrence_functions	4000	check	2	candidate	36115	30785536
compiler	recurrence_functions	4000	emit	0	baseline	36395	78938112
compiler	recurrence_functions	4000	emit	0	candidate	36395	78938112
compiler	recurrence_functions	4000	emit	1	candidate	36395	78938112
compiler	recurrence_functions	4000	emit	1	baseline	36395	78921728
compiler	recurrence_functions	4000	emit	2	baseline	36395	78921728
compiler	recurrence_functions	4000	emit	2	candidate	36395	78938112
compiler	nested-bindings	8	check	0	baseline	61	1687552
compiler	nested-bindings	8	check	0	candidate	62	1720320
compiler	nested-bindings	8	check	1	candidate	62	1720320
compiler	nested-bindings	8	check	1	baseline	61	1687552
compiler	nested-bindings	8	check	2	baseline	61	1687552
compiler	nested-bindings	8	check	2	candidate	62	1720320
compiler	nested-bindings	8	emit	0	baseline	159	1982464
compiler	nested-bindings	8	emit	0	candidate	160	1998848
compiler	nested-bindings	8	emit	1	candidate	160	1998848
compiler	nested-bindings	8	emit	1	baseline	159	1982464
compiler	nested-bindings	8	emit	2	baseline	159	1982464
compiler	nested-bindings	8	emit	2	candidate	160	1998848
compiler	nested-bindings	32	check	0	baseline	101	1769472
compiler	nested-bindings	32	check	0	candidate	104	1785856
compiler	nested-bindings	32	check	1	candidate	104	1785856
compiler	nested-bindings	32	check	1	baseline	101	1769472
compiler	nested-bindings	32	check	2	baseline	101	1769472
compiler	nested-bindings	32	check	2	candidate	104	1785856
compiler	nested-bindings	32	emit	0	baseline	217	2179072
compiler	nested-bindings	32	emit	0	candidate	220	2195456
compiler	nested-bindings	32	emit	1	candidate	220	2195456
compiler	nested-bindings	32	emit	1	baseline	217	2179072
compiler	nested-bindings	32	emit	2	baseline	217	2179072
compiler	nested-bindings	32	emit	2	candidate	220	2195456
compiler	nested-bindings	128	check	0	baseline	217	2195456
compiler	nested-bindings	128	check	0	candidate	222	2211840
compiler	nested-bindings	128	check	1	candidate	222	2211840
compiler	nested-bindings	128	check	1	baseline	217	2195456
compiler	nested-bindings	128	check	2	baseline	217	2195456
compiler	nested-bindings	128	check	2	candidate	222	2211840
compiler	nested-bindings	128	emit	0	baseline	368	2899968
compiler	nested-bindings	128	emit	0	candidate	373	2949120
compiler	nested-bindings	128	emit	1	candidate	373	2949120
compiler	nested-bindings	128	emit	1	baseline	368	2899968
compiler	nested-bindings	128	emit	2	baseline	368	2899968
compiler	nested-bindings	128	emit	2	candidate	373	2949120
compiler	nested-bindings	512	check	0	baseline	621	3194880
compiler	nested-bindings	512	check	0	candidate	628	3063808
compiler	nested-bindings	512	check	1	candidate	628	3063808
compiler	nested-bindings	512	check	1	baseline	621	3194880
compiler	nested-bindings	512	check	2	baseline	621	3194880
compiler	nested-bindings	512	check	2	candidate	628	3063808
compiler	nested-bindings	512	emit	0	baseline	808	5488640
compiler	nested-bindings	512	emit	0	candidate	815	5554176
compiler	nested-bindings	512	emit	1	candidate	815	5554176
compiler	nested-bindings	512	emit	1	baseline	808	5488640
compiler	nested-bindings	512	emit	2	baseline	808	5505024
compiler	nested-bindings	512	emit	2	candidate	815	5554176
compiler	nested-assignments	8	check	0	baseline	58	1687552
compiler	nested-assignments	8	check	0	candidate	59	1720320
compiler	nested-assignments	8	check	1	candidate	59	1720320
compiler	nested-assignments	8	check	1	baseline	58	1687552
compiler	nested-assignments	8	check	2	baseline	58	1687552
compiler	nested-assignments	8	check	2	candidate	59	1720320
compiler	nested-assignments	8	emit	0	baseline	156	1982464
compiler	nested-assignments	8	emit	0	candidate	157	1998848
compiler	nested-assignments	8	emit	1	candidate	157	1998848
compiler	nested-assignments	8	emit	1	baseline	156	1982464
compiler	nested-assignments	8	emit	2	baseline	156	1982464
compiler	nested-assignments	8	emit	2	candidate	157	1998848
compiler	nested-assignments	32	check	0	baseline	88	1736704
compiler	nested-assignments	32	check	0	candidate	91	1753088
compiler	nested-assignments	32	check	1	candidate	91	1753088
compiler	nested-assignments	32	check	1	baseline	88	1736704
compiler	nested-assignments	32	check	2	baseline	88	1736704
compiler	nested-assignments	32	check	2	candidate	91	1753088
compiler	nested-assignments	32	emit	0	baseline	203	2162688
compiler	nested-assignments	32	emit	0	candidate	206	2179072
compiler	nested-assignments	32	emit	1	candidate	206	2179072
compiler	nested-assignments	32	emit	1	baseline	203	2162688
compiler	nested-assignments	32	emit	2	baseline	203	2162688
compiler	nested-assignments	32	emit	2	candidate	206	2179072
compiler	nested-assignments	128	check	0	baseline	194	2031616
compiler	nested-assignments	128	check	0	candidate	199	2048000
compiler	nested-assignments	128	check	1	candidate	199	2048000
compiler	nested-assignments	128	check	1	baseline	194	2031616
compiler	nested-assignments	128	check	2	baseline	194	2031616
compiler	nested-assignments	128	check	2	candidate	199	2048000
compiler	nested-assignments	128	emit	0	baseline	344	2850816
compiler	nested-assignments	128	emit	0	candidate	349	2883584
compiler	nested-assignments	128	emit	1	candidate	349	2883584
compiler	nested-assignments	128	emit	1	baseline	344	2850816
compiler	nested-assignments	128	emit	2	baseline	344	2850816
compiler	nested-assignments	128	emit	2	candidate	349	2883584
compiler	nested-assignments	512	check	0	baseline	588	2949120
compiler	nested-assignments	512	check	0	candidate	595	2850816
compiler	nested-assignments	512	check	1	candidate	595	2850816
compiler	nested-assignments	512	check	1	baseline	588	2949120
compiler	nested-assignments	512	check	2	baseline	588	2949120
compiler	nested-assignments	512	check	2	candidate	595	2850816
compiler	nested-assignments	512	emit	0	baseline	773	5242880
compiler	nested-assignments	512	emit	0	candidate	780	5308416
compiler	nested-assignments	512	emit	1	candidate	780	5308416
compiler	nested-assignments	512	emit	1	baseline	773	5242880
compiler	nested-assignments	512	emit	2	baseline	773	5242880
compiler	nested-assignments	512	emit	2	candidate	780	5292032
compiler	nested-branches	8	check	0	baseline	110	1818624
compiler	nested-branches	8	check	0	candidate	112	1851392
compiler	nested-branches	8	check	1	candidate	112	1851392
compiler	nested-branches	8	check	1	baseline	110	1818624
compiler	nested-branches	8	check	2	baseline	110	1818624
compiler	nested-branches	8	check	2	candidate	112	1851392
compiler	nested-branches	8	emit	0	baseline	242	2441216
compiler	nested-branches	8	emit	0	candidate	244	2457600
compiler	nested-branches	8	emit	1	candidate	244	2457600
compiler	nested-branches	8	emit	1	baseline	242	2441216
compiler	nested-branches	8	emit	2	baseline	242	2441216
compiler	nested-branches	8	emit	2	candidate	244	2457600
compiler	nested-branches	32	check	0	baseline	269	2097152
compiler	nested-branches	32	check	0	candidate	273	2113536
compiler	nested-branches	32	check	1	candidate	273	2113536
compiler	nested-branches	32	check	1	baseline	269	2097152
compiler	nested-branches	32	check	2	baseline	269	2097152
compiler	nested-branches	32	check	2	candidate	273	2113536
compiler	nested-branches	32	emit	0	baseline	420	3129344
compiler	nested-branches	32	emit	0	candidate	424	3162112
compiler	nested-branches	32	emit	1	candidate	424	3129344
compiler	nested-branches	32	emit	1	baseline	420	3129344
compiler	nested-branches	32	emit	2	baseline	420	3129344
compiler	nested-branches	32	emit	2	candidate	424	3162112
compiler	nested-branches	128	check	0	baseline	863	2949120
compiler	nested-branches	128	check	0	candidate	869	2998272
compiler	nested-branches	128	check	1	candidate	869	2998272
compiler	nested-branches	128	check	1	baseline	863	2949120
compiler	nested-branches	128	check	2	baseline	863	2949120
compiler	nested-branches	128	check	2	candidate	869	2998272
compiler	nested-branches	128	emit	0	baseline	1049	5472256
compiler	nested-branches	128	emit	0	candidate	1055	5537792
compiler	nested-branches	128	emit	1	candidate	1055	5521408
compiler	nested-branches	128	emit	1	baseline	1049	5472256
compiler	nested-branches	128	emit	2	baseline	1049	5472256
compiler	nested-branches	128	emit	2	candidate	1055	5537792
compiler	nested-branches	512	check	0	baseline	3185	5898240
compiler	nested-branches	512	check	0	candidate	3193	5832704
compiler	nested-branches	512	check	1	candidate	3193	6062080
compiler	nested-branches	512	check	1	baseline	3185	5898240
compiler	nested-branches	512	check	2	baseline	3185	5881856
compiler	nested-branches	512	check	2	candidate	3193	5832704
compiler	nested-branches	512	emit	0	baseline	3407	15351808
compiler	nested-branches	512	emit	0	candidate	3415	15515648
compiler	nested-branches	512	emit	1	candidate	3415	15466496
compiler	nested-branches	512	emit	1	baseline	3407	15384576
compiler	nested-branches	512	emit	2	baseline	3407	15384576
compiler	nested-branches	512	emit	2	candidate	3415	15466496
compiler	nested-calls	8	check	0	baseline	58	1703936
compiler	nested-calls	8	check	0	candidate	60	1720320
compiler	nested-calls	8	check	1	candidate	60	1720320
compiler	nested-calls	8	check	1	baseline	58	1703936
compiler	nested-calls	8	check	2	baseline	58	1703936
compiler	nested-calls	8	check	2	candidate	60	1720320
compiler	nested-calls	8	emit	0	baseline	157	1998848
compiler	nested-calls	8	emit	0	candidate	159	2015232
compiler	nested-calls	8	emit	1	candidate	159	2015232
compiler	nested-calls	8	emit	1	baseline	157	1998848
compiler	nested-calls	8	emit	2	baseline	157	1998848
compiler	nested-calls	8	emit	2	candidate	159	2015232
compiler	nested-calls	32	check	0	baseline	69	1785856
compiler	nested-calls	32	check	0	candidate	75	1785856
compiler	nested-calls	32	check	1	candidate	75	1785856
compiler	nested-calls	32	check	1	baseline	69	1785856
compiler	nested-calls	32	check	2	baseline	69	1785856
compiler	nested-calls	32	check	2	candidate	75	1785856
compiler	nested-calls	32	emit	0	baseline	188	2228224
compiler	nested-calls	32	emit	0	candidate	194	2244608
compiler	nested-calls	32	emit	1	candidate	194	2244608
compiler	nested-calls	32	emit	1	baseline	188	2228224
compiler	nested-calls	32	emit	2	baseline	188	2228224
compiler	nested-calls	32	emit	2	candidate	194	2244608
compiler	nested-calls	128	check	0	baseline	82	2113536
compiler	nested-calls	128	check	0	candidate	92	2113536
compiler	nested-calls	128	check	1	candidate	92	2113536
compiler	nested-calls	128	check	1	baseline	82	2113536
compiler	nested-calls	128	check	2	baseline	82	2113536
compiler	nested-calls	128	check	2	candidate	92	2113536
compiler	nested-calls	128	emit	0	baseline	238	2949120
compiler	nested-calls	128	emit	0	candidate	248	2981888
compiler	nested-calls	128	emit	1	candidate	248	2981888
compiler	nested-calls	128	emit	1	baseline	238	2949120
compiler	nested-calls	128	emit	2	baseline	238	2949120
compiler	nested-calls	128	emit	2	candidate	248	2981888
compiler	nested-calls	512	check	0	baseline	96	3129344
compiler	nested-calls	512	check	0	candidate	110	2949120
compiler	nested-calls	512	check	1	candidate	110	2949120
compiler	nested-calls	512	check	1	baseline	96	3129344
compiler	nested-calls	512	check	2	baseline	96	3129344
compiler	nested-calls	512	check	2	candidate	110	2949120
compiler	nested-calls	512	emit	0	baseline	290	5111808
compiler	nested-calls	512	emit	0	candidate	304	5390336
compiler	nested-calls	512	emit	1	candidate	304	5193728
compiler	nested-calls	512	emit	1	baseline	290	5111808
compiler	nested-calls	512	emit	2	baseline	290	5292032
compiler	nested-calls	512	emit	2	candidate	304	5177344
compiler	nested-builtins	8	check	0	baseline	50	1687552
compiler	nested-builtins	8	check	0	candidate	51	1703936
compiler	nested-builtins	8	check	1	candidate	51	1703936
compiler	nested-builtins	8	check	1	baseline	50	1687552
compiler	nested-builtins	8	check	2	baseline	50	1687552
compiler	nested-builtins	8	check	2	candidate	51	1703936
compiler	nested-builtins	8	emit	0	baseline	148	1982464
compiler	nested-builtins	8	emit	0	candidate	149	1998848
compiler	nested-builtins	8	emit	1	candidate	149	1998848
compiler	nested-builtins	8	emit	1	baseline	148	1982464
compiler	nested-builtins	8	emit	2	baseline	148	1982464
compiler	nested-builtins	8	emit	2	candidate	149	1998848
compiler	nested-builtins	32	check	0	baseline	61	1802240
compiler	nested-builtins	32	check	0	candidate	64	1785856
compiler	nested-builtins	32	check	1	candidate	64	1785856
compiler	nested-builtins	32	check	1	baseline	61	1802240
compiler	nested-builtins	32	check	2	baseline	61	1802240
compiler	nested-builtins	32	check	2	candidate	64	1785856
compiler	nested-builtins	32	emit	0	baseline	176	2228224
compiler	nested-builtins	32	emit	0	candidate	179	2244608
compiler	nested-builtins	32	emit	1	candidate	179	2244608
compiler	nested-builtins	32	emit	1	baseline	176	2228224
compiler	nested-builtins	32	emit	2	baseline	176	2228224
compiler	nested-builtins	32	emit	2	candidate	179	2244608
compiler	nested-builtins	128	check	0	baseline	75	2179072
compiler	nested-builtins	128	check	0	candidate	80	2113536
compiler	nested-builtins	128	check	1	candidate	80	2113536
compiler	nested-builtins	128	check	1	baseline	75	2179072
compiler	nested-builtins	128	check	2	baseline	75	2179072
compiler	nested-builtins	128	check	2	candidate	80	2113536
compiler	nested-builtins	128	emit	0	baseline	226	2981888
compiler	nested-builtins	128	emit	0	candidate	231	3014656
compiler	nested-builtins	128	emit	1	candidate	231	3014656
compiler	nested-builtins	128	emit	1	baseline	226	2981888
compiler	nested-builtins	128	emit	2	baseline	226	2981888
compiler	nested-builtins	128	emit	2	candidate	231	3014656
compiler	nested-builtins	512	check	0	baseline	89	3194880
compiler	nested-builtins	512	check	0	candidate	96	2949120
compiler	nested-builtins	512	check	1	candidate	96	2949120
compiler	nested-builtins	512	check	1	baseline	89	3194880
compiler	nested-builtins	512	check	2	baseline	89	3194880
compiler	nested-builtins	512	check	2	candidate	96	2949120
compiler	nested-builtins	512	emit	0	baseline	276	5488640
compiler	nested-builtins	512	emit	0	candidate	283	5554176
compiler	nested-builtins	512	emit	1	candidate	283	5554176
compiler	nested-builtins	512	emit	1	baseline	276	5488640
compiler	nested-builtins	512	emit	2	baseline	276	5488640
compiler	nested-builtins	512	emit	2	candidate	283	5554176
compiler	nested-aggregates	8	check	0	baseline	68	1736704
compiler	nested-aggregates	8	check	0	candidate	71	1753088
compiler	nested-aggregates	8	check	1	candidate	71	1753088
compiler	nested-aggregates	8	check	1	baseline	68	1736704
compiler	nested-aggregates	8	check	2	baseline	68	1736704
compiler	nested-aggregates	8	check	2	candidate	71	1753088
compiler	nested-aggregates	8	emit	0	baseline	184	2162688
compiler	nested-aggregates	8	emit	0	candidate	187	2179072
compiler	nested-aggregates	8	emit	1	candidate	187	2179072
compiler	nested-aggregates	8	emit	1	baseline	184	2162688
compiler	nested-aggregates	8	emit	2	baseline	184	2162688
compiler	nested-aggregates	8	emit	2	candidate	187	2179072
compiler	nested-aggregates	32	check	0	baseline	79	1933312
compiler	nested-aggregates	32	check	0	candidate	86	1949696
compiler	nested-aggregates	32	check	1	candidate	86	1949696
compiler	nested-aggregates	32	check	1	baseline	79	1933312
compiler	nested-aggregates	32	check	2	baseline	79	1933312
compiler	nested-aggregates	32	check	2	candidate	86	1949696
compiler	nested-aggregates	32	emit	0	baseline	216	2621440
compiler	nested-aggregates	32	emit	0	candidate	223	2637824
compiler	nested-aggregates	32	emit	1	candidate	223	2637824
compiler	nested-aggregates	32	emit	1	baseline	216	2621440
compiler	nested-aggregates	32	emit	2	baseline	216	2621440
compiler	nested-aggregates	32	emit	2	candidate	223	2637824
compiler	nested-aggregates	128	check	0	baseline	93	2490368
compiler	nested-aggregates	128	check	0	candidate	104	2506752
compiler	nested-aggregates	128	check	1	candidate	104	2506752
compiler	nested-aggregates	128	check	1	baseline	93	2490368
compiler	nested-aggregates	128	check	2	baseline	93	2490368
compiler	nested-aggregates	128	check	2	candidate	104	2506752
compiler	nested-aggregates	128	emit	0	baseline	267	3833856
compiler	nested-aggregates	128	emit	0	candidate	278	3866624
compiler	nested-aggregates	128	emit	1	candidate	278	3883008
compiler	nested-aggregates	128	emit	1	baseline	267	3833856
compiler	nested-aggregates	128	emit	2	baseline	267	3833856
compiler	nested-aggregates	128	emit	2	candidate	278	3883008
compiler	nested-aggregates	512	check	0	baseline	107	4063232
compiler	nested-aggregates	512	check	0	candidate	122	4014080
compiler	nested-aggregates	512	check	1	candidate	122	4014080
compiler	nested-aggregates	512	check	1	baseline	107	4063232
compiler	nested-aggregates	512	check	2	baseline	107	4063232
compiler	nested-aggregates	512	check	2	candidate	122	4014080
compiler	nested-aggregates	512	emit	0	baseline	319	8749056
compiler	nested-aggregates	512	emit	0	candidate	334	8830976
compiler	nested-aggregates	512	emit	1	candidate	334	8830976
compiler	nested-aggregates	512	emit	1	baseline	319	8749056
compiler	nested-aggregates	512	emit	2	baseline	319	8749056
compiler	nested-aggregates	512	emit	2	candidate	334	8830976
compiler	nested-payloads	8	check	0	baseline	73	1736704
compiler	nested-payloads	8	check	0	candidate	76	1753088
compiler	nested-payloads	8	check	1	candidate	76	1753088
compiler	nested-payloads	8	check	1	baseline	73	1736704
compiler	nested-payloads	8	check	2	baseline	73	1736704
compiler	nested-payloads	8	check	2	candidate	76	1753088
compiler	nested-payloads	8	emit	0	baseline	190	2179072
compiler	nested-payloads	8	emit	0	candidate	193	2195456
compiler	nested-payloads	8	emit	1	candidate	193	2195456
compiler	nested-payloads	8	emit	1	baseline	190	2179072
compiler	nested-payloads	8	emit	2	baseline	190	2179072
compiler	nested-payloads	8	emit	2	candidate	193	2195456
compiler	nested-payloads	32	check	0	baseline	84	1933312
compiler	nested-payloads	32	check	0	candidate	91	1949696
compiler	nested-payloads	32	check	1	candidate	91	1949696
compiler	nested-payloads	32	check	1	baseline	84	1933312
compiler	nested-payloads	32	check	2	baseline	84	1933312
compiler	nested-payloads	32	check	2	candidate	91	1949696
compiler	nested-payloads	32	emit	0	baseline	221	2621440
compiler	nested-payloads	32	emit	0	candidate	228	2637824
compiler	nested-payloads	32	emit	1	candidate	228	2637824
compiler	nested-payloads	32	emit	1	baseline	221	2621440
compiler	nested-payloads	32	emit	2	baseline	221	2621440
compiler	nested-payloads	32	emit	2	candidate	228	2637824
compiler	nested-payloads	128	check	0	baseline	98	2490368
compiler	nested-payloads	128	check	0	candidate	109	2506752
compiler	nested-payloads	128	check	1	candidate	109	2506752
compiler	nested-payloads	128	check	1	baseline	98	2490368
compiler	nested-payloads	128	check	2	baseline	98	2490368
compiler	nested-payloads	128	check	2	candidate	109	2490368
compiler	nested-payloads	128	emit	0	baseline	272	3588096
compiler	nested-payloads	128	emit	0	candidate	283	3637248
compiler	nested-payloads	128	emit	1	candidate	283	3620864
compiler	nested-payloads	128	emit	1	baseline	272	3588096
compiler	nested-payloads	128	emit	2	baseline	272	3588096
compiler	nested-payloads	128	emit	2	candidate	283	3637248
compiler	nested-payloads	512	check	0	baseline	112	4112384
compiler	nested-payloads	512	check	0	candidate	127	4046848
compiler	nested-payloads	512	check	1	candidate	127	4046848
compiler	nested-payloads	512	check	1	baseline	112	4112384
compiler	nested-payloads	512	check	2	baseline	112	4112384
compiler	nested-payloads	512	check	2	candidate	127	4046848
compiler	nested-payloads	512	emit	0	baseline	324	8290304
compiler	nested-payloads	512	emit	0	candidate	339	8192000
compiler	nested-payloads	512	emit	1	candidate	339	8192000
compiler	nested-payloads	512	emit	1	baseline	324	8290304
compiler	nested-payloads	512	emit	2	baseline	324	8290304
compiler	nested-payloads	512	emit	2	candidate	339	8175616
compiler	nested-recurrence	8	check	0	baseline	55	1687552
compiler	nested-recurrence	8	check	0	candidate	56	1703936
compiler	nested-recurrence	8	check	1	candidate	56	1703936
compiler	nested-recurrence	8	check	1	baseline	55	1687552
compiler	nested-recurrence	8	check	2	baseline	55	1687552
compiler	nested-recurrence	8	check	2	candidate	56	1703936
compiler	nested-recurrence	8	emit	0	baseline	153	1966080
compiler	nested-recurrence	8	emit	0	candidate	154	1982464
compiler	nested-recurrence	8	emit	1	candidate	154	1982464
compiler	nested-recurrence	8	emit	1	baseline	153	1966080
compiler	nested-recurrence	8	emit	2	baseline	153	1966080
compiler	nested-recurrence	8	emit	2	candidate	154	1982464
compiler	nested-recurrence	32	check	0	baseline	65	1802240
compiler	nested-recurrence	32	check	0	candidate	68	1802240
compiler	nested-recurrence	32	check	1	candidate	68	1802240
compiler	nested-recurrence	32	check	1	baseline	65	1802240
compiler	nested-recurrence	32	check	2	baseline	65	1802240
compiler	nested-recurrence	32	check	2	candidate	68	1802240
compiler	nested-recurrence	32	emit	0	baseline	181	2228224
compiler	nested-recurrence	32	emit	0	candidate	184	2244608
compiler	nested-recurrence	32	emit	1	candidate	184	2244608
compiler	nested-recurrence	32	emit	1	baseline	181	2228224
compiler	nested-recurrence	32	emit	2	baseline	181	2228224
compiler	nested-recurrence	32	emit	2	candidate	184	2244608
compiler	nested-recurrence	128	check	0	baseline	79	2195456
compiler	nested-recurrence	128	check	0	candidate	84	2129920
compiler	nested-recurrence	128	check	1	candidate	84	2129920
compiler	nested-recurrence	128	check	1	baseline	79	2195456
compiler	nested-recurrence	128	check	2	baseline	79	2195456
compiler	nested-recurrence	128	check	2	candidate	84	2129920
compiler	nested-recurrence	128	emit	0	baseline	230	2981888
compiler	nested-recurrence	128	emit	0	candidate	235	3014656
compiler	nested-recurrence	128	emit	1	candidate	235	3014656
compiler	nested-recurrence	128	emit	1	baseline	230	2981888
compiler	nested-recurrence	128	emit	2	baseline	230	2981888
compiler	nested-recurrence	128	emit	2	candidate	235	3014656
compiler	nested-recurrence	512	check	0	baseline	93	3162112
compiler	nested-recurrence	512	check	0	candidate	100	2916352
compiler	nested-recurrence	512	check	1	candidate	100	2916352
compiler	nested-recurrence	512	check	1	baseline	93	3162112
compiler	nested-recurrence	512	check	2	baseline	93	3162112
compiler	nested-recurrence	512	check	2	candidate	100	2916352
compiler	nested-recurrence	512	emit	0	baseline	280	5488640
compiler	nested-recurrence	512	emit	0	candidate	287	5554176
compiler	nested-recurrence	512	emit	1	candidate	287	5554176
compiler	nested-recurrence	512	emit	1	baseline	280	5488640
compiler	nested-recurrence	512	emit	2	baseline	280	5488640
compiler	nested-recurrence	512	emit	2	candidate	287	5554176
compiler	selfhost	0	check	0	baseline	106615	168542208
compiler	selfhost	0	check	0	candidate	109840	170573824
compiler	selfhost	0	check	1	candidate	109840	170573824
compiler	selfhost	0	check	1	baseline	106615	168542208
compiler	selfhost	0	check	2	baseline	106615	168558592
compiler	selfhost	0	check	2	candidate	109840	170557440
compiler	selfhost	0	emit	0	baseline	106965	323092480
compiler	selfhost	0	emit	0	candidate	110190	326221824
compiler	selfhost	0	emit	1	candidate	110190	325074944
compiler	selfhost	0	emit	1	baseline	106965	323059712
compiler	selfhost	0	emit	2	baseline	106965	325746688
compiler	selfhost	0	emit	2	candidate	110190	325074944
session	scalar	125	unchanged	0	baseline	2448	4407296
session	scalar	125	unchanged	0	candidate	2448	4374528
session	scalar	125	unchanged	1	candidate	2448	4374528
session	scalar	125	unchanged	1	baseline	2448	4341760
session	scalar	125	unchanged	2	baseline	2448	4374528
session	scalar	125	unchanged	2	candidate	2448	4374528
session	scalar	125	body	0	baseline	4364	6176768
session	scalar	125	body	0	candidate	4364	6176768
session	scalar	125	body	1	candidate	4364	6193152
session	scalar	125	body	1	baseline	4364	6176768
session	scalar	125	body	2	baseline	4364	6275072
session	scalar	125	body	2	candidate	4364	6193152
session	scalar	500	unchanged	0	baseline	8547	10141696
session	scalar	500	unchanged	0	candidate	8547	10190848
session	scalar	500	unchanged	1	candidate	8547	10223616
session	scalar	500	unchanged	1	baseline	8547	10190848
session	scalar	500	unchanged	2	baseline	8547	10141696
session	scalar	500	unchanged	2	candidate	8547	10223616
session	scalar	500	body	0	baseline	15062	16613376
session	scalar	500	body	0	candidate	15062	16662528
session	scalar	500	body	1	candidate	15062	16662528
session	scalar	500	body	1	baseline	15062	16662528
session	scalar	500	body	2	baseline	15062	16678912
session	scalar	500	body	2	candidate	15062	16662528
session	scalar	2000	unchanged	0	baseline	33655	32931840
session	scalar	2000	unchanged	0	candidate	33655	32669696
session	scalar	2000	unchanged	1	candidate	33655	32620544
session	scalar	2000	unchanged	1	baseline	33655	35848192
session	scalar	2000	unchanged	2	baseline	33655	34177024
session	scalar	2000	unchanged	2	candidate	33655	32817152
session	scalar	2000	body	0	baseline	59278	58851328
session	scalar	2000	body	0	candidate	59278	58556416
session	scalar	2000	body	1	candidate	59278	57901056
session	scalar	2000	body	1	baseline	59278	57901056
session	scalar	2000	body	2	baseline	59278	57884672
session	scalar	2000	body	2	candidate	59278	57868288
session	scalar	4000	unchanged	0	baseline	67709	62341120
session	scalar	4000	unchanged	0	candidate	67709	62324736
session	scalar	4000	unchanged	1	candidate	67709	62324736
session	scalar	4000	unchanged	1	baseline	67709	62341120
session	scalar	4000	unchanged	2	baseline	67709	62259200
session	scalar	4000	unchanged	2	candidate	67709	62341120
session	scalar	4000	body	0	baseline	119386	111984640
session	scalar	4000	body	0	candidate	119386	112001024
session	scalar	4000	body	1	candidate	119386	114688000
session	scalar	4000	body	1	baseline	119386	114311168
session	scalar	4000	body	2	baseline	119386	116031488
session	scalar	4000	body	2	candidate	119386	111984640
session	dense	32	unchanged	0	baseline	5817	14417920
session	dense	32	unchanged	0	candidate	5945	14548992
session	dense	32	unchanged	1	candidate	5945	14548992
session	dense	32	unchanged	1	baseline	5817	14417920
session	dense	32	unchanged	2	baseline	5817	14417920
session	dense	32	unchanged	2	candidate	5945	14565376
session	dense	32	body	0	baseline	7444	24297472
session	dense	32	body	0	candidate	7576	24477696
session	dense	32	body	1	candidate	7576	24461312
session	dense	32	body	1	baseline	7444	24330240
session	dense	32	body	2	baseline	7444	24330240
session	dense	32	body	2	candidate	7576	24477696
session	dense	128	unchanged	0	baseline	21860	51609600
session	dense	128	unchanged	0	candidate	22372	52150272
session	dense	128	unchanged	1	candidate	22372	52150272
session	dense	128	unchanged	1	baseline	21860	51609600
session	dense	128	unchanged	2	baseline	21860	51560448
session	dense	128	unchanged	2	candidate	22372	52150272
session	dense	128	body	0	baseline	26666	89309184
session	dense	128	body	0	candidate	27182	89866240
session	dense	128	body	1	candidate	27182	89817088
session	dense	128	body	1	baseline	26666	91127808
session	dense	128	body	2	baseline	26666	89325568
session	dense	128	body	2	candidate	27182	89866240
session	dense	512	unchanged	0	baseline	85712	201719808
session	dense	512	unchanged	0	candidate	87760	201146368
session	dense	512	unchanged	1	candidate	87760	201883648
session	dense	512	unchanged	1	baseline	85712	199049216
session	dense	512	unchanged	2	baseline	85712	199032832
session	dense	512	unchanged	2	candidate	87760	201146368
session	dense	512	body	0	baseline	102914	357171200
session	dense	512	body	0	candidate	104966	354926592
session	dense	512	body	1	candidate	104966	354926592
session	dense	512	body	1	baseline	102914	355975168
session	dense	512	body	2	baseline	102914	356417536
session	dense	512	body	2	candidate	104966	354926592
session	counted	64	unchanged	0	baseline	3783	6275072
session	counted	64	unchanged	0	candidate	3847	6307840
session	counted	64	unchanged	1	candidate	3847	6324224
session	counted	64	unchanged	1	baseline	3783	6275072
session	counted	64	unchanged	2	baseline	3783	6242304
session	counted	64	unchanged	2	candidate	3847	6324224
session	counted	64	body	0	baseline	6000	9338880
session	counted	64	body	0	candidate	6064	9420800
session	counted	64	body	1	candidate	6064	9388032
session	counted	64	body	1	baseline	6000	9338880
session	counted	64	body	2	baseline	6000	9371648
session	counted	64	body	2	candidate	6064	9420800
session	counted	250	unchanged	0	baseline	13365	16793600
session	counted	250	unchanged	0	candidate	13615	16941056
session	counted	250	unchanged	1	candidate	13615	16924672
session	counted	250	unchanged	1	baseline	13365	16793600
session	counted	250	unchanged	2	baseline	13365	16793600
session	counted	250	unchanged	2	candidate	13615	16908288
session	counted	250	body	0	baseline	20700	27721728
session	counted	250	body	0	candidate	20950	27869184
session	counted	250	body	1	candidate	20950	27869184
session	counted	250	body	1	baseline	20700	27705344
session	counted	250	body	2	baseline	20700	27738112
session	counted	250	body	2	candidate	20950	27852800
session	counted	1000	unchanged	0	baseline	51729	58687488
session	counted	1000	unchanged	0	candidate	52729	59162624
session	counted	1000	unchanged	1	candidate	52729	59146240
session	counted	1000	unchanged	1	baseline	51729	58654720
session	counted	1000	unchanged	2	baseline	51729	58621952
session	counted	1000	unchanged	2	candidate	52729	59162624
session	counted	1000	body	0	baseline	79428	102711296
session	counted	1000	body	0	candidate	80428	101941248
session	counted	1000	body	1	candidate	80428	103022592
session	counted	1000	body	1	baseline	79428	101384192
session	counted	1000	body	2	baseline	79428	101449728
session	counted	1000	body	2	candidate	80428	101974016
session	counted	2000	unchanged	0	baseline	103789	116080640
session	counted	2000	unchanged	0	candidate	105789	120094720
session	counted	2000	unchanged	1	candidate	105789	117112832
session	counted	2000	unchanged	1	baseline	103789	116097024
session	counted	2000	unchanged	2	baseline	103789	116064256
session	counted	2000	unchanged	2	candidate	105789	117080064
session	counted	2000	body	0	baseline	159548	201162752
session	counted	2000	body	0	candidate	161548	205864960
session	counted	2000	body	1	candidate	161548	205570048
session	counted	2000	body	1	baseline	159548	201113600
session	counted	2000	body	2	baseline	159548	201113600
session	counted	2000	body	2	candidate	161548	202194944
