# date=2026-09-06; seed_sha256=e8accfbc15ab9436213e8648ba31b434c2124bdc87a8578a5572f98d36c1caff; O2, no native observer; two warmup pairs and eleven alternating measured pairs; default-check/retained-storage baseline=4dfd31d; two-revisions baseline=two clean checks, candidate=retained cold plus retained update; subprocess totals include startup, I/O, parsing, linking and all checking; not isolated warm-query latency
functions_without_main	scope	pair	baseline_ns	candidate_ns	ratio
125	default-check	0	4218750	4091625	0.9698666666666667
125	default-check	1	3619500	3392916	0.9373990882718608
125	default-check	2	4165583	4352292	1.0448218172582324
125	default-check	3	4255958	4166375	0.9789511550630904
125	default-check	4	4378959	4354459	0.9944050629384746
125	default-check	5	3843917	3909333	1.0170180573618004
125	default-check	6	4090958	4146500	1.0135767710154933
125	default-check	7	3691666	3726459	1.0094247421083056
125	default-check	8	3843667	3984958	1.0367594279108987
125	default-check	9	3665792	3760000	1.0256992213415272
125	default-check	10	4408416	4203792	0.953583327889201
125	two-revisions-unchanged	0	4256625	5148792	1.2095949255572196
125	two-revisions-unchanged	1	4603209	6252875	1.358373039329737
125	two-revisions-unchanged	2	4609583	5460875	1.1846787442595133
125	two-revisions-unchanged	3	4634709	5453625	1.176691999432974
125	two-revisions-unchanged	4	4550125	5122791	1.1258572017252273
125	two-revisions-unchanged	5	4289625	5071250	1.1822128973977912
125	two-revisions-unchanged	6	4459042	4765791	1.0687925792132031
125	two-revisions-unchanged	7	4618208	4942875	1.070301510889072
125	two-revisions-unchanged	8	4036417	4508084	1.1168528920574856
125	two-revisions-unchanged	9	4482667	4456250	0.9941068564762897
125	two-revisions-unchanged	10	3833917	4998125	1.3036601992166237
125	retained-storage-unchanged	0	5294750	5617250	1.0609093913782521
125	retained-storage-unchanged	1	5681791	4577042	0.805563245814568
125	retained-storage-unchanged	2	5124417	5209667	1.0166360387923152
125	retained-storage-unchanged	3	6145584	5301292	0.8626181010624865
125	retained-storage-unchanged	4	5409750	4748958	0.8778516567309025
125	retained-storage-unchanged	5	5331500	5430000	1.0184751008159054
125	retained-storage-unchanged	6	5090166	4912959	0.9651864006006877
125	retained-storage-unchanged	7	5601667	5161083	0.9213476988189409
125	retained-storage-unchanged	8	5429625	5059000	0.9317402214701752
125	retained-storage-unchanged	9	5072542	4601667	0.907171788819097
125	retained-storage-unchanged	10	4916917	5644333	1.1479414844708584
125	two-revisions-body	0	4607833	4681833	1.0160596097992267
125	two-revisions-body	1	4718125	5080125	1.0767253940919328
125	two-revisions-body	2	4220667	4861375	1.151802546848638
125	two-revisions-body	3	4348791	4714709	1.0841424662624624
125	two-revisions-body	4	4473292	4769917	1.066310225221157
125	two-revisions-body	5	4707542	4896166	1.0400684688527473
125	two-revisions-body	6	4394959	5226458	1.1891938013528682
125	two-revisions-body	7	4080250	5840583	1.431427731143925
125	two-revisions-body	8	4608709	5135958	1.1144027535693835
125	two-revisions-body	9	4332666	5115666	1.1807201385936512
125	two-revisions-body	10	4110875	4900167	1.1920009730288563
125	retained-storage-body	0	5913000	5366875	0.9076399458819551
125	retained-storage-body	1	5594416	5250292	0.9384879494124141
125	retained-storage-body	2	5546458	5032541	0.9073432089452403
125	retained-storage-body	3	5169791	5348042	1.0344793435556678
125	retained-storage-body	4	5537042	5193541	0.9379630857053278
125	retained-storage-body	5	5811750	4892458	0.841821826472233
125	retained-storage-body	6	5320500	5069541	0.9528316887510573
125	retained-storage-body	7	5265625	5018750	0.9531157270029673
125	retained-storage-body	8	5289583	5593750	1.0575030205594655
125	retained-storage-body	9	5503750	5010959	0.9104626845332727
125	retained-storage-body	10	5169125	5231834	1.0121314535825696
250	default-check	0	4250125	4236417	0.9967746830975559
250	default-check	1	4432667	4544292	1.0251823563556657
250	default-check	2	4502042	4411417	0.9798702455463543
250	default-check	3	4583875	4481042	0.9775663603392326
250	default-check	4	4321417	4260541	0.9859129540148521
250	default-check	5	4711334	4343667	0.9219611685352811
250	default-check	6	4924459	4816709	0.9781194238798617
250	default-check	7	4670792	4202375	0.8997135817651482
250	default-check	8	4035834	4609375	1.1421121384080712
250	default-check	9	4501208	5105292	1.1342048623391765
250	default-check	10	4370750	4306459	0.9852906251787451
250	two-revisions-unchanged	0	5223750	6653500	1.2737018425460636
250	two-revisions-unchanged	1	5052292	6302708	1.2474948003797088
250	two-revisions-unchanged	2	5064667	6221333	1.2283794768738003
250	two-revisions-unchanged	3	5554792	6789500	1.22227798988693
250	two-revisions-unchanged	4	4899458	6473791	1.3213279917901124
250	two-revisions-unchanged	5	4781542	6449458	1.3488238731354865
250	two-revisions-unchanged	6	5755375	6304958	1.095490389418587
250	two-revisions-unchanged	7	5327375	6584291	1.2359353340059598
250	two-revisions-unchanged	8	5371000	6609291	1.2305512939862222
250	two-revisions-unchanged	9	6072208	6861791	1.130032271621789
250	two-revisions-unchanged	10	5917666	6471958	1.093667334384874
250	retained-storage-unchanged	0	6742042	6340209	0.9403989177166205
250	retained-storage-unchanged	1	7376208	6772666	0.918177198907623
250	retained-storage-unchanged	2	6963708	7358167	1.0566449655844272
250	retained-storage-unchanged	3	7140458	6731041	0.9426623614339584
250	retained-storage-unchanged	4	7438750	6542417	0.8795048899344649
250	retained-storage-unchanged	5	7582250	6846292	0.9029367272247684
250	retained-storage-unchanged	6	7568958	6948500	0.9180259687000509
250	retained-storage-unchanged	7	6836917	6351833	0.9290493068732588
250	retained-storage-unchanged	8	7588792	6834708	0.9006318792239925
250	retained-storage-unchanged	9	7304167	6546417	0.8962578484309025
250	retained-storage-unchanged	10	6971959	6472708	0.9283915754524661
250	two-revisions-body	0	5654792	6356833	1.1241497476830271
250	two-revisions-body	1	5093333	6150792	1.2076163093989731
250	two-revisions-body	2	5727834	6255375	1.0921013074052077
250	two-revisions-body	3	5137375	6085958	1.184643519307039
250	two-revisions-body	4	5637458	6049458	1.073082584384664
250	two-revisions-body	5	5505750	6987167	1.2690672478772194
250	two-revisions-body	6	5507250	6168166	1.1200083526260838
250	two-revisions-body	7	5422709	6712750	1.237896040521444
250	two-revisions-body	8	5396000	6030792	1.1176412157153448
250	two-revisions-body	9	5097541	7033000	1.3796848323534818
250	two-revisions-body	10	5352625	6691625	1.2501576329371102
250	retained-storage-body	0	7332084	7143583	0.9742909382925782
250	retained-storage-body	1	7499417	6630167	0.8840909900062898
250	retained-storage-body	2	7578916	6463541	0.8528318561651824
250	retained-storage-body	3	7569666	6449250	0.8519860717764826
250	retained-storage-body	4	7899250	6788625	0.8594012089755356
250	retained-storage-body	5	6811083	7029708	1.032098419590541
250	retained-storage-body	6	6624250	6889875	1.0400988791183907
250	retained-storage-body	7	7595417	6649792	0.8755005814690622
250	retained-storage-body	8	7765416	6541708	0.8424156542289557
250	retained-storage-body	9	7047250	6467500	0.9177338678207811
250	retained-storage-body	10	7198334	6948167	0.9652465417692483
500	default-check	0	5399959	5432125	1.0059567118935533
500	default-check	1	5149583	5562250	1.0801360032453113
500	default-check	2	5926917	5303917	0.8948863296044132
500	default-check	3	5648959	5421333	0.959704788085734
500	default-check	4	5363333	5010583	0.9342293309030038
500	default-check	5	5095375	5824500	1.1430954542109266
500	default-check	6	5275792	5937917	1.1255024837976932
500	default-check	7	4984666	5744625	1.152459362372524
500	default-check	8	5669667	5110375	0.9013536421098453
500	default-check	9	5436917	4914542	0.9039207330183632
500	default-check	10	5188333	5596250	1.0786219774251191
500	two-revisions-unchanged	0	7257666	9779250	1.3474373166249314
500	two-revisions-unchanged	1	7385333	9660875	1.308116370649773
500	two-revisions-unchanged	2	7148000	10204291	1.427572887520985
500	two-revisions-unchanged	3	6695333	9618625	1.436616371433654
500	two-revisions-unchanged	4	7309459	9641125	1.3189929651428376
500	two-revisions-unchanged	5	7170542	9829042	1.370753005839726
500	two-revisions-unchanged	6	7096250	9668875	1.3625330280077506
500	two-revisions-unchanged	7	7064625	9538500	1.3501778226020489
500	two-revisions-unchanged	8	7126042	9471125	1.3290863287081385
500	two-revisions-unchanged	9	7124083	9591959	1.346413145383062
500	two-revisions-unchanged	10	7038458	9458375	1.3438135171084349
500	retained-storage-unchanged	0	9867708	9023750	0.9144727428091711
500	retained-storage-unchanged	1	10283875	9418750	0.9158755819182944
500	retained-storage-unchanged	2	10234083	9040292	0.8833514443844163
500	retained-storage-unchanged	3	11312666	9307333	0.8227355956588835
500	retained-storage-unchanged	4	9959875	9504584	0.9542874785075114
500	retained-storage-unchanged	5	11100792	9188833	0.8277637307320054
500	retained-storage-unchanged	6	10811375	9367625	0.8664600941138384
500	retained-storage-unchanged	7	9962625	9113792	0.9147982584911105
500	retained-storage-unchanged	8	9969167	9744750	0.9774888914991594
500	retained-storage-unchanged	9	10408292	9040042	0.8685423122256755
500	retained-storage-unchanged	10	10209708	9091792	0.8905046060083207
500	two-revisions-body	0	7715834	10314416	1.3367856280993085
500	two-revisions-body	1	7190500	9517542	1.3236272860023641
500	two-revisions-body	2	6972959	9532000	1.3669949873504204
500	two-revisions-body	3	6556666	9247708	1.4104284098046171
500	two-revisions-body	4	7264542	9637125	1.3265977400915294
500	two-revisions-body	5	7615167	9715166	1.2757653246475094
500	two-revisions-body	6	7003291	9058458	1.2934573188519511
500	two-revisions-body	7	7076250	9376000	1.3249955838191132
500	two-revisions-body	8	7374625	9344708	1.2671434818719596
500	two-revisions-body	9	7223041	9475959	1.3119071316361073
500	two-revisions-body	10	7451625	9729250	1.3056548068374347
500	retained-storage-body	0	10446417	9104000	0.8714949824423054
500	retained-storage-body	1	9861708	9303417	0.9433880013482452
500	retained-storage-body	2	10934959	9868833	0.9025029723476786
500	retained-storage-body	3	10580458	9464417	0.8945186493817187
500	retained-storage-body	4	10251667	9954125	0.9709762324507809
500	retained-storage-body	5	10713750	9570792	0.8933185859292965
500	retained-storage-body	6	10565250	9389208	0.8886877262724497
500	retained-storage-body	7	11219250	10373542	0.9246199166610959
500	retained-storage-body	8	10674917	10057500	0.9421618922189278
500	retained-storage-body	9	10094375	9873458	0.9781148411863042
500	retained-storage-body	10	10386375	8999167	0.8664396384686669
1000	default-check	0	7061958	7530083	1.0662882730256962
1000	default-check	1	6964792	7286583	1.0462025283741423
1000	default-check	2	7057083	7102833	1.006482848508371
1000	default-check	3	7353959	6929833	0.9423268473484826
1000	default-check	4	7328458	6900625	0.9416203244939113
1000	default-check	5	7244750	7037125	0.9713413161254701
1000	default-check	6	6996250	7059875	1.0090941575844201
1000	default-check	7	7417875	7734625	1.0427009082789882
1000	default-check	8	7491916	7521917	1.0040044495960714
1000	default-check	9	7539500	7093083	0.9407895749054977
1000	default-check	10	7249292	6953292	0.9591684263787416
1000	two-revisions-unchanged	0	10263459	15044416	1.4658231693622978
1000	two-revisions-unchanged	1	10521208	14350375	1.3639474668688234
1000	two-revisions-unchanged	2	10317000	15156333	1.4690639720849084
1000	two-revisions-unchanged	3	10121125	14728125	1.4551865528782622
1000	two-revisions-unchanged	4	10233958	15339375	1.4988702318301481
1000	two-revisions-unchanged	5	10441917	14793084	1.416701933179511
1000	two-revisions-unchanged	6	11468959	14693459	1.2811501898297832
1000	two-revisions-unchanged	7	9709500	15031417	1.5481144240177147
1000	two-revisions-unchanged	8	10877750	15526209	1.4273364436579257
1000	two-revisions-unchanged	9	10989042	14979125	1.363096528341597
1000	two-revisions-unchanged	10	10975416	14618709	1.3319503333632183
1000	retained-storage-unchanged	0	17464667	14901500	0.8532369955865748
1000	retained-storage-unchanged	1	17202667	15684000	0.9117190956495292
1000	retained-storage-unchanged	2	17589041	15372416	0.8739769268830517
1000	retained-storage-unchanged	3	17308208	14833292	0.8570091138262262
1000	retained-storage-unchanged	4	16827667	14459500	0.8592694400239795
1000	retained-storage-unchanged	5	17437583	13815791	0.7922996552905297
1000	retained-storage-unchanged	6	17309417	14758792	0.8526452392937324
1000	retained-storage-unchanged	7	17499583	14948750	0.8542346409054433
1000	retained-storage-unchanged	8	17359583	14907667	0.8587572063222947
1000	retained-storage-unchanged	9	17089625	14794209	0.8656836530936167
1000	retained-storage-unchanged	10	16330792	14249667	0.8725643557275116
1000	two-revisions-body	0	9630500	14681792	1.524509838533825
1000	two-revisions-body	1	10378667	14841041	1.4299563710831074
1000	two-revisions-body	2	10356208	15069041	1.4550732275751896
1000	two-revisions-body	3	11008666	14775917	1.3422077661362422
1000	two-revisions-body	4	10073333	14994083	1.4884927362174962
1000	two-revisions-body	5	10541416	15194708	1.441429500552867
1000	two-revisions-body	6	9795916	14885459	1.5195576401430964
1000	two-revisions-body	7	11039042	14670708	1.3289838013117443
1000	two-revisions-body	8	10676833	14836750	1.3896208735305684
1000	two-revisions-body	9	10231041	15026917	1.4687573825576499
1000	two-revisions-body	10	9962709	15593208	1.5651574285668688
1000	retained-storage-body	0	17523125	14695375	0.8386275279095481
1000	retained-storage-body	1	17798583	14959084	0.8404648841989275
1000	retained-storage-body	2	17541416	14850125	0.8465750427445538
1000	retained-storage-body	3	17919459	15437791	0.8615098815204186
1000	retained-storage-body	4	17469000	14237542	0.8150175739882077
1000	retained-storage-body	5	16793541	15492916	0.9225520692747289
1000	retained-storage-body	6	17338667	15096625	0.8706912128827435
1000	retained-storage-body	7	17338750	15921125	0.9182394924662965
1000	retained-storage-body	8	17645500	15619792	0.8851997393103057
1000	retained-storage-body	9	17912041	14855084	0.8293350824732927
1000	retained-storage-body	10	17054084	14979500	0.8783526573458885
2000	default-check	0	10703042	10410458	0.9726634726837473
2000	default-check	1	10039792	9989458	0.9949865495221415
2000	default-check	2	9994583	10687791	1.0693583714298036
2000	default-check	3	9925625	9808334	0.9881830111453939
2000	default-check	4	9967500	10319500	1.03531477301229
2000	default-check	5	10393792	9928250	0.9552096097362733
2000	default-check	6	9900042	9989125	1.0089982446539116
2000	default-check	7	9900750	9881459	0.9980515617503725
2000	default-check	8	9909500	9915500	1.0006054795902921
2000	default-check	9	10117250	10117417	1.0000165064617361
2000	default-check	10	10282541	10372917	1.0087892671665495
2000	two-revisions-unchanged	0	16988625	26198833	1.5421396964145127
2000	two-revisions-unchanged	1	16629209	26070875	1.567776013880155
2000	two-revisions-unchanged	2	16760500	25860750	1.5429581456400465
2000	two-revisions-unchanged	3	16734416	25804125	1.5419794153557556
2000	two-revisions-unchanged	4	15915375	26575917	1.669826629909757
2000	two-revisions-unchanged	5	15990250	25871209	1.6179364925501478
2000	two-revisions-unchanged	6	16272750	25426000	1.5624894378639136
2000	two-revisions-unchanged	7	16929541	25807709	1.5244187069218238
2000	two-revisions-unchanged	8	17059333	26452417	1.550612617738337
2000	two-revisions-unchanged	9	16769500	26584000	1.585258952264528
2000	two-revisions-unchanged	10	16939666	25491375	1.5048333892769787
2000	retained-storage-unchanged	0	31090208	26175083	0.8419076192735668
2000	retained-storage-unchanged	1	31352959	25346375	0.8084205066577608
2000	retained-storage-unchanged	2	29674459	25650667	0.8644021783177244
2000	retained-storage-unchanged	3	30291917	26610667	0.8784741817429382
2000	retained-storage-unchanged	4	30970584	25679334	0.8291523982886471
2000	retained-storage-unchanged	5	30708041	26903250	0.8760978924054452
2000	retained-storage-unchanged	6	31658042	26098000	0.8243718926142053
2000	retained-storage-unchanged	7	30910791	26009667	0.8414429446338012
2000	retained-storage-unchanged	8	30861917	26066792	0.8446264695741357
2000	retained-storage-unchanged	9	30917500	26423750	0.8546535133823886
2000	retained-storage-unchanged	10	31079000	25787167	0.829729624505293
2000	two-revisions-body	0	17030916	26736292	1.5698681151383753
2000	two-revisions-body	1	17283542	25668792	1.4851580769728798
2000	two-revisions-body	2	17549250	26541500	1.5124008148496375
2000	two-revisions-body	3	16722250	27188416	1.625882641390961
2000	two-revisions-body	4	17200458	25663125	1.4920024222610817
2000	two-revisions-body	5	17276000	26455833	1.5313633364204677
2000	two-revisions-body	6	17675083	26310083	1.4885408458902287
2000	two-revisions-body	7	16523916	26930000	1.6297589506022665
2000	two-revisions-body	8	17159042	25766583	1.501632958296856
2000	two-revisions-body	9	17375167	27792416	1.5995481367171895
2000	two-revisions-body	10	17015333	26598000	1.5631783403827595
2000	retained-storage-body	0	30535875	25512166	0.8354817407393762
2000	retained-storage-body	1	30744167	25839125	0.8404561749876001
2000	retained-storage-body	2	30800083	26063666	0.8462206416781409
2000	retained-storage-body	3	31783792	25700542	0.8086052790680232
2000	retained-storage-body	4	30033416	25452958	0.8474879447612619
2000	retained-storage-body	5	30725250	26817167	0.8728054938527758
2000	retained-storage-body	6	30650292	26546125	0.8660969689946184
2000	retained-storage-body	7	31255667	26493459	0.847636974120565
2000	retained-storage-body	8	31176208	27172000	0.8715620578358985
2000	retained-storage-body	9	31668833	26117167	0.8246962242025149
2000	retained-storage-body	10	31913209	26406500	0.8274473431988616
4000	default-check	0	17227959	17246500	1.0010762157026263
4000	default-check	1	17664000	17039875	0.9646668365036232
4000	default-check	2	18075625	18085834	1.0005647937484872
4000	default-check	3	17468667	17360583	0.9938126933211332
4000	default-check	4	17200125	17287875	1.0051017071096866
4000	default-check	5	17454041	17403416	0.997099525548267
4000	default-check	6	17822625	17249459	0.9678405397633626
4000	default-check	7	17203709	17848125	1.0374579690925951
4000	default-check	8	17433375	17582959	1.0085803236607944
4000	default-check	9	17155084	17913750	1.0442239746538111
4000	default-check	10	16367417	16619750	1.0154167881224019
4000	two-revisions-unchanged	0	31863208	49640167	1.5579149155351841
4000	two-revisions-unchanged	1	31611333	50641125	1.6019927093868518
4000	two-revisions-unchanged	2	31419459	50189625	1.5974057669166104
4000	two-revisions-unchanged	3	31178208	49939583	1.601746418524118
4000	two-revisions-unchanged	4	31840416	51125500	1.605679398158617
4000	two-revisions-unchanged	5	30504667	50269583	1.6479308887390902
4000	two-revisions-unchanged	6	31659500	50216083	1.5861300083703154
4000	two-revisions-unchanged	7	31196084	50718209	1.6257876789920171
4000	two-revisions-unchanged	8	30930000	49907209	1.613553475590042
4000	two-revisions-unchanged	9	31942709	49838500	1.5602465025743433
4000	two-revisions-unchanged	10	30505375	49818792	1.6331152133025737
4000	retained-storage-unchanged	0	60500625	49763542	0.8225293870931085
4000	retained-storage-unchanged	1	59998500	50067917	0.8344861454869705
4000	retained-storage-unchanged	2	59939791	49771625	0.830360336091262
4000	retained-storage-unchanged	3	60583042	51062333	0.8428486143036529
4000	retained-storage-unchanged	4	59090333	50088333	0.8476569763111675
4000	retained-storage-unchanged	5	58880958	49405166	0.8390686510229673
4000	retained-storage-unchanged	6	59037625	49769375	0.84301113061374
4000	retained-storage-unchanged	7	61441958	49549583	0.806445377277853
4000	retained-storage-unchanged	8	58477459	49014917	0.8381847952729957
4000	retained-storage-unchanged	9	57536208	48642625	0.8454263270182839
4000	retained-storage-unchanged	10	59125250	47663500	0.8061445828981696
4000	two-revisions-body	0	30185875	48710542	1.613686600106838
4000	two-revisions-body	1	30539000	48516750	1.5886816857133501
4000	two-revisions-body	2	30298125	49116666	1.6211123955690327
4000	two-revisions-body	3	31239459	48606291	1.5559261445596737
4000	two-revisions-body	4	30175958	50401875	1.670265944829324
4000	two-revisions-body	5	30962833	50841083	1.6420035918547893
4000	two-revisions-body	6	31318084	50807750	1.6223134850778227
4000	two-revisions-body	7	30967750	50200250	1.6210493174350735
4000	two-revisions-body	8	30777042	49226250	1.5994470813666888
4000	two-revisions-body	9	30459917	48980417	1.6080285773595508
4000	two-revisions-body	10	30479209	49573500	1.6264693745825227
4000	retained-storage-body	0	59003791	49475542	0.8385146303565477
4000	retained-storage-body	1	58589875	49294916	0.8413555413798033
4000	retained-storage-body	2	59907083	50968250	0.8507883783959236
4000	retained-storage-body	3	59796459	50382791	0.842571480695872
4000	retained-storage-body	4	59926292	48583625	0.8107230295510358
4000	retained-storage-body	5	61316375	48910125	0.7976682411509161
4000	retained-storage-body	6	59871292	50646667	0.8459257401694288
4000	retained-storage-body	7	59945459	49131334	0.8196005972695947
4000	retained-storage-body	8	60336792	49781667	0.8250632052164789
4000	retained-storage-body	9	61031458	49806541	0.8160798157566546
4000	retained-storage-body	10	59733791	50126250	0.839160702189486
