# status: intermediate RFC-0141 scalar candidate; adoption pending
# baseline_code: 49ea4a0
# candidate_c_sha256: 594dcc7c741143f7599e0c137b4456d5cfe25bf6699bfbe3b863a2d4736157f1
fixture	baseline_bytes	candidate_bytes	result
conformance/pass/branch_moves.slim	7285	7285	exact
conformance/pass/computed_variant_match.slim	3177	3177	exact
conformance/pass/conditional_result_moves.slim	9364	9364	exact
conformance/pass/data.slim	7515	7515	exact
conformance/pass/decimal_literals.slim	10278	10278	exact
conformance/pass/enum_collection_scope.slim	6249	6249	exact
conformance/pass/enum_copyable_repeated.slim	3444	3444	exact
conformance/pass/enum_empty_case.slim	4394	4394	exact
conformance/pass/enum_multiple_payloads.slim	6272	6272	exact
conformance/pass/enum_owned_branches.slim	5494	5494	exact
conformance/pass/enum_owned_multiple.slim	5287	5287	exact
conformance/pass/enum_owned_transfer.slim	4469	4469	exact
conformance/pass/enum_scalar_case.slim	5067	5067	exact
conformance/pass/enum_scope_exit.slim	5845	5845	exact
conformance/pass/enum_unknown_shared.slim	5539	5539	exact
conformance/pass/exclusive_assignment.slim	8983	8983	exact
conformance/pass/exclusive_assignment_counted.slim	8622	8622	exact
conformance/pass/familiar_syntax.slim	16604	16604	exact
conformance/pass/field_fresh_owner_shared.slim	4442	4442	exact
conformance/pass/file_input.slim	8327	8327	exact
conformance/pass/inline_forward_layouts.slim	9585	9585	exact
conformance/pass/inout.slim	4045	4045	exact
conformance/pass/lifetimes.slim	19000	19000	exact
conformance/pass/loan_ends_at_call.slim	10181	10181	exact
conformance/pass/loan_independent_owner.slim	10178	10178	exact
conformance/pass/loan_mutation_before_borrow.slim	9649	9649	exact
conformance/pass/loan_scalar_before_mutation.slim	9828	9828	exact
conformance/pass/loan_scalar_field_before_mutation.slim	4913	4913	exact
conformance/pass/loan_shared_nesting.slim	10054	10054	exact
conformance/pass/loan_unknown_nested_shared.slim	6333	6333	exact
conformance/pass/local_loan_collection_scope.slim	7421	7421	exact
conformance/pass/local_loan_independent.slim	5112	5112	exact
conformance/pass/local_loan_initializer.slim	4395	4395	exact
conformance/pass/local_loan_scalar.slim	4501	4501	exact
conformance/pass/local_loan_scope_exit.slim	5338	5338	exact
conformance/pass/local_loan_shared.slim	4440	4440	exact
conformance/pass/local_loan_sibling_scopes.slim	5730	5730	exact
conformance/pass/local_loan_unknown_shared.slim	5802	5802	exact
conformance/pass/monotonic_clock.slim	2653	2653	exact
conformance/pass/multiline_call_arguments.slim	7188	7188	exact
conformance/pass/nested_calls.slim	2874	2874	exact
conformance/pass/ownership_modes.slim	13954	13954	exact
conformance/pass/parallel_owned_result.slim	7316	7316	exact
conformance/pass/planned_allocation_calls.slim	4095	4095	exact
conformance/pass/record_wide.slim	8235	8235	exact
conformance/pass/recur.slim	5291	5291	exact
conformance/pass/recursive_collection_layout.slim	3089	3089	exact
conformance/pass/reduction.slim	18126	18126	exact
conformance/pass/reduction_preserve.slim	3063	3063	exact
conformance/pass/reinit_branches.slim	10563	10563	exact
conformance/pass/reinit_enum.slim	11031	11031	exact
conformance/pass/reinit_results.slim	8946	8946	exact
conformance/pass/reinit_transfer.slim	11666	11666	exact
conformance/pass/replacement_counted.slim	9796	9796	exact
conformance/pass/replacement_fields.slim	11855	11855	exact
conformance/pass/replacement_nested_calls.slim	7898	7898	exact
conformance/pass/replacement_order.slim	12404	12404	exact
conformance/pass/replacement_result_alias.slim	2750	2750	exact
conformance/pass/replacement_scope.slim	5385	5385	exact
conformance/pass/replacement_types.slim	12915	12915	exact
conformance/pass/scalars.slim	10676	10676	exact
conformance/pass/shadowed_bindings.slim	21011	21011	exact
conformance/pass/shadowed_parallel.slim	4023	4023	exact
conformance/pass/shared_borrows.slim	5418	5418	exact
conformance/pass/storage.slim	11840	11840	exact
conformance/pass/structured_parallel.slim	4580	4580	exact
conformance/pass/tcp_exchange.slim	2599	2599	exact
conformance/pass/termination_declared.slim	4723	4723	exact
conformance/pass/termination_declared_run.slim	6612	6612	exact
conformance/pass/termination_proven.slim	3401	3401	exact
conformance/pass/typed_temporaries.slim	8822	8822	exact
conformance/pass/unused_enum_payload.slim	2594	2594	exact
conformance/pass/unused_function.slim	2108	2108	exact
conformance/pass/variant_local_match.slim	4254	4254	exact
conformance/pass/variant_wide.slim	8574	8574	exact
conformance/fail/aggregate_move.slim	3330	3330	exact
conformance/fail/aggregate_use_after_move.slim	4200	4200	exact
conformance/fail/assignment_move.slim	2968	2968	exact
conformance/fail/boolean_match.slim	1283	1283	exact
conformance/fail/brace_syntax.slim	40	40	exact
conformance/fail/branch_move_join.slim	3508	3508	exact
conformance/fail/branch_move_prefix.slim	3508	3508	exact
conformance/fail/branch_move_same_arm.slim	3757	3757	exact
conformance/fail/call_argument_type.slim	1599	1599	exact
conformance/fail/call_arity.slim	1949	1949	exact
conformance/fail/call_prefix_enum_case.slim	40	40	exact
conformance/fail/call_prefix_enum_open.slim	40	40	exact
conformance/fail/call_prefix_enum_separator.slim	40	40	exact
conformance/fail/call_prefix_function.slim	1718	1718	exact
conformance/fail/call_prefix_recur.slim	1127	1127	exact
conformance/fail/call_prefix_struct.slim	40	40	exact
conformance/fail/collection_move.slim	3340	3340	exact
conformance/fail/comma_syntax.slim	40	40	exact
conformance/fail/conditional_assignment_move.slim	3205	3205	exact
conformance/fail/conditional_borrow_overlap.slim	4046	4046	exact
conformance/fail/conditional_move.slim	3621	3621	exact
conformance/fail/conditional_prefix_borrow_escape.slim	2808	2808	exact
conformance/fail/conditional_prefix_move.slim	3279	3279	exact
conformance/fail/conditional_same_owner_move.slim	2756	2756	exact
conformance/fail/copyable_parameter_mode.slim	1439	1439	exact
conformance/fail/declaration_name_conflict.slim	1685	1685	exact
conformance/fail/derived_exclusive_alias_overlap.slim	3144	3144	exact
conformance/fail/discarded_non_void.slim	1281	1281	exact
conformance/fail/doubled_comma.slim	40	40	exact
conformance/fail/duplicate_field.slim	2249	2249	exact
conformance/fail/duplicate_variant_arm.slim	2738	2738	exact
conformance/fail/empty_effects.slim	40	40	exact
conformance/fail/enum_after_match.slim	3372	3372	exact
conformance/fail/enum_branch_join.slim	3987	3987	exact
conformance/fail/enum_collection_move.slim	4129	4129	exact
conformance/fail/enum_collection_mutation.slim	3680	3680	exact
conformance/fail/enum_inside_match.slim	3133	3133	exact
conformance/fail/enum_nested_match.slim	4631	4631	exact
conformance/fail/enum_origin_assignment.slim	3112	3112	exact
conformance/fail/enum_origin_call.slim	4187	4187	exact
conformance/fail/enum_payload_var.slim	2909	2909	exact
conformance/fail/enum_unknown_origin.slim	4367	4367	exact
conformance/fail/exclusive_container_escape.slim	2379	2379	exact
conformance/fail/exclusive_variant_payload_return.slim	2952	2952	exact
conformance/fail/field_aggregate.slim	2406	2406	exact
conformance/fail/field_assignment.slim	3032	3032	exact
conformance/fail/field_collection.slim	2989	2989	exact
conformance/fail/field_enum.slim	2864	2864	exact
conformance/fail/field_freeze.slim	2298	2298	exact
conformance/fail/field_order.slim	2247	2247	exact
conformance/fail/field_origin_assignment.slim	3355	3355	exact
conformance/fail/field_origin_move.slim	3677	3677	exact
conformance/fail/field_return.slim	2250	2250	exact
conformance/fail/frozen_source_use.slim	2810	2810	exact
conformance/fail/immutable_assignment.slim	1288	1288	exact
conformance/fail/inline_enum_cycle.slim	1358	1358	exact
conformance/fail/inline_mixed_cycle.slim	1765	1765	exact
conformance/fail/inline_mutual_cycle.slim	1650	1650	exact
conformance/fail/inline_self_cycle.slim	1241	1241	exact
conformance/fail/inout_alias.slim	2807	2807	exact
conformance/fail/inout_return.slim	2718	2718	exact
conformance/fail/inout_temporary.slim	2043	2043	exact
conformance/fail/integer_outside_leading.slim	852	852	exact
conformance/fail/integer_outside_negative.slim	852	852	exact
conformance/fail/integer_outside_positive.slim	852	852	exact
conformance/fail/integer_outside_width.slim	852	852	exact
conformance/fail/invalid_structured_parallel.slim	2580	2580	exact
conformance/fail/leading_comma.slim	40	40	exact
conformance/fail/legacy_builtin.slim	40	40	exact
conformance/fail/legacy_identifier.slim	40	40	exact
conformance/fail/legacy_keywords.slim	40	40	exact
conformance/fail/loan_nested_freeze.slim	2932	2932	exact
conformance/fail/loan_scalar_field_during_exclusive.slim	3509	3509	exact
conformance/fail/loan_unknown_nested_mutation.slim	5944	5944	exact
conformance/fail/local_loan_assignment.slim	2461	2461	exact
conformance/fail/local_loan_builtin.slim	2628	2628	exact
conformance/fail/local_loan_collection_move.slim	3782	3782	exact
conformance/fail/local_loan_nested.slim	2991	2991	exact
conformance/fail/local_loan_shadow.slim	2665	2665	exact
conformance/fail/local_loan_unknown_move.slim	4528	4528	exact
conformance/fail/local_loan_unknown_mutation.slim	3747	3747	exact
conformance/fail/local_move.slim	2638	2638	exact
conformance/fail/main_parameter.slim	850	850	exact
conformance/fail/main_return.slim	850	850	exact
conformance/fail/malformed_block.slim	40	40	exact
conformance/fail/malformed_composite_type.slim	40	40	exact
conformance/fail/match_arm_type.slim	1275	1275	exact
conformance/fail/missing_alloc.slim	1310	1310	exact
conformance/fail/missing_builtin_exclusive_mode.slim	1826	1826	exact
conformance/fail/missing_builtin_owned_mode.slim	1776	1776	exact
conformance/fail/missing_clock_effect.slim	1209	1209	exact
conformance/fail/missing_comma.slim	40	40	exact
conformance/fail/missing_effect.slim	1242	1242	exact
conformance/fail/missing_exclusive_mode.slim	2657	2657	exact
conformance/fail/missing_field.slim	2088	2088	exact
conformance/fail/missing_owned_mode.slim	2486	2486	exact
conformance/fail/missing_partial.slim	1842	1842	exact
conformance/fail/missing_tcp_effect.slim	2178	2178	exact
conformance/fail/move_from_inout.slim	3302	3302	exact
conformance/fail/move_from_shared.slim	2441	2441	exact
conformance/fail/multiple.slim	941	941	exact
conformance/fail/nested_builtin_exclusive_read.slim	9720	9720	exact
conformance/fail/nested_builtin_mutation.slim	9448	9448	exact
conformance/fail/nested_call_aggregate_move.slim	9757	9757	exact
conformance/fail/nested_call_move.slim	9448	9448	exact
conformance/fail/nested_call_mutation.slim	9448	9448	exact
conformance/fail/nested_call_shared_then_mutation.slim	9856	9856	exact
conformance/fail/nested_move_join.slim	4361	4361	exact
conformance/fail/nested_type_mismatch.slim	1083	1083	exact
conformance/fail/nonexhaustive.slim	764	764	exact
conformance/fail/nonexhaustive_variant.slim	2577	2577	exact
conformance/fail/nonleading_structured_parallel.slim	2994	2994	exact
conformance/fail/odd_indentation.slim	40	40	exact
conformance/fail/owned_exclusive_overlap.slim	2826	2826	exact
conformance/fail/owned_owned_overlap.slim	2819	2819	exact
conformance/fail/owned_projection_transfer.slim	3026	3026	exact
conformance/fail/owned_shared_overlap.slim	2814	2814	exact
conformance/fail/parallel_borrow_escape.slim	3173	3173	exact
conformance/fail/qualified_reference.slim	1007	1007	exact
conformance/fail/recur_arity.slim	1758	1758	exact
conformance/fail/recur_owned_overlap.slim	2056	2056	exact
conformance/fail/recur_rebind.slim	3336	3336	exact
conformance/fail/reinit_borrowed.slim	4267	4267	exact
conformance/fail/reinit_immutable.slim	2984	2984	exact
conformance/fail/reinit_loan.slim	4090	4090	exact
conformance/fail/reinit_moved_field.slim	4908	4908	exact
conformance/fail/reinit_nested_missing.slim	4517	4517	exact
conformance/fail/reinit_one_arm.slim	3678	3678	exact
conformance/fail/reinit_rhs_moved.slim	2886	2886	exact
conformance/fail/reinit_wrong_type.slim	2861	2861	exact
conformance/fail/removed_inout.slim	40	40	exact
conformance/fail/replacement_alias.slim	2987	2987	exact
conformance/fail/replacement_arity.slim	2413	2413	exact
conformance/fail/replacement_borrowed_rhs.slim	2739	2739	exact
conformance/fail/replacement_collection_place.slim	2945	2945	exact
conformance/fail/replacement_consumed_rhs.slim	3145	3145	exact
conformance/fail/replacement_live_loan.slim	3557	3557	exact
conformance/fail/replacement_missing_mode.slim	2621	2621	exact
conformance/fail/replacement_moved.slim	3638	3638	exact
conformance/fail/replacement_overlap.slim	4134	4134	exact
conformance/fail/replacement_scalar.slim	2213	2213	exact
conformance/fail/replacement_shared.slim	2619	2619	exact
conformance/fail/replacement_temporary.slim	3189	3189	exact
conformance/fail/replacement_type.slim	2452	2452	exact
conformance/fail/replacement_unknown.slim	3633	3633	exact
conformance/fail/replacement_value_mode.slim	2744	2744	exact
conformance/fail/semicolon_syntax.slim	40	40	exact
conformance/fail/set_type.slim	1279	1279	exact
conformance/fail/shadowed_moved.slim	3017	3017	exact
conformance/fail/shadowed_type.slim	1322	1322	exact
conformance/fail/shadowed_undefined.slim	1277	1277	exact
conformance/fail/shared_aggregate_escape.slim	2369	2369	exact
conformance/fail/shared_assignment_escape.slim	2418	2418	exact
conformance/fail/shared_branch_container_escape.slim	3191	3191	exact
conformance/fail/shared_branch_return.slim	2285	2285	exact
conformance/fail/shared_container_escape.slim	2216	2216	exact
conformance/fail/shared_element_return.slim	2045	2045	exact
conformance/fail/shared_exclusive_overlap.slim	3349	3349	exact
conformance/fail/shared_local_escape.slim	2042	2042	exact
conformance/fail/shared_mutation.slim	1810	1810	exact
conformance/fail/shared_owned_overlap.slim	3343	3343	exact
conformance/fail/shared_return.slim	1666	1666	exact
conformance/fail/shared_variant_escape.slim	2417	2417	exact
conformance/fail/shared_variant_payload_mutation.slim	2932	2932	exact
conformance/fail/shared_variant_payload_return.slim	2946	2946	exact
conformance/fail/skipped_indentation.slim	40	40	exact
conformance/fail/stored_void.slim	1628	1628	exact
conformance/fail/tab_indentation.slim	40	40	exact
conformance/fail/termination_bad_argument.slim	2808	2808	exact
conformance/fail/termination_bad_prefix.slim	2850	2850	exact
conformance/fail/termination_direct.slim	1583	1583	exact
conformance/fail/termination_mutual.slim	2346	2346	exact
conformance/fail/termination_out_of_domain.slim	2395	2395	exact
conformance/fail/termination_unconditional.slim	1545	1545	exact
conformance/fail/termination_unknown_step.slim	2600	2600	exact
conformance/fail/termination_wrong_controller.slim	2607	2607	exact
conformance/fail/termination_zero_step.slim	2390	2390	exact
conformance/fail/tool_patch.slim	40	40	exact
conformance/fail/type_mismatch.slim	852	852	exact
conformance/fail/unexpected_builtin_mode.slim	1536	1536	exact
conformance/fail/unexpected_exclusive_mode.slim	2651	2651	exact
conformance/fail/unexpected_owned_mode.slim	2407	2407	exact
conformance/fail/unknown_field.slim	2249	2249	exact
conformance/fail/unknown_form.slim	1007	1007	exact
conformance/fail/unknown_name.slim	852	852	exact
conformance/fail/unknown_parameter_type.slim	1434	1434	exact
conformance/fail/unknown_record_type.slim	1242	1242	exact
conformance/fail/unknown_variant_case.slim	1764	1764	exact
conformance/fail/unordered_effects.slim	40	40	exact
conformance/fail/unterminated.slim	40	40	exact
conformance/fail/unterminated_string.slim	40	40	exact
conformance/fail/use_after_move.slim	2900	2900	exact
conformance/fail/variant_arm_order.slim	2857	2857	exact
conformance/fail/variant_payload_arity.slim	1764	1764	exact
conformance/fail/variant_payload_type.slim	1804	1804	exact
conformance/fail/variant_use_after_move.slim	4092	4092	exact
conformance/fail/void_parameter.slim	1420	1420	exact
benchmarks/challenges/arena_sum/program.slim	13082	13082	exact
benchmarks/challenges/bfs/program.slim	11134	11134	exact
benchmarks/challenges/binary_search/program.slim	17552	17552	exact
benchmarks/challenges/bytefreq/program.slim	18421	18421	exact
benchmarks/challenges/edit_distance/program.slim	42100	42100	exact
benchmarks/challenges/floyd_warshall/program.slim	29327	29327	exact
benchmarks/challenges/game_of_life/program.slim	41418	41418	exact
benchmarks/challenges/gcd_fib/program.slim	6935	6935	exact
benchmarks/challenges/image_convolution/program.slim	37785	37785	exact
benchmarks/challenges/knapsack/program.slim	17996	17996	exact
benchmarks/challenges/matrix/program.slim	20771	20771	exact
benchmarks/challenges/merge_sort/program.slim	41515	41515	exact
benchmarks/challenges/n_queens/program.slim	25931	25931	exact
benchmarks/challenges/prefix_sum/program.slim	10617	10617	exact
benchmarks/challenges/records/program.slim	10651	10651	exact
benchmarks/challenges/sieve/program.slim	20087	20087	exact
benchmarks/challenges/signal_network/program.slim	32887	32887	exact
benchmarks/challenges/state_machine/program.slim	20109	20109	exact
benchmarks/challenges/union_find/program.slim	23929	23929	exact
benchmarks/challenges/variants/program.slim	11425	11425	exact
tests/fixtures/stable_codegen.slim	20676	20676	exact
