# date=2026-09-07; seed_sha256=c0359c9f031c5182e2637a5681b9952de8c60273a5881a0155edc1a96be1eb6b; native session schema 2: phase, program lexings, function checks, C generations, declaration grammar executions, parsed-node imports; original-module and flat declaration grammar retained; ordinary O1 and ASan/UBSan O1 agree
session-case	work	2	2,1,1,2,0/0,0,0,0,0
session-case	work	2	2,1,1,2,0/2,1,1,2,0
session-case	compiler	2	2,1,1,2,0/2,1,1,2,0
session-case	runtime	2	2,1,1,2,0/2,1,1,2,0
session-case	target	2	2,1,1,2,0/2,1,1,2,0
session-case	options	2	2,1,1,2,0/2,1,1,2,0
session-case	metadata	2	2,1,1,2,0/2,1,1,2,0
session-case	metadata-declarations	2	2,1,1,2,0/2,1,1,2,0
session-case	metadata-edges	2	2,1,1,2,0/2,1,1,2,0
session-case	metadata-manifest	2	2,1,1,2,0/2,1,1,2,0
session-case	corrupt	2	2,1,1,2,0/0,0,1,0,0
session-case	missing-code	2	2,1,1,2,0/0,0,1,0,0
session-case	recover	3	2,1,1,2,0/2,1,0,2,0/0,0,0,0,0
session-case	attempt-limit	2	2,1,1,2,0/0,0,0,0,0
session-case	input-limit	2	2,1,1,2,0/0,0,0,0,0
session-case	revision-limit	2	2,1,1,2,0/0,0,0,0,0
session-case	bad-config	2	2,1,1,2,0/0,0,0,0,0
session-case	node-limit	3	2,1,1,2,0/2,0,0,2,0/0,0,0,0,0
session-case	code-limit	3	2,1,1,2,0/2,1,1,2,0/0,0,0,0,0
session-case	bad-limits	1	0,0,0,0,0
session-case	full-epoch	65	2,1,1,2,0/0,0,0,0,0/0,0,0,0,0/0,0,0,0,0/0,0,0,0,0/0,0,0,0,0/0,0,0,0,0/0,0,0,0,0/0,0,0,0,0/0,0,0,0,0/0,0,0,0,0/0,0,0,0,0/0,0,0,0,0/0,0,0,0,0/0,0,0,0,0/0,0,0,0,0/0,0,0,0,0/0,0,0,0,0/0,0,0,0,0/0,0,0,0,0/0,0,0,0,0/0,0,0,0,0/0,0,0,0,0/0,0,0,0,0/0,0,0,0,0/0,0,0,0,0/0,0,0,0,0/0,0,0,0,0/0,0,0,0,0/0,0,0,0,0/0,0,0,0,0/0,0,0,0,0/0,0,0,0,0/0,0,0,0,0/0,0,0,0,0/0,0,0,0,0/0,0,0,0,0/0,0,0,0,0/0,0,0,0,0/0,0,0,0,0/0,0,0,0,0/0,0,0,0,0/0,0,0,0,0/0,0,0,0,0/0,0,0,0,0/0,0,0,0,0/0,0,0,0,0/0,0,0,0,0/0,0,0,0,0/0,0,0,0,0/0,0,0,0,0/0,0,0,0,0/0,0,0,0,0/0,0,0,0,0/0,0,0,0,0/0,0,0,0,0/0,0,0,0,0/0,0,0,0,0/0,0,0,0,0/0,0,0,0,0/0,0,0,0,0/0,0,0,0,0/0,0,0,0,0/0,0,0,0,0/0,0,0,0,0
session-case	epochs	4	2,1,1,2,0/0,0,0,0,0/2,1,1,2,0/0,0,0,0,0
session-case	work	2	2,1,1,2,0/2,0,0,1,18
session-case	work	2	2,1,1,2,0/2,0,0,0,36
session-captured-input	exact	file-replaced-before-preparation
session-case	work	2	3,2,1,4,0/3,1,1,2,44
session-case	work	2	3,2,1,4,0/3,1,1,2,40
session-case	work	2	3,2,1,4,0/3,2,1,4,0
session-case	work	2	3,2,1,4,0/3,2,1,4,0
session-case	work	2	3,2,1,4,0/3,1,1,3,64
session-case	work	2	3,3,1,6,0/3,0,1,1,64
session-case	recover	3	3,2,1,4,0/3,1,0,2,40/0,0,0,0,0
session-case	work	2	3,2,1,4,0/3,2,1,4,0
session-case	work	2	3,2,1,4,0/3,2,1,4,0
session-case	work	2	2,1,1,2,0/3,2,1,4,0
session-case	work	2	3,2,1,4,0/2,1,1,2,0
session-case	reinsert	3	3,2,1,4,0/2,1,1,2,0/3,2,1,4,0
session-case	recover	3	3,2,1,4,0/0,0,0,0,0/0,0,0,0,0
session-case	work	2	3,2,1,4,0/4,1,1,2,84
session-case	reinsert	3	4,3,1,6,0/3,0,1,0,84/4,1,1,2,84
session-case	work	2	3,3,1,6,0/3,0,1,2,75
session-case	work	2	3,2,1,4,0/3,1,1,2,46
session-case	work	2	2,3,1,10,0/2,2,1,4,72
session-case	work	2	2,4,1,12,0/2,2,1,4,166
session-case	recover	3	2,4,1,12,0/2,1,0,2,196/0,0,0,0,0
session-rejection	wrong-entry	1
session-rejection	missing-export	1
session-rejection	missing-import	1
session-rejection	missing-module	1
session-rejection	wrong-identity	1
session-rejection	syntax-before-read	1
session-rejection	invalid-manifest	1
session-case	work	2	2,3,1,6,0/0,0,0,0,0
session-case	work	2	2,1,1,4,0/0,0,0,0,0
session-case	work	2	2,2,1,4,0/0,0,0,0,0
session-case	work	2	2,2,1,8,0/0,0,0,0,0
session-case	work	2	2,3,1,8,0/0,0,0,0,0
session-case	work	2	2,2,1,6,0/0,0,0,0,0
session-case	work	2	2,2,1,6,0/0,0,0,0,0
session-case	work	2	2,2,1,6,0/0,0,0,0,0
session-case	work	2	2,2,1,6,0/0,0,0,0,0
session-case	work	2	2,2,1,6,0/0,0,0,0,0
session-case	work	2	2,2,1,6,0/0,0,0,0,0
session-case	work	2	2,2,1,6,0/0,0,0,0,0
session-case	work	2	2,3,1,8,0/0,0,0,0,0
session-case	work	2	2,2,1,6,0/0,0,0,0,0
session-case	work	2	2,3,1,6,0/0,0,0,0,0
session-case	work	2	2,3,1,6,0/0,0,0,0,0
session-case	work	2	2,6,1,20,0/0,0,0,0,0
session-case	work	2	2,2,1,6,0/0,0,0,0,0
session-case	work	2	2,1,1,2,0/0,0,0,0,0
session-case	work	2	2,2,1,14,0/0,0,0,0,0
session-case	work	2	2,2,1,4,0/0,0,0,0,0
session-case	work	2	2,5,1,14,0/0,0,0,0,0
session-case	work	2	2,7,1,16,0/0,0,0,0,0
session-case	work	2	2,7,1,16,0/0,0,0,0,0
session-case	work	2	2,7,1,16,0/0,0,0,0,0
session-case	work	2	2,7,1,16,0/0,0,0,0,0
session-case	work	2	2,3,1,8,0/0,0,0,0,0
session-case	work	2	2,7,1,16,0/0,0,0,0,0
session-case	work	2	2,3,1,6,0/0,0,0,0,0
session-case	work	2	2,3,1,6,0/0,0,0,0,0
session-case	work	2	2,2,1,4,0/0,0,0,0,0
session-case	work	2	2,2,1,4,0/0,0,0,0,0
session-case	work	2	2,2,1,4,0/0,0,0,0,0
session-case	work	2	2,2,1,4,0/0,0,0,0,0
session-case	work	2	2,2,1,4,0/0,0,0,0,0
session-case	work	2	2,2,1,4,0/0,0,0,0,0
session-case	work	2	2,3,1,6,0/0,0,0,0,0
session-case	work	2	2,1,1,2,0/0,0,0,0,0
session-case	work	2	2,3,1,10,0/0,0,0,0,0
session-case	work	2	2,2,1,4,0/0,0,0,0,0
session-case	work	2	2,5,1,14,0/0,0,0,0,0
session-case	work	2	2,4,1,8,0/0,0,0,0,0
session-case	work	2	2,2,1,4,0/0,0,0,0,0
session-case	work	2	2,1,1,4,0/0,0,0,0,0
session-case	work	2	2,2,1,4,0/0,0,0,0,0
session-case	work	2	2,1,1,4,0/0,0,0,0,0
session-case	work	2	2,7,1,14,0/0,0,0,0,0
session-case	work	2	2,1,1,2,0/0,0,0,0,0
session-case	work	2	2,3,1,6,0/0,0,0,0,0
session-case	work	2	2,3,1,10,0/0,0,0,0,0
session-case	work	2	2,4,1,10,0/0,0,0,0,0
session-case	work	2	2,3,1,10,0/0,0,0,0,0
session-case	work	2	2,3,1,8,0/0,0,0,0,0
session-case	work	2	2,2,1,8,0/0,0,0,0,0
session-case	work	2	2,1,1,4,0/0,0,0,0,0
session-case	work	2	2,2,1,6,0/0,0,0,0,0
session-case	work	2	2,1,1,2,0/0,0,0,0,0
session-case	work	2	2,1,1,4,0/0,0,0,0,0
session-case	work	2	2,1,1,6,0/0,0,0,0,0
session-case	work	2	2,1,1,2,0/0,0,0,0,0
session-case	work	2	2,6,1,16,0/0,0,0,0,0
session-case	work	2	2,3,1,6,0/0,0,0,0,0
session-case	work	2	2,3,1,6,0/0,0,0,0,0
session-case	work	2	2,1,1,2,0/0,0,0,0,0
session-case	work	2	2,2,1,4,0/0,0,0,0,0
session-case	work	2	2,1,1,2,0/0,0,0,0,0
session-case	work	2	2,5,1,10,0/0,0,0,0,0
session-case	work	2	2,4,1,8,0/0,0,0,0,0
session-case	work	2	2,2,1,4,0/0,0,0,0,0
session-case	work	2	2,1,1,8,0/0,0,0,0,0
session-case	work	2	2,2,1,6,0/0,0,0,0,0
session-case	work	2	2,2,1,4,0/0,0,0,0,0
session-case	work	2	2,2,1,6,0/0,0,0,0,0
session-case	work	2	2,2,1,6,0/0,0,0,0,0
session-case	work	2	2,3,1,6,0/0,0,0,0,0
session-case	work	2	2,3,1,6,0/0,0,0,0,0
session-case	work	2	2,4,1,8,0/0,0,0,0,0
session-case	work	2	2,4,1,8,0/0,0,0,0,0
session-case	work	2	2,9,1,18,0/0,0,0,0,0
session-case	work	2	2,6,1,12,0/0,0,0,0,0
session-case	work	2	2,7,1,14,0/0,0,0,0,0
session-case	work	2	2,3,1,6,0/0,0,0,0,0
session-case	work	2	2,6,1,12,0/0,0,0,0,0
session-case	work	2	2,4,1,8,0/0,0,0,0,0
session-case	work	2	2,4,1,8,0/0,0,0,0,0
session-case	work	2	2,9,1,18,0/0,0,0,0,0
session-case	work	2	2,5,1,10,0/0,0,0,0,0
session-case	work	2	2,3,1,6,0/0,0,0,0,0
session-case	work	2	2,3,1,8,0/0,0,0,0,0
session-case	work	2	2,5,1,10,0/0,0,0,0,0
session-case	work	2	2,4,1,10,0/0,0,0,0,0
session-case	work	2	2,4,1,10,0/0,0,0,0,0
session-case	work	2	2,7,1,14,0/0,0,0,0,0
session-case	work	2	2,4,1,10,0/0,0,0,0,0
session-differential	94	complete-prepared-fields-and-C
session-case	work	2	3,2,1,4,0/0,0,0,0,0
session-geometric	1	unchanged	0	2	0	0	0
session-case	work	2	3,2,1,4,0/3,1,1,2,44
session-geometric	1	body	1	1	22	2	44
session-case	parse-metadata	2	3,2,1,4,0/3,1,1,3,22
session-case	parse-modules	2	3,2,1,4,0/3,1,1,3,22
session-case	parse-module-names	2	3,2,1,4,0/3,1,1,3,22
session-case	parse-module-edges	2	3,2,1,4,0/3,1,1,3,22
session-case	node-limit	3	3,2,1,4,0/3,0,0,3,22/0,0,0,0,0
session-case	work	2	3,3,1,6,0/0,0,0,0,0
session-geometric	2	unchanged	0	3	0	0	0
session-case	work	2	3,3,1,6,0/3,1,1,2,74
session-geometric	2	body	1	2	37	2	74
session-case	parse-metadata	2	3,3,1,6,0/3,1,1,4,37
session-case	parse-modules	2	3,3,1,6,0/3,1,1,4,37
session-case	parse-module-names	2	3,3,1,6,0/3,1,1,4,37
session-case	parse-module-edges	2	3,3,1,6,0/3,1,1,4,37
session-case	node-limit	3	3,3,1,6,0/3,0,0,4,37/0,0,0,0,0
session-case	work	2	3,126,1,252,0/0,0,0,0,0
session-geometric	125	unchanged	0	126	0	0	0
session-case	work	2	3,126,1,252,0/3,1,1,2,3764
session-geometric	125	body	1	125	1882	2	3764
session-case	parse-metadata	2	3,126,1,252,0/3,1,1,127,1882
session-case	parse-modules	2	3,126,1,252,0/3,1,1,127,1882
session-case	parse-module-names	2	3,126,1,252,0/3,1,1,127,1882
session-case	parse-module-edges	2	3,126,1,252,0/3,1,1,127,1882
session-case	work	2	3,251,1,502,0/0,0,0,0,0
session-geometric	250	unchanged	0	251	0	0	0
session-case	work	2	3,251,1,502,0/3,1,1,2,7514
session-geometric	250	body	1	250	3757	2	7514
session-case	parse-metadata	2	3,251,1,502,0/3,1,1,252,3757
session-case	parse-modules	2	3,251,1,502,0/3,1,1,252,3757
session-case	parse-module-names	2	3,251,1,502,0/3,1,1,252,3757
session-case	parse-module-edges	2	3,251,1,502,0/3,1,1,252,3757
session-case	work	2	3,501,1,1002,0/0,0,0,0,0
session-geometric	500	unchanged	0	501	0	0	0
session-case	work	2	3,501,1,1002,0/3,1,1,2,15014
session-geometric	500	body	1	500	7507	2	15014
session-case	parse-metadata	2	3,501,1,1002,0/3,1,1,502,7507
session-case	parse-modules	2	3,501,1,1002,0/3,1,1,502,7507
session-case	parse-module-names	2	3,501,1,1002,0/3,1,1,502,7507
session-case	parse-module-edges	2	3,501,1,1002,0/3,1,1,502,7507
session-case	work	2	3,1001,1,2002,0/0,0,0,0,0
session-geometric	1000	unchanged	0	1001	0	0	0
session-case	work	2	3,1001,1,2002,0/3,1,1,2,30014
session-geometric	1000	body	1	1000	15007	2	30014
session-case	parse-metadata	2	3,1001,1,2002,0/3,1,1,1002,15007
session-case	parse-modules	2	3,1001,1,2002,0/3,1,1,1002,15007
session-case	parse-module-names	2	3,1001,1,2002,0/3,1,1,1002,15007
session-case	parse-module-edges	2	3,1001,1,2002,0/3,1,1,1002,15007
session-case	work	2	3,2001,1,4002,0/0,0,0,0,0
session-geometric	2000	unchanged	0	2001	0	0	0
session-case	work	2	3,2001,1,4002,0/3,1,1,2,60014
session-geometric	2000	body	1	2000	30007	2	60014
session-case	parse-metadata	2	3,2001,1,4002,0/3,1,1,2002,30007
session-case	parse-modules	2	3,2001,1,4002,0/3,1,1,2002,30007
session-case	parse-module-names	2	3,2001,1,4002,0/3,1,1,2002,30007
session-case	parse-module-edges	2	3,2001,1,4002,0/3,1,1,2002,30007
session-case	work	2	3,4001,1,8002,0/0,0,0,0,0
session-geometric	4000	unchanged	0	4001	0	0	0
session-case	work	2	3,4001,1,8002,0/3,1,1,2,120014
session-geometric	4000	body	1	4000	60007	2	120014
session-case	parse-metadata	2	3,4001,1,8002,0/3,1,1,4002,60007
session-case	parse-modules	2	3,4001,1,8002,0/3,1,1,4002,60007
session-case	parse-module-names	2	3,4001,1,8002,0/3,1,1,4002,60007
session-case	parse-module-edges	2	3,4001,1,8002,0/3,1,1,4002,60007
session-fault-summary	471	1577
# Additional aggregate-history capacity cases: ordinary O1 and ASan/UBSan O1; same candidate seed; targeted quick matrix after the full campaign
session-case	history-token-fit	2	3,2,1,4,0/0,0,0,0,0
session-case	history-token-under	2	3,2,1,4,0/0,0,0,0,0
session-case	history-lexeme-fit	2	3,2,1,4,0/0,0,0,0,0
session-case	history-lexeme-under	2	3,2,1,4,0/0,0,0,0,0
