# status: intermediate RFC-0141 unary candidate; adoption pending
# baseline_code: 49ea4a0
# candidate_c_sha256: 386874c869ea2acf6b6da43139a21f8eeb8f7ecab53bb005546a75e49dad71b7
fixture	ordinal	status
conformance/pass/reinit_branches.slim	1	71
conformance/pass/reinit_branches.slim	2	71
conformance/pass/reinit_branches.slim	3	71
conformance/pass/reinit_branches.slim	4	71
conformance/pass/reinit_branches.slim	5	71
conformance/pass/reinit_branches.slim	6	71
conformance/pass/reinit_branches.slim	7	71
conformance/pass/reinit_branches.slim	8	71
conformance/pass/reinit_branches.slim	9	71
conformance/pass/reinit_branches.slim	10	71
conformance/pass/reinit_branches.slim	11	71
conformance/pass/reinit_branches.slim	12	71
conformance/pass/reinit_branches.slim	13	71
conformance/pass/reinit_branches.slim	14	71
conformance/pass/reinit_branches.slim	15	71
conformance/pass/reinit_branches.slim	16	71
conformance/pass/reinit_branches.slim	17	71
conformance/pass/reinit_branches.slim	18	71
conformance/pass/reinit_branches.slim	19	71
conformance/pass/reinit_branches.slim	20	71
conformance/pass/reinit_branches.slim	21	71
conformance/pass/reinit_branches.slim	22	71
conformance/pass/reinit_branches.slim	23	71
conformance/pass/reinit_branches.slim	24	71
conformance/pass/reinit_branches.slim	25	71
conformance/pass/reinit_branches.slim	26	71
conformance/pass/reinit_branches.slim	27	71
conformance/pass/reinit_branches.slim	28	71
conformance/pass/reinit_branches.slim	29	71
conformance/pass/reinit_branches.slim	30	71
conformance/pass/reinit_branches.slim	31	71
conformance/pass/reinit_branches.slim	32	71
conformance/pass/reinit_branches.slim	33	71
conformance/pass/reinit_branches.slim	34	71
conformance/pass/reinit_branches.slim	35	71
conformance/pass/reinit_branches.slim	36	71
conformance/pass/reinit_branches.slim	37	71
conformance/pass/reinit_branches.slim	38	71
conformance/pass/reinit_branches.slim	39	71
conformance/pass/reinit_branches.slim	40	71
conformance/pass/reinit_branches.slim	41	71
conformance/pass/reinit_branches.slim	42	71
conformance/pass/reinit_branches.slim	43	71
conformance/pass/reinit_branches.slim	44	71
conformance/pass/reinit_branches.slim	45	71
conformance/pass/reinit_branches.slim	46	71
conformance/pass/reinit_branches.slim	47	71
conformance/pass/reinit_branches.slim	48	71
conformance/pass/reinit_branches.slim	49	71
conformance/pass/reinit_branches.slim	50	71
conformance/pass/reinit_branches.slim	51	71
conformance/pass/reinit_branches.slim	52	71
conformance/pass/reinit_branches.slim	53	71
conformance/pass/reinit_branches.slim	54	71
conformance/pass/reinit_branches.slim	55	71
conformance/pass/reinit_branches.slim	56	71
conformance/pass/reinit_branches.slim	57	71
conformance/pass/reinit_branches.slim	58	71
conformance/pass/reinit_branches.slim	59	71
conformance/pass/reinit_branches.slim	60	71
conformance/pass/reinit_branches.slim	61	71
conformance/pass/reinit_branches.slim	62	71
conformance/pass/reinit_branches.slim	63	71
conformance/pass/reinit_branches.slim	64	71
conformance/pass/reinit_branches.slim	65	71
conformance/pass/reinit_branches.slim	66	71
conformance/pass/reinit_branches.slim	67	71
conformance/pass/reinit_branches.slim	68	71
conformance/pass/reinit_branches.slim	69	71
conformance/pass/reinit_branches.slim	70	71
conformance/pass/reinit_branches.slim	71	71
conformance/pass/reinit_branches.slim	72	71
conformance/pass/reinit_branches.slim	73	71
conformance/pass/reinit_branches.slim	74	71
conformance/pass/reinit_branches.slim	75	71
conformance/pass/reinit_branches.slim	76	71
conformance/pass/reinit_branches.slim	77	71
conformance/pass/reinit_branches.slim	78	71
conformance/pass/reinit_branches.slim	79	71
conformance/pass/reinit_branches.slim	80	71
conformance/pass/reinit_branches.slim	81	71
conformance/pass/reinit_branches.slim	82	71
conformance/pass/reinit_branches.slim	83	71
conformance/pass/reinit_branches.slim	84	71
conformance/pass/reinit_branches.slim	85	71
conformance/pass/reinit_branches.slim	86	71
conformance/pass/reinit_branches.slim	87	71
conformance/pass/reinit_branches.slim	88	71
conformance/pass/reinit_branches.slim	89	71
conformance/pass/reinit_branches.slim	90	71
conformance/pass/reinit_branches.slim	91	71
conformance/pass/reinit_branches.slim	92	71
conformance/pass/reinit_branches.slim	93	71
conformance/pass/reinit_branches.slim	94	71
conformance/pass/reinit_branches.slim	95	71
conformance/pass/reinit_branches.slim	96	71
conformance/pass/reinit_branches.slim	97	71
conformance/pass/reinit_branches.slim	98	71
conformance/pass/reinit_branches.slim	99	71
conformance/pass/reinit_branches.slim	100	71
conformance/pass/reinit_branches.slim	101	71
conformance/pass/reinit_branches.slim	102	71
conformance/pass/reinit_branches.slim	103	71
conformance/pass/reinit_branches.slim	104	71
conformance/pass/reinit_branches.slim	105	71
conformance/pass/reinit_branches.slim	106	71
conformance/pass/reinit_branches.slim	107	71
conformance/pass/reinit_branches.slim	108	71
conformance/pass/reinit_branches.slim	109	71
conformance/pass/reinit_branches.slim	110	71
conformance/pass/reinit_branches.slim	111	71
conformance/pass/reinit_branches.slim	112	71
conformance/pass/reinit_branches.slim	113	71
conformance/pass/reinit_branches.slim	114	71
conformance/pass/reinit_branches.slim	115	71
conformance/pass/reinit_branches.slim	116	71
conformance/pass/reinit_branches.slim	117	71
conformance/pass/reinit_branches.slim	118	71
conformance/pass/reinit_branches.slim	119	71
conformance/pass/reinit_branches.slim	120	71
conformance/pass/reinit_branches.slim	121	71
conformance/pass/reinit_branches.slim	122	71
conformance/pass/reinit_branches.slim	123	71
conformance/pass/reinit_branches.slim	124	0
conformance/pass/reinit_branches.slim	125	0
conformance/pass/reinit_branches.slim	126	0
conformance/pass/reinit_branches.slim	127	0
conformance/pass/reinit_branches.slim	128	0
conformance/pass/reinit_branches.slim	129	0
conformance/pass/reinit_branches.slim	130	0
conformance/pass/reinit_branches.slim	131	0
conformance/pass/reinit_branches.slim	132	0
conformance/pass/reinit_branches.slim	133	0
conformance/pass/reinit_branches.slim	134	0
conformance/pass/reinit_branches.slim	135	0
conformance/pass/reinit_branches.slim	136	0
conformance/pass/reinit_branches.slim	137	0
conformance/pass/reinit_branches.slim	138	0
conformance/pass/reinit_branches.slim	139	0
conformance/pass/reinit_branches.slim	140	0
conformance/pass/reinit_branches.slim	141	0
conformance/pass/reinit_branches.slim	142	0
conformance/pass/reinit_branches.slim	143	0
conformance/pass/reinit_branches.slim	144	0
conformance/pass/reinit_branches.slim	145	0
conformance/pass/reinit_branches.slim	146	0
conformance/pass/reinit_branches.slim	147	0
conformance/pass/reinit_branches.slim	148	0
conformance/pass/reinit_branches.slim	149	0
conformance/pass/reinit_branches.slim	150	0
conformance/pass/reinit_branches.slim	151	0
conformance/pass/reinit_branches.slim	152	0
conformance/pass/reinit_branches.slim	153	0
conformance/pass/reinit_branches.slim	154	0
conformance/pass/reinit_branches.slim	155	0
conformance/pass/reinit_branches.slim	156	0
conformance/pass/reinit_branches.slim	157	0
conformance/pass/reinit_branches.slim	158	0
conformance/pass/reinit_branches.slim	159	0
conformance/pass/reinit_branches.slim	160	0
conformance/pass/reinit_branches.slim	161	0
conformance/pass/reinit_branches.slim	162	0
conformance/pass/reinit_branches.slim	163	0
conformance/pass/reinit_branches.slim	164	0
conformance/pass/reinit_branches.slim	165	0
conformance/pass/reinit_branches.slim	166	0
conformance/pass/reinit_branches.slim	167	0
conformance/pass/reinit_branches.slim	168	0
conformance/pass/reinit_branches.slim	169	0
conformance/pass/reinit_branches.slim	170	0
conformance/pass/reinit_branches.slim	171	0
conformance/pass/reinit_branches.slim	172	0
conformance/pass/reinit_branches.slim	173	0
conformance/pass/reinit_branches.slim	174	0
conformance/pass/reinit_branches.slim	175	0
conformance/pass/reinit_branches.slim	176	0
conformance/pass/reinit_branches.slim	177	0
conformance/pass/reinit_branches.slim	178	0
conformance/pass/reinit_branches.slim	179	0
conformance/pass/reinit_branches.slim	180	0
conformance/pass/reinit_branches.slim	181	0
conformance/pass/reinit_branches.slim	182	0
conformance/pass/reinit_branches.slim	183	0
conformance/pass/reinit_branches.slim	184	0
conformance/pass/reinit_branches.slim	185	0
conformance/pass/reinit_branches.slim	186	0
conformance/pass/reinit_branches.slim	187	0
conformance/pass/reinit_branches.slim	188	0
conformance/pass/reinit_branches.slim	189	0
conformance/pass/reinit_branches.slim	190	0
conformance/pass/reinit_branches.slim	191	0
conformance/pass/reinit_branches.slim	192	0
conformance/pass/reinit_branches.slim	193	0
conformance/pass/reinit_branches.slim	194	0
conformance/pass/reinit_branches.slim	195	0
conformance/pass/reinit_branches.slim	196	0
conformance/pass/reinit_branches.slim	197	0
conformance/pass/reinit_branches.slim	198	0
conformance/pass/reinit_branches.slim	199	0
conformance/pass/reinit_branches.slim	200	0
conformance/pass/reinit_branches.slim	201	0
conformance/pass/reinit_branches.slim	202	0
conformance/pass/reinit_branches.slim	203	0
conformance/pass/reinit_branches.slim	204	0
conformance/pass/reinit_branches.slim	205	0
conformance/pass/reinit_branches.slim	206	0
conformance/pass/reinit_branches.slim	207	0
conformance/pass/reinit_branches.slim	208	0
conformance/pass/reinit_branches.slim	209	0
conformance/pass/reinit_branches.slim	210	0
conformance/pass/reinit_branches.slim	211	0
conformance/pass/reinit_branches.slim	212	0
conformance/pass/reinit_branches.slim	213	0
conformance/pass/reinit_branches.slim	214	0
conformance/pass/reinit_branches.slim	215	0
conformance/pass/reinit_branches.slim	216	0
conformance/pass/reinit_branches.slim	217	0
conformance/pass/reinit_branches.slim	218	0
conformance/pass/reinit_branches.slim	219	0
conformance/pass/reinit_branches.slim	220	0
conformance/pass/reinit_branches.slim	221	0
conformance/pass/reinit_branches.slim	222	0
conformance/pass/reinit_branches.slim	223	0
conformance/pass/reinit_branches.slim	224	0
conformance/pass/reinit_branches.slim	225	0
conformance/pass/reinit_branches.slim	226	0
conformance/pass/reinit_branches.slim	227	0
conformance/pass/reinit_branches.slim	228	0
conformance/pass/reinit_branches.slim	229	0
conformance/pass/reinit_branches.slim	230	0
conformance/pass/reinit_branches.slim	231	0
conformance/pass/reinit_branches.slim	232	0
conformance/pass/reinit_branches.slim	233	0
conformance/pass/reinit_branches.slim	234	0
conformance/pass/reinit_branches.slim	235	0
conformance/pass/reinit_branches.slim	236	0
conformance/pass/reinit_branches.slim	237	0
conformance/pass/reinit_branches.slim	238	0
conformance/pass/reinit_branches.slim	239	0
conformance/pass/reinit_branches.slim	240	0
conformance/pass/reinit_branches.slim	241	0
conformance/pass/reinit_branches.slim	242	0
conformance/pass/reinit_branches.slim	243	0
conformance/pass/reinit_branches.slim	244	0
conformance/pass/reinit_branches.slim	245	0
conformance/pass/reinit_branches.slim	246	0
conformance/pass/reinit_branches.slim	247	0
conformance/pass/reinit_branches.slim	248	0
conformance/pass/reinit_branches.slim	249	0
conformance/pass/reinit_branches.slim	250	0
conformance/pass/reinit_branches.slim	251	0
conformance/pass/reinit_branches.slim	252	0
conformance/pass/reinit_branches.slim	253	0
conformance/pass/reinit_branches.slim	254	0
conformance/pass/reinit_branches.slim	255	0
conformance/pass/reinit_branches.slim	256	0
conformance/pass/reinit_branches.slim	257	0
conformance/pass/reinit_branches.slim	258	0
conformance/pass/reinit_branches.slim	259	0
conformance/pass/reinit_branches.slim	260	0
conformance/pass/reinit_branches.slim	261	0
conformance/pass/reinit_branches.slim	262	0
conformance/pass/reinit_branches.slim	263	0
conformance/pass/reinit_branches.slim	264	0
conformance/pass/reinit_branches.slim	265	0
conformance/pass/reinit_branches.slim	266	0
conformance/pass/reinit_branches.slim	267	0
conformance/pass/reinit_branches.slim	268	0
conformance/pass/reinit_branches.slim	269	0
conformance/pass/reinit_branches.slim	270	0
conformance/pass/reinit_branches.slim	271	0
conformance/pass/reinit_branches.slim	272	0
conformance/pass/reinit_branches.slim	273	0
conformance/pass/reinit_branches.slim	274	0
conformance/pass/reinit_branches.slim	275	0
conformance/pass/reinit_branches.slim	276	0
conformance/pass/reinit_branches.slim	277	0
conformance/pass/reinit_branches.slim	278	0
conformance/pass/reinit_branches.slim	279	0
conformance/pass/reinit_branches.slim	280	0
conformance/pass/reinit_branches.slim	281	0
conformance/pass/reinit_branches.slim	282	0
conformance/pass/reinit_branches.slim	283	0
conformance/pass/reinit_branches.slim	284	0
conformance/pass/reinit_branches.slim	285	0
conformance/pass/reinit_branches.slim	286	0
conformance/pass/reinit_branches.slim	287	0
conformance/pass/reinit_branches.slim	288	0
conformance/pass/reinit_branches.slim	289	0
conformance/pass/reinit_branches.slim	290	0
conformance/pass/reinit_branches.slim	291	0
conformance/pass/reinit_branches.slim	292	0
conformance/pass/reinit_branches.slim	293	0
conformance/pass/reinit_branches.slim	294	0
conformance/pass/reinit_branches.slim	295	0
conformance/pass/reinit_branches.slim	296	0
conformance/pass/reinit_branches.slim	297	0
conformance/pass/reinit_branches.slim	298	0
conformance/pass/reinit_branches.slim	299	0
conformance/pass/reinit_branches.slim	300	0
conformance/pass/reinit_branches.slim	301	0
conformance/pass/reinit_branches.slim	302	0
conformance/pass/reinit_branches.slim	303	0
conformance/pass/reinit_branches.slim	304	0
conformance/pass/reinit_branches.slim	305	0
conformance/pass/reinit_branches.slim	306	0
conformance/pass/reinit_branches.slim	307	0
conformance/pass/reinit_branches.slim	308	0
conformance/pass/reinit_branches.slim	309	0
conformance/pass/reinit_branches.slim	310	0
conformance/pass/reinit_branches.slim	311	0
conformance/pass/reinit_branches.slim	312	0
conformance/pass/reinit_branches.slim	313	0
conformance/pass/reinit_branches.slim	314	0
conformance/pass/reinit_branches.slim	315	0
conformance/pass/reinit_branches.slim	316	0
conformance/pass/reinit_branches.slim	317	0
conformance/pass/reinit_branches.slim	318	0
conformance/pass/reinit_branches.slim	319	0
conformance/pass/reinit_branches.slim	320	0
conformance/pass/reinit_branches.slim	321	0
conformance/pass/reinit_branches.slim	322	0
conformance/pass/reinit_branches.slim	323	0
conformance/pass/reinit_branches.slim	324	0
conformance/pass/reinit_branches.slim	325	0
conformance/pass/reinit_branches.slim	326	0
conformance/pass/reinit_branches.slim	327	0
conformance/pass/reinit_branches.slim	328	0
conformance/pass/reinit_branches.slim	329	0
conformance/pass/reinit_branches.slim	330	0
conformance/pass/reinit_branches.slim	331	0
conformance/pass/reinit_branches.slim	332	0
conformance/pass/reinit_branches.slim	333	0
conformance/pass/reinit_branches.slim	334	0
conformance/pass/reinit_branches.slim	335	0
conformance/pass/reinit_branches.slim	336	0
conformance/pass/reinit_branches.slim	337	0
conformance/pass/reinit_branches.slim	338	0
conformance/pass/reinit_branches.slim	339	0
conformance/pass/reinit_branches.slim	340	0
conformance/pass/reinit_branches.slim	341	0
conformance/pass/reinit_branches.slim	342	0
conformance/pass/reinit_branches.slim	343	0
conformance/pass/reinit_branches.slim	344	0
conformance/pass/reinit_branches.slim	345	0
conformance/pass/reinit_branches.slim	346	0
conformance/pass/reinit_branches.slim	347	0
conformance/pass/reinit_branches.slim	348	0
conformance/pass/reinit_branches.slim	349	0
conformance/pass/reinit_branches.slim	350	0
conformance/pass/reinit_branches.slim	351	0
conformance/pass/reinit_branches.slim	352	0
conformance/pass/reinit_branches.slim	353	0
conformance/pass/reinit_branches.slim	354	0
conformance/pass/reinit_branches.slim	355	0
conformance/pass/reinit_branches.slim	356	0
conformance/pass/reinit_branches.slim	357	0
conformance/pass/reinit_branches.slim	358	0
conformance/pass/reinit_branches.slim	359	0
conformance/pass/reinit_branches.slim	360	0
conformance/pass/reinit_branches.slim	361	0
conformance/pass/reinit_branches.slim	362	0
conformance/pass/reinit_branches.slim	363	0
conformance/pass/reinit_branches.slim	364	0
conformance/pass/reinit_branches.slim	365	0
conformance/pass/reinit_branches.slim	366	0
conformance/pass/reinit_branches.slim	367	0
conformance/pass/reinit_branches.slim	368	0
conformance/pass/reinit_branches.slim	369	0
conformance/pass/reinit_branches.slim	370	0
conformance/pass/reinit_branches.slim	371	0
conformance/pass/reinit_branches.slim	372	0
conformance/pass/reinit_branches.slim	373	0
conformance/pass/reinit_branches.slim	374	0
conformance/pass/reinit_branches.slim	375	0
conformance/pass/reinit_branches.slim	376	0
conformance/pass/reinit_branches.slim	377	0
conformance/pass/reinit_branches.slim	378	0
conformance/pass/reinit_branches.slim	379	0
conformance/pass/reinit_branches.slim	380	0
conformance/pass/reinit_branches.slim	381	0
conformance/pass/reinit_branches.slim	382	0
conformance/pass/reinit_branches.slim	383	0
conformance/pass/reinit_branches.slim	384	0
conformance/pass/reinit_branches.slim	385	0
conformance/pass/reinit_branches.slim	386	0
conformance/pass/reinit_branches.slim	387	0
conformance/pass/reinit_branches.slim	388	0
conformance/pass/reinit_branches.slim	389	0
conformance/pass/reinit_branches.slim	390	0
conformance/pass/reinit_branches.slim	391	0
conformance/pass/reinit_branches.slim	392	0
conformance/pass/reinit_branches.slim	393	0
conformance/pass/reinit_branches.slim	394	0
conformance/pass/reinit_branches.slim	395	0
conformance/pass/reinit_branches.slim	396	0
conformance/pass/reinit_branches.slim	397	0
conformance/pass/reinit_branches.slim	398	0
conformance/pass/reinit_branches.slim	399	0
conformance/pass/reinit_branches.slim	400	0
conformance/pass/reinit_branches.slim	401	0
conformance/pass/reinit_branches.slim	402	0
conformance/pass/reinit_branches.slim	403	0
conformance/pass/reinit_branches.slim	404	0
conformance/pass/reinit_branches.slim	405	0
conformance/pass/reinit_branches.slim	406	0
conformance/pass/reinit_branches.slim	407	0
conformance/pass/reinit_branches.slim	408	0
conformance/pass/reinit_branches.slim	409	0
conformance/pass/reinit_branches.slim	410	0
conformance/pass/reinit_branches.slim	411	0
conformance/pass/reinit_branches.slim	412	0
conformance/pass/reinit_branches.slim	413	0
conformance/pass/reinit_branches.slim	414	0
conformance/pass/reinit_branches.slim	415	0
conformance/pass/reinit_branches.slim	416	0
conformance/pass/reinit_branches.slim	417	0
conformance/pass/reinit_branches.slim	418	0
conformance/pass/reinit_branches.slim	419	0
conformance/pass/reinit_branches.slim	420	0
conformance/pass/reinit_branches.slim	421	0
conformance/pass/reinit_branches.slim	422	0
conformance/pass/reinit_branches.slim	423	0
conformance/pass/reinit_branches.slim	424	0
conformance/pass/reinit_branches.slim	425	0
conformance/pass/reinit_branches.slim	426	0
conformance/pass/reinit_branches.slim	427	0
conformance/pass/reinit_branches.slim	428	0
conformance/pass/reinit_branches.slim	429	0
conformance/pass/reinit_branches.slim	430	0
conformance/pass/reinit_branches.slim	431	0
conformance/pass/reinit_branches.slim	432	0
conformance/pass/reinit_branches.slim	433	0
conformance/pass/reinit_branches.slim	434	0
conformance/pass/reinit_branches.slim	435	0
conformance/pass/reinit_branches.slim	436	0
conformance/pass/reinit_branches.slim	437	0
conformance/pass/reinit_branches.slim	438	0
conformance/pass/reinit_branches.slim	439	0
conformance/pass/reinit_branches.slim	440	0
conformance/pass/reinit_branches.slim	441	0
conformance/pass/reinit_branches.slim	442	0
conformance/pass/reinit_branches.slim	443	0
conformance/pass/reinit_branches.slim	444	0
conformance/pass/reinit_branches.slim	445	0
conformance/pass/reinit_branches.slim	446	0
conformance/pass/reinit_branches.slim	447	0
conformance/pass/reinit_branches.slim	448	0
conformance/pass/reinit_branches.slim	449	0
conformance/pass/reinit_branches.slim	450	0
conformance/pass/reinit_branches.slim	451	0
conformance/pass/reinit_branches.slim	452	0
conformance/pass/reinit_branches.slim	453	0
conformance/pass/reinit_branches.slim	454	0
conformance/pass/reinit_branches.slim	455	0
conformance/pass/reinit_branches.slim	456	0
conformance/pass/reinit_branches.slim	457	0
conformance/pass/reinit_branches.slim	458	0
conformance/pass/reinit_branches.slim	459	0
conformance/pass/reinit_branches.slim	460	0
conformance/pass/reinit_branches.slim	461	0
conformance/pass/reinit_branches.slim	462	0
conformance/pass/reinit_branches.slim	463	0
conformance/pass/reinit_branches.slim	464	0
conformance/pass/reinit_branches.slim	465	0
conformance/pass/reinit_branches.slim	466	0
conformance/pass/reinit_branches.slim	467	0
conformance/pass/reinit_branches.slim	468	0
conformance/pass/reinit_branches.slim	469	0
conformance/pass/reinit_branches.slim	470	0
conformance/pass/reinit_branches.slim	471	0
conformance/pass/reinit_branches.slim	472	0
conformance/pass/reinit_branches.slim	473	0
conformance/pass/reinit_branches.slim	474	0
conformance/pass/reinit_branches.slim	475	0
conformance/pass/reinit_branches.slim	476	0
conformance/pass/reinit_branches.slim	477	0
conformance/pass/reinit_branches.slim	478	0
conformance/pass/reinit_branches.slim	479	0
conformance/pass/reinit_branches.slim	480	0
conformance/pass/reinit_branches.slim	481	0
conformance/pass/reinit_branches.slim	482	0
conformance/pass/reinit_branches.slim	483	0
conformance/pass/reinit_branches.slim	484	0
conformance/pass/reinit_branches.slim	485	0
conformance/pass/reinit_branches.slim	486	0
conformance/pass/reinit_branches.slim	487	0
conformance/pass/reinit_branches.slim	488	0
conformance/pass/reinit_branches.slim	489	0
conformance/pass/reinit_branches.slim	490	0
conformance/pass/reinit_branches.slim	491	0
conformance/pass/reinit_branches.slim	492	0
conformance/pass/reinit_branches.slim	493	0
conformance/pass/reinit_branches.slim	494	0
conformance/pass/reinit_branches.slim	495	0
conformance/pass/reinit_branches.slim	496	0
conformance/pass/reinit_branches.slim	497	0
conformance/pass/reinit_branches.slim	498	0
conformance/pass/reinit_branches.slim	499	0
conformance/pass/reinit_branches.slim	500	0
conformance/pass/reinit_branches.slim	501	0
conformance/pass/reinit_branches.slim	502	0
conformance/pass/reinit_branches.slim	503	0
conformance/pass/reinit_branches.slim	504	0
conformance/pass/reinit_branches.slim	505	0
conformance/pass/reinit_branches.slim	506	0
conformance/pass/reinit_branches.slim	507	0
conformance/pass/reinit_branches.slim	508	0
conformance/pass/reinit_branches.slim	509	0
conformance/pass/reinit_branches.slim	510	0
conformance/pass/reinit_branches.slim	511	0
conformance/pass/reinit_branches.slim	512	0
conformance/pass/local_loan_initializer.slim	1	71
conformance/pass/local_loan_initializer.slim	2	71
conformance/pass/local_loan_initializer.slim	3	71
conformance/pass/local_loan_initializer.slim	4	71
conformance/pass/local_loan_initializer.slim	5	71
conformance/pass/local_loan_initializer.slim	6	71
conformance/pass/local_loan_initializer.slim	7	71
conformance/pass/local_loan_initializer.slim	8	71
conformance/pass/local_loan_initializer.slim	9	71
conformance/pass/local_loan_initializer.slim	10	71
conformance/pass/local_loan_initializer.slim	11	71
conformance/pass/local_loan_initializer.slim	12	71
conformance/pass/local_loan_initializer.slim	13	71
conformance/pass/local_loan_initializer.slim	14	71
conformance/pass/local_loan_initializer.slim	15	71
conformance/pass/local_loan_initializer.slim	16	71
conformance/pass/local_loan_initializer.slim	17	71
conformance/pass/local_loan_initializer.slim	18	71
conformance/pass/local_loan_initializer.slim	19	71
conformance/pass/local_loan_initializer.slim	20	71
conformance/pass/local_loan_initializer.slim	21	71
conformance/pass/local_loan_initializer.slim	22	71
conformance/pass/local_loan_initializer.slim	23	71
conformance/pass/local_loan_initializer.slim	24	71
conformance/pass/local_loan_initializer.slim	25	71
conformance/pass/local_loan_initializer.slim	26	71
conformance/pass/local_loan_initializer.slim	27	71
conformance/pass/local_loan_initializer.slim	28	71
conformance/pass/local_loan_initializer.slim	29	71
conformance/pass/local_loan_initializer.slim	30	71
conformance/pass/local_loan_initializer.slim	31	71
conformance/pass/local_loan_initializer.slim	32	71
conformance/pass/local_loan_initializer.slim	33	71
conformance/pass/local_loan_initializer.slim	34	71
conformance/pass/local_loan_initializer.slim	35	71
conformance/pass/local_loan_initializer.slim	36	71
conformance/pass/local_loan_initializer.slim	37	71
conformance/pass/local_loan_initializer.slim	38	71
conformance/pass/local_loan_initializer.slim	39	71
conformance/pass/local_loan_initializer.slim	40	71
conformance/pass/local_loan_initializer.slim	41	71
conformance/pass/local_loan_initializer.slim	42	71
conformance/pass/local_loan_initializer.slim	43	71
conformance/pass/local_loan_initializer.slim	44	71
conformance/pass/local_loan_initializer.slim	45	71
conformance/pass/local_loan_initializer.slim	46	71
conformance/pass/local_loan_initializer.slim	47	71
conformance/pass/local_loan_initializer.slim	48	71
conformance/pass/local_loan_initializer.slim	49	71
conformance/pass/local_loan_initializer.slim	50	71
conformance/pass/local_loan_initializer.slim	51	71
conformance/pass/local_loan_initializer.slim	52	71
conformance/pass/local_loan_initializer.slim	53	71
conformance/pass/local_loan_initializer.slim	54	71
conformance/pass/local_loan_initializer.slim	55	71
conformance/pass/local_loan_initializer.slim	56	71
conformance/pass/local_loan_initializer.slim	57	71
conformance/pass/local_loan_initializer.slim	58	71
conformance/pass/local_loan_initializer.slim	59	71
conformance/pass/local_loan_initializer.slim	60	71
conformance/pass/local_loan_initializer.slim	61	71
conformance/pass/local_loan_initializer.slim	62	71
conformance/pass/local_loan_initializer.slim	63	71
conformance/pass/local_loan_initializer.slim	64	71
conformance/pass/local_loan_initializer.slim	65	71
conformance/pass/local_loan_initializer.slim	66	71
conformance/pass/local_loan_initializer.slim	67	71
conformance/pass/local_loan_initializer.slim	68	71
conformance/pass/local_loan_initializer.slim	69	71
conformance/pass/local_loan_initializer.slim	70	71
conformance/pass/local_loan_initializer.slim	71	71
conformance/pass/local_loan_initializer.slim	72	71
conformance/pass/local_loan_initializer.slim	73	71
conformance/pass/local_loan_initializer.slim	74	71
conformance/pass/local_loan_initializer.slim	75	71
conformance/pass/local_loan_initializer.slim	76	71
conformance/pass/local_loan_initializer.slim	77	0
conformance/pass/local_loan_initializer.slim	78	0
conformance/pass/local_loan_initializer.slim	79	0
conformance/pass/local_loan_initializer.slim	80	0
conformance/pass/local_loan_initializer.slim	81	0
conformance/pass/local_loan_initializer.slim	82	0
conformance/pass/local_loan_initializer.slim	83	0
conformance/pass/local_loan_initializer.slim	84	0
conformance/pass/local_loan_initializer.slim	85	0
conformance/pass/local_loan_initializer.slim	86	0
conformance/pass/local_loan_initializer.slim	87	0
conformance/pass/local_loan_initializer.slim	88	0
conformance/pass/local_loan_initializer.slim	89	0
conformance/pass/local_loan_initializer.slim	90	0
conformance/pass/local_loan_initializer.slim	91	0
conformance/pass/local_loan_initializer.slim	92	0
conformance/pass/local_loan_initializer.slim	93	0
conformance/pass/local_loan_initializer.slim	94	0
conformance/pass/local_loan_initializer.slim	95	0
conformance/pass/local_loan_initializer.slim	96	0
conformance/pass/local_loan_initializer.slim	97	0
conformance/pass/local_loan_initializer.slim	98	0
conformance/pass/local_loan_initializer.slim	99	0
conformance/pass/local_loan_initializer.slim	100	0
conformance/pass/local_loan_initializer.slim	101	0
conformance/pass/local_loan_initializer.slim	102	0
conformance/pass/local_loan_initializer.slim	103	0
conformance/pass/local_loan_initializer.slim	104	0
conformance/pass/local_loan_initializer.slim	105	0
conformance/pass/local_loan_initializer.slim	106	0
conformance/pass/local_loan_initializer.slim	107	0
conformance/pass/local_loan_initializer.slim	108	0
conformance/pass/local_loan_initializer.slim	109	0
conformance/pass/local_loan_initializer.slim	110	0
conformance/pass/local_loan_initializer.slim	111	0
conformance/pass/local_loan_initializer.slim	112	0
conformance/pass/local_loan_initializer.slim	113	0
conformance/pass/local_loan_initializer.slim	114	0
conformance/pass/local_loan_initializer.slim	115	0
conformance/pass/local_loan_initializer.slim	116	0
conformance/pass/local_loan_initializer.slim	117	0
conformance/pass/local_loan_initializer.slim	118	0
conformance/pass/local_loan_initializer.slim	119	0
conformance/pass/local_loan_initializer.slim	120	0
conformance/pass/local_loan_initializer.slim	121	0
conformance/pass/local_loan_initializer.slim	122	0
conformance/pass/local_loan_initializer.slim	123	0
conformance/pass/local_loan_initializer.slim	124	0
conformance/pass/local_loan_initializer.slim	125	0
conformance/pass/local_loan_initializer.slim	126	0
conformance/pass/local_loan_initializer.slim	127	0
conformance/pass/local_loan_initializer.slim	128	0
conformance/pass/local_loan_initializer.slim	129	0
conformance/pass/local_loan_initializer.slim	130	0
conformance/pass/local_loan_initializer.slim	131	0
conformance/pass/local_loan_initializer.slim	132	0
conformance/pass/local_loan_initializer.slim	133	0
conformance/pass/local_loan_initializer.slim	134	0
conformance/pass/local_loan_initializer.slim	135	0
conformance/pass/local_loan_initializer.slim	136	0
conformance/pass/local_loan_initializer.slim	137	0
conformance/pass/local_loan_initializer.slim	138	0
conformance/pass/local_loan_initializer.slim	139	0
conformance/pass/local_loan_initializer.slim	140	0
conformance/pass/local_loan_initializer.slim	141	0
conformance/pass/local_loan_initializer.slim	142	0
conformance/pass/local_loan_initializer.slim	143	0
conformance/pass/local_loan_initializer.slim	144	0
conformance/pass/local_loan_initializer.slim	145	0
conformance/pass/local_loan_initializer.slim	146	0
conformance/pass/local_loan_initializer.slim	147	0
conformance/pass/local_loan_initializer.slim	148	0
conformance/pass/local_loan_initializer.slim	149	0
conformance/pass/local_loan_initializer.slim	150	0
conformance/pass/local_loan_initializer.slim	151	0
conformance/pass/local_loan_initializer.slim	152	0
conformance/pass/local_loan_initializer.slim	153	0
conformance/pass/local_loan_initializer.slim	154	0
conformance/pass/local_loan_initializer.slim	155	0
conformance/pass/local_loan_initializer.slim	156	0
conformance/pass/local_loan_initializer.slim	157	0
conformance/pass/local_loan_initializer.slim	158	0
conformance/pass/local_loan_initializer.slim	159	0
conformance/pass/local_loan_initializer.slim	160	0
conformance/pass/local_loan_initializer.slim	161	0
conformance/pass/local_loan_initializer.slim	162	0
conformance/pass/local_loan_initializer.slim	163	0
conformance/pass/local_loan_initializer.slim	164	0
conformance/pass/local_loan_initializer.slim	165	0
conformance/pass/local_loan_initializer.slim	166	0
conformance/pass/local_loan_initializer.slim	167	0
conformance/pass/local_loan_initializer.slim	168	0
conformance/pass/local_loan_initializer.slim	169	0
conformance/pass/local_loan_initializer.slim	170	0
conformance/pass/local_loan_initializer.slim	171	0
conformance/pass/local_loan_initializer.slim	172	0
conformance/pass/local_loan_initializer.slim	173	0
conformance/pass/local_loan_initializer.slim	174	0
conformance/pass/local_loan_initializer.slim	175	0
conformance/pass/local_loan_initializer.slim	176	0
conformance/pass/local_loan_initializer.slim	177	0
conformance/pass/local_loan_initializer.slim	178	0
conformance/pass/local_loan_initializer.slim	179	0
conformance/pass/local_loan_initializer.slim	180	0
conformance/pass/local_loan_initializer.slim	181	0
conformance/pass/local_loan_initializer.slim	182	0
conformance/pass/local_loan_initializer.slim	183	0
conformance/pass/local_loan_initializer.slim	184	0
conformance/pass/local_loan_initializer.slim	185	0
conformance/pass/local_loan_initializer.slim	186	0
conformance/pass/local_loan_initializer.slim	187	0
conformance/pass/local_loan_initializer.slim	188	0
conformance/pass/local_loan_initializer.slim	189	0
conformance/pass/local_loan_initializer.slim	190	0
conformance/pass/local_loan_initializer.slim	191	0
conformance/pass/local_loan_initializer.slim	192	0
conformance/pass/local_loan_initializer.slim	193	0
conformance/pass/local_loan_initializer.slim	194	0
conformance/pass/local_loan_initializer.slim	195	0
conformance/pass/local_loan_initializer.slim	196	0
conformance/pass/local_loan_initializer.slim	197	0
conformance/pass/local_loan_initializer.slim	198	0
conformance/pass/local_loan_initializer.slim	199	0
conformance/pass/local_loan_initializer.slim	200	0
conformance/pass/local_loan_initializer.slim	201	0
conformance/pass/local_loan_initializer.slim	202	0
conformance/pass/local_loan_initializer.slim	203	0
conformance/pass/local_loan_initializer.slim	204	0
conformance/pass/local_loan_initializer.slim	205	0
conformance/pass/local_loan_initializer.slim	206	0
conformance/pass/local_loan_initializer.slim	207	0
conformance/pass/local_loan_initializer.slim	208	0
conformance/pass/local_loan_initializer.slim	209	0
conformance/pass/local_loan_initializer.slim	210	0
conformance/pass/local_loan_initializer.slim	211	0
conformance/pass/local_loan_initializer.slim	212	0
conformance/pass/local_loan_initializer.slim	213	0
conformance/pass/local_loan_initializer.slim	214	0
conformance/pass/local_loan_initializer.slim	215	0
conformance/pass/local_loan_initializer.slim	216	0
conformance/pass/local_loan_initializer.slim	217	0
conformance/pass/local_loan_initializer.slim	218	0
conformance/pass/local_loan_initializer.slim	219	0
conformance/pass/local_loan_initializer.slim	220	0
conformance/pass/local_loan_initializer.slim	221	0
conformance/pass/local_loan_initializer.slim	222	0
conformance/pass/local_loan_initializer.slim	223	0
conformance/pass/local_loan_initializer.slim	224	0
conformance/pass/local_loan_initializer.slim	225	0
conformance/pass/local_loan_initializer.slim	226	0
conformance/pass/local_loan_initializer.slim	227	0
conformance/pass/local_loan_initializer.slim	228	0
conformance/pass/local_loan_initializer.slim	229	0
conformance/pass/local_loan_initializer.slim	230	0
conformance/pass/local_loan_initializer.slim	231	0
conformance/pass/local_loan_initializer.slim	232	0
conformance/pass/local_loan_initializer.slim	233	0
conformance/pass/local_loan_initializer.slim	234	0
conformance/pass/local_loan_initializer.slim	235	0
conformance/pass/local_loan_initializer.slim	236	0
conformance/pass/local_loan_initializer.slim	237	0
conformance/pass/local_loan_initializer.slim	238	0
conformance/pass/local_loan_initializer.slim	239	0
conformance/pass/local_loan_initializer.slim	240	0
conformance/pass/local_loan_initializer.slim	241	0
conformance/pass/local_loan_initializer.slim	242	0
conformance/pass/local_loan_initializer.slim	243	0
conformance/pass/local_loan_initializer.slim	244	0
conformance/pass/local_loan_initializer.slim	245	0
conformance/pass/local_loan_initializer.slim	246	0
conformance/pass/local_loan_initializer.slim	247	0
conformance/pass/local_loan_initializer.slim	248	0
conformance/pass/local_loan_initializer.slim	249	0
conformance/pass/local_loan_initializer.slim	250	0
conformance/pass/local_loan_initializer.slim	251	0
conformance/pass/local_loan_initializer.slim	252	0
conformance/pass/local_loan_initializer.slim	253	0
conformance/pass/local_loan_initializer.slim	254	0
conformance/pass/local_loan_initializer.slim	255	0
conformance/pass/local_loan_initializer.slim	256	0
conformance/pass/local_loan_initializer.slim	257	0
conformance/pass/local_loan_initializer.slim	258	0
conformance/pass/local_loan_initializer.slim	259	0
conformance/pass/local_loan_initializer.slim	260	0
conformance/pass/local_loan_initializer.slim	261	0
conformance/pass/local_loan_initializer.slim	262	0
conformance/pass/local_loan_initializer.slim	263	0
conformance/pass/local_loan_initializer.slim	264	0
conformance/pass/local_loan_initializer.slim	265	0
conformance/pass/local_loan_initializer.slim	266	0
conformance/pass/local_loan_initializer.slim	267	0
conformance/pass/local_loan_initializer.slim	268	0
conformance/pass/local_loan_initializer.slim	269	0
conformance/pass/local_loan_initializer.slim	270	0
conformance/pass/local_loan_initializer.slim	271	0
conformance/pass/local_loan_initializer.slim	272	0
conformance/pass/local_loan_initializer.slim	273	0
conformance/pass/local_loan_initializer.slim	274	0
conformance/pass/local_loan_initializer.slim	275	0
conformance/pass/local_loan_initializer.slim	276	0
conformance/pass/local_loan_initializer.slim	277	0
conformance/pass/local_loan_initializer.slim	278	0
conformance/pass/local_loan_initializer.slim	279	0
conformance/pass/local_loan_initializer.slim	280	0
conformance/pass/local_loan_initializer.slim	281	0
conformance/pass/local_loan_initializer.slim	282	0
conformance/pass/local_loan_initializer.slim	283	0
conformance/pass/local_loan_initializer.slim	284	0
conformance/pass/local_loan_initializer.slim	285	0
conformance/pass/local_loan_initializer.slim	286	0
conformance/pass/local_loan_initializer.slim	287	0
conformance/pass/local_loan_initializer.slim	288	0
conformance/pass/local_loan_initializer.slim	289	0
conformance/pass/local_loan_initializer.slim	290	0
conformance/pass/local_loan_initializer.slim	291	0
conformance/pass/local_loan_initializer.slim	292	0
conformance/pass/local_loan_initializer.slim	293	0
conformance/pass/local_loan_initializer.slim	294	0
conformance/pass/local_loan_initializer.slim	295	0
conformance/pass/local_loan_initializer.slim	296	0
conformance/pass/local_loan_initializer.slim	297	0
conformance/pass/local_loan_initializer.slim	298	0
conformance/pass/local_loan_initializer.slim	299	0
conformance/pass/local_loan_initializer.slim	300	0
conformance/pass/local_loan_initializer.slim	301	0
conformance/pass/local_loan_initializer.slim	302	0
conformance/pass/local_loan_initializer.slim	303	0
conformance/pass/local_loan_initializer.slim	304	0
conformance/pass/local_loan_initializer.slim	305	0
conformance/pass/local_loan_initializer.slim	306	0
conformance/pass/local_loan_initializer.slim	307	0
conformance/pass/local_loan_initializer.slim	308	0
conformance/pass/local_loan_initializer.slim	309	0
conformance/pass/local_loan_initializer.slim	310	0
conformance/pass/local_loan_initializer.slim	311	0
conformance/pass/local_loan_initializer.slim	312	0
conformance/pass/local_loan_initializer.slim	313	0
conformance/pass/local_loan_initializer.slim	314	0
conformance/pass/local_loan_initializer.slim	315	0
conformance/pass/local_loan_initializer.slim	316	0
conformance/pass/local_loan_initializer.slim	317	0
conformance/pass/local_loan_initializer.slim	318	0
conformance/pass/local_loan_initializer.slim	319	0
conformance/pass/local_loan_initializer.slim	320	0
conformance/pass/local_loan_initializer.slim	321	0
conformance/pass/local_loan_initializer.slim	322	0
conformance/pass/local_loan_initializer.slim	323	0
conformance/pass/local_loan_initializer.slim	324	0
conformance/pass/local_loan_initializer.slim	325	0
conformance/pass/local_loan_initializer.slim	326	0
conformance/pass/local_loan_initializer.slim	327	0
conformance/pass/local_loan_initializer.slim	328	0
conformance/pass/local_loan_initializer.slim	329	0
conformance/pass/local_loan_initializer.slim	330	0
conformance/pass/local_loan_initializer.slim	331	0
conformance/pass/local_loan_initializer.slim	332	0
conformance/pass/local_loan_initializer.slim	333	0
conformance/pass/local_loan_initializer.slim	334	0
conformance/pass/local_loan_initializer.slim	335	0
conformance/pass/local_loan_initializer.slim	336	0
conformance/pass/local_loan_initializer.slim	337	0
conformance/pass/local_loan_initializer.slim	338	0
conformance/pass/local_loan_initializer.slim	339	0
conformance/pass/local_loan_initializer.slim	340	0
conformance/pass/local_loan_initializer.slim	341	0
conformance/pass/local_loan_initializer.slim	342	0
conformance/pass/local_loan_initializer.slim	343	0
conformance/pass/local_loan_initializer.slim	344	0
conformance/pass/local_loan_initializer.slim	345	0
conformance/pass/local_loan_initializer.slim	346	0
conformance/pass/local_loan_initializer.slim	347	0
conformance/pass/local_loan_initializer.slim	348	0
conformance/pass/local_loan_initializer.slim	349	0
conformance/pass/local_loan_initializer.slim	350	0
conformance/pass/local_loan_initializer.slim	351	0
conformance/pass/local_loan_initializer.slim	352	0
conformance/pass/local_loan_initializer.slim	353	0
conformance/pass/local_loan_initializer.slim	354	0
conformance/pass/local_loan_initializer.slim	355	0
conformance/pass/local_loan_initializer.slim	356	0
conformance/pass/local_loan_initializer.slim	357	0
conformance/pass/local_loan_initializer.slim	358	0
conformance/pass/local_loan_initializer.slim	359	0
conformance/pass/local_loan_initializer.slim	360	0
conformance/pass/local_loan_initializer.slim	361	0
conformance/pass/local_loan_initializer.slim	362	0
conformance/pass/local_loan_initializer.slim	363	0
conformance/pass/local_loan_initializer.slim	364	0
conformance/pass/local_loan_initializer.slim	365	0
conformance/pass/local_loan_initializer.slim	366	0
conformance/pass/local_loan_initializer.slim	367	0
conformance/pass/local_loan_initializer.slim	368	0
conformance/pass/local_loan_initializer.slim	369	0
conformance/pass/local_loan_initializer.slim	370	0
conformance/pass/local_loan_initializer.slim	371	0
conformance/pass/local_loan_initializer.slim	372	0
conformance/pass/local_loan_initializer.slim	373	0
conformance/pass/local_loan_initializer.slim	374	0
conformance/pass/local_loan_initializer.slim	375	0
conformance/pass/local_loan_initializer.slim	376	0
conformance/pass/local_loan_initializer.slim	377	0
conformance/pass/local_loan_initializer.slim	378	0
conformance/pass/local_loan_initializer.slim	379	0
conformance/pass/local_loan_initializer.slim	380	0
conformance/pass/local_loan_initializer.slim	381	0
conformance/pass/local_loan_initializer.slim	382	0
conformance/pass/local_loan_initializer.slim	383	0
conformance/pass/local_loan_initializer.slim	384	0
conformance/pass/local_loan_initializer.slim	385	0
conformance/pass/local_loan_initializer.slim	386	0
conformance/pass/local_loan_initializer.slim	387	0
conformance/pass/local_loan_initializer.slim	388	0
conformance/pass/local_loan_initializer.slim	389	0
conformance/pass/local_loan_initializer.slim	390	0
conformance/pass/local_loan_initializer.slim	391	0
conformance/pass/local_loan_initializer.slim	392	0
conformance/pass/local_loan_initializer.slim	393	0
conformance/pass/local_loan_initializer.slim	394	0
conformance/pass/local_loan_initializer.slim	395	0
conformance/pass/local_loan_initializer.slim	396	0
conformance/pass/local_loan_initializer.slim	397	0
conformance/pass/local_loan_initializer.slim	398	0
conformance/pass/local_loan_initializer.slim	399	0
conformance/pass/local_loan_initializer.slim	400	0
conformance/pass/local_loan_initializer.slim	401	0
conformance/pass/local_loan_initializer.slim	402	0
conformance/pass/local_loan_initializer.slim	403	0
conformance/pass/local_loan_initializer.slim	404	0
conformance/pass/local_loan_initializer.slim	405	0
conformance/pass/local_loan_initializer.slim	406	0
conformance/pass/local_loan_initializer.slim	407	0
conformance/pass/local_loan_initializer.slim	408	0
conformance/pass/local_loan_initializer.slim	409	0
conformance/pass/local_loan_initializer.slim	410	0
conformance/pass/local_loan_initializer.slim	411	0
conformance/pass/local_loan_initializer.slim	412	0
conformance/pass/local_loan_initializer.slim	413	0
conformance/pass/local_loan_initializer.slim	414	0
conformance/pass/local_loan_initializer.slim	415	0
conformance/pass/local_loan_initializer.slim	416	0
conformance/pass/local_loan_initializer.slim	417	0
conformance/pass/local_loan_initializer.slim	418	0
conformance/pass/local_loan_initializer.slim	419	0
conformance/pass/local_loan_initializer.slim	420	0
conformance/pass/local_loan_initializer.slim	421	0
conformance/pass/local_loan_initializer.slim	422	0
conformance/pass/local_loan_initializer.slim	423	0
conformance/pass/local_loan_initializer.slim	424	0
conformance/pass/local_loan_initializer.slim	425	0
conformance/pass/local_loan_initializer.slim	426	0
conformance/pass/local_loan_initializer.slim	427	0
conformance/pass/local_loan_initializer.slim	428	0
conformance/pass/local_loan_initializer.slim	429	0
conformance/pass/local_loan_initializer.slim	430	0
conformance/pass/local_loan_initializer.slim	431	0
conformance/pass/local_loan_initializer.slim	432	0
conformance/pass/local_loan_initializer.slim	433	0
conformance/pass/local_loan_initializer.slim	434	0
conformance/pass/local_loan_initializer.slim	435	0
conformance/pass/local_loan_initializer.slim	436	0
conformance/pass/local_loan_initializer.slim	437	0
conformance/pass/local_loan_initializer.slim	438	0
conformance/pass/local_loan_initializer.slim	439	0
conformance/pass/local_loan_initializer.slim	440	0
conformance/pass/local_loan_initializer.slim	441	0
conformance/pass/local_loan_initializer.slim	442	0
conformance/pass/local_loan_initializer.slim	443	0
conformance/pass/local_loan_initializer.slim	444	0
conformance/pass/local_loan_initializer.slim	445	0
conformance/pass/local_loan_initializer.slim	446	0
conformance/pass/local_loan_initializer.slim	447	0
conformance/pass/local_loan_initializer.slim	448	0
conformance/pass/local_loan_initializer.slim	449	0
conformance/pass/local_loan_initializer.slim	450	0
conformance/pass/local_loan_initializer.slim	451	0
conformance/pass/local_loan_initializer.slim	452	0
conformance/pass/local_loan_initializer.slim	453	0
conformance/pass/local_loan_initializer.slim	454	0
conformance/pass/local_loan_initializer.slim	455	0
conformance/pass/local_loan_initializer.slim	456	0
conformance/pass/local_loan_initializer.slim	457	0
conformance/pass/local_loan_initializer.slim	458	0
conformance/pass/local_loan_initializer.slim	459	0
conformance/pass/local_loan_initializer.slim	460	0
conformance/pass/local_loan_initializer.slim	461	0
conformance/pass/local_loan_initializer.slim	462	0
conformance/pass/local_loan_initializer.slim	463	0
conformance/pass/local_loan_initializer.slim	464	0
conformance/pass/local_loan_initializer.slim	465	0
conformance/pass/local_loan_initializer.slim	466	0
conformance/pass/local_loan_initializer.slim	467	0
conformance/pass/local_loan_initializer.slim	468	0
conformance/pass/local_loan_initializer.slim	469	0
conformance/pass/local_loan_initializer.slim	470	0
conformance/pass/local_loan_initializer.slim	471	0
conformance/pass/local_loan_initializer.slim	472	0
conformance/pass/local_loan_initializer.slim	473	0
conformance/pass/local_loan_initializer.slim	474	0
conformance/pass/local_loan_initializer.slim	475	0
conformance/pass/local_loan_initializer.slim	476	0
conformance/pass/local_loan_initializer.slim	477	0
conformance/pass/local_loan_initializer.slim	478	0
conformance/pass/local_loan_initializer.slim	479	0
conformance/pass/local_loan_initializer.slim	480	0
conformance/pass/local_loan_initializer.slim	481	0
conformance/pass/local_loan_initializer.slim	482	0
conformance/pass/local_loan_initializer.slim	483	0
conformance/pass/local_loan_initializer.slim	484	0
conformance/pass/local_loan_initializer.slim	485	0
conformance/pass/local_loan_initializer.slim	486	0
conformance/pass/local_loan_initializer.slim	487	0
conformance/pass/local_loan_initializer.slim	488	0
conformance/pass/local_loan_initializer.slim	489	0
conformance/pass/local_loan_initializer.slim	490	0
conformance/pass/local_loan_initializer.slim	491	0
conformance/pass/local_loan_initializer.slim	492	0
conformance/pass/local_loan_initializer.slim	493	0
conformance/pass/local_loan_initializer.slim	494	0
conformance/pass/local_loan_initializer.slim	495	0
conformance/pass/local_loan_initializer.slim	496	0
conformance/pass/local_loan_initializer.slim	497	0
conformance/pass/local_loan_initializer.slim	498	0
conformance/pass/local_loan_initializer.slim	499	0
conformance/pass/local_loan_initializer.slim	500	0
conformance/pass/local_loan_initializer.slim	501	0
conformance/pass/local_loan_initializer.slim	502	0
conformance/pass/local_loan_initializer.slim	503	0
conformance/pass/local_loan_initializer.slim	504	0
conformance/pass/local_loan_initializer.slim	505	0
conformance/pass/local_loan_initializer.slim	506	0
conformance/pass/local_loan_initializer.slim	507	0
conformance/pass/local_loan_initializer.slim	508	0
conformance/pass/local_loan_initializer.slim	509	0
conformance/pass/local_loan_initializer.slim	510	0
conformance/pass/local_loan_initializer.slim	511	0
conformance/pass/local_loan_initializer.slim	512	0
