# status: provisional partial RFC-0141 implementation; not adoption evidence
# baseline_code: 49ea4a0
# baseline_c_sha256: b37bc2ad21e91f5d3975d0455319127322c510b73cc64e1a25a3a03fcb2353d4
# baseline_executable_sha256: 0e8a711804c9276d3caec99c606c666e085eb3cdc17ff5dfa117c2ab4e568363
# candidate_c_sha256: c940d33c5f6f35604b0f25ce53eed45f93305e1161123b2fa5b46e350f5b2651
# candidate_executable_sha256: e41094d8048010a1b1899da1cc3fc2c250a36c8d813cd4ec846d39d38c22ba01
# runtime_c_sha256: 3177ababe3764348cc334df939e6c3288305241f760d27552f171dfcaf2c5503
# runtime_h_sha256: dfe051bd025db9b8d2847ba6facf61dfdd2ebfbdd5fcc39b825bfb8729bcf99f
# host: macOS-26.6.1-arm64-arm-64bit arm64
# native_flags: -std=c11 -O2 -DNDEBUG -Wall -Wextra -Werror
# method: 2 warmup pairs; 11 alternating pairs; whole uninstrumented process perf_counter_ns; stdout discarded; exact ordinary C checked before timing
# scope: checker and emitter latency only; no backend/runtime/resource acceptance inferred
shape	size	command	sample	order	baseline_ns	candidate_ns
spine	125	check	0	baseline	3032709	3013125
spine	125	check	1	candidate	3015792	2950709
spine	125	check	2	baseline	2929583	2913875
spine	125	check	3	candidate	3109458	3146333
spine	125	check	4	baseline	2898917	2958875
spine	125	check	5	candidate	2855583	2931334
spine	125	check	6	baseline	2929583	2903958
spine	125	check	7	candidate	2915083	2928042
spine	125	check	8	baseline	2870084	2911417
spine	125	check	9	candidate	2934666	2872625
spine	125	check	10	baseline	2962625	3019792
spine	125	emit	0	baseline	3335542	3323542
spine	125	emit	1	candidate	3314916	3411291
spine	125	emit	2	baseline	3252875	3256458
spine	125	emit	3	candidate	3176750	3234917
spine	125	emit	4	baseline	3162833	3168500
spine	125	emit	5	candidate	3213750	3154750
spine	125	emit	6	baseline	3163083	3121292
spine	125	emit	7	candidate	3258375	3128833
spine	125	emit	8	baseline	3112167	3127750
spine	125	emit	9	candidate	3175625	3153167
spine	125	emit	10	baseline	3240042	3238833
spine	500	check	0	baseline	3741083	3794750
spine	500	check	1	candidate	3882625	3914292
spine	500	check	2	baseline	3787750	3770167
spine	500	check	3	candidate	3822875	3755791
spine	500	check	4	baseline	3740042	3778917
spine	500	check	5	candidate	3814500	3743542
spine	500	check	6	baseline	3875000	3808958
spine	500	check	7	candidate	3820667	3758083
spine	500	check	8	baseline	3807167	3757708
spine	500	check	9	candidate	3796500	3794667
spine	500	check	10	baseline	3784208	3774166
spine	500	emit	0	baseline	5704250	5548750
spine	500	emit	1	candidate	5689791	5532708
spine	500	emit	2	baseline	5512875	5350125
spine	500	emit	3	candidate	5878000	5479417
spine	500	emit	4	baseline	5482166	5519459
spine	500	emit	5	candidate	5269292	5475875
spine	500	emit	6	baseline	5270625	5320250
spine	500	emit	7	candidate	5278083	5305250
spine	500	emit	8	baseline	5216375	5368792
spine	500	emit	9	candidate	5234291	5295958
spine	500	emit	10	baseline	5210041	5245875
spine	2000	check	0	baseline	8320042	8173625
spine	2000	check	1	candidate	8200709	8211042
spine	2000	check	2	baseline	8302583	8166125
spine	2000	check	3	candidate	8138541	8181959
spine	2000	check	4	baseline	8567667	8420958
spine	2000	check	5	candidate	8301458	8154291
spine	2000	check	6	baseline	8588291	8303500
spine	2000	check	7	candidate	8398708	8218250
spine	2000	check	8	baseline	8459583	8435708
spine	2000	check	9	candidate	8269583	8239125
spine	2000	check	10	baseline	8300042	8125792
spine	2000	emit	0	baseline	20012042	20542792
spine	2000	emit	1	candidate	20018833	19934666
spine	2000	emit	2	baseline	20003916	20412292
spine	2000	emit	3	candidate	20336667	20349541
spine	2000	emit	4	baseline	20203125	20706625
spine	2000	emit	5	candidate	20638792	20189458
spine	2000	emit	6	baseline	20020458	19987625
spine	2000	emit	7	candidate	20768959	20689416
spine	2000	emit	8	baseline	20607708	20338250
spine	2000	emit	9	candidate	20170542	20104708
spine	2000	emit	10	baseline	20082334	20622084
spine	4000	check	0	baseline	16656459	16460125
spine	4000	check	1	candidate	16612250	16418875
spine	4000	check	2	baseline	16492500	16322709
spine	4000	check	3	candidate	16569292	17243709
spine	4000	check	4	baseline	16507292	16348416
spine	4000	check	5	candidate	16417875	16269375
spine	4000	check	6	baseline	16990000	16420958
spine	4000	check	7	candidate	16401667	16425708
spine	4000	check	8	baseline	16480042	16334292
spine	4000	check	9	candidate	16980209	16299709
spine	4000	check	10	baseline	16582375	16338375
spine	4000	emit	0	baseline	57046875	58116583
spine	4000	emit	1	candidate	57307708	57538625
spine	4000	emit	2	baseline	57196125	57161750
spine	4000	emit	3	candidate	57267500	57455875
spine	4000	emit	4	baseline	58487833	58440792
spine	4000	emit	5	candidate	56742125	56866250
spine	4000	emit	6	baseline	56849875	56849459
spine	4000	emit	7	candidate	57056042	56776583
spine	4000	emit	8	baseline	56973709	57685834
spine	4000	emit	9	candidate	57892916	57594375
spine	4000	emit	10	baseline	57209166	57574375
functions	125	check	0	baseline	2918833	3020584
functions	125	check	1	candidate	2966125	2926000
functions	125	check	2	baseline	2941208	2958333
functions	125	check	3	candidate	3326667	3093417
functions	125	check	4	baseline	3554208	3133375
functions	125	check	5	candidate	3149333	3152208
functions	125	check	6	baseline	3104791	3078167
functions	125	check	7	candidate	3049209	3018375
functions	125	check	8	baseline	3067417	3003791
functions	125	check	9	candidate	2963792	2949542
functions	125	check	10	baseline	2968500	2977291
functions	125	emit	0	baseline	3550459	3540917
functions	125	emit	1	candidate	3543125	3484084
functions	125	emit	2	baseline	3526625	3582250
functions	125	emit	3	candidate	3595917	3586625
functions	125	emit	4	baseline	3477250	3583667
functions	125	emit	5	candidate	3474500	3503209
functions	125	emit	6	baseline	3556125	3540583
functions	125	emit	7	candidate	3503709	3756709
functions	125	emit	8	baseline	3522666	3526125
functions	125	emit	9	candidate	3631084	3555000
functions	125	emit	10	baseline	3545250	3565916
functions	500	check	0	baseline	3937208	3952042
functions	500	check	1	candidate	4000417	3965000
functions	500	check	2	baseline	3889042	3999000
functions	500	check	3	candidate	3992250	4007958
functions	500	check	4	baseline	3970625	3939000
functions	500	check	5	candidate	4021500	4048792
functions	500	check	6	baseline	3946125	3936084
functions	500	check	7	candidate	4006416	3914375
functions	500	check	8	baseline	4037083	3938916
functions	500	check	9	candidate	3871042	3911833
functions	500	check	10	baseline	3893541	3959459
functions	500	emit	0	baseline	5962958	6002917
functions	500	emit	1	candidate	6111125	6130000
functions	500	emit	2	baseline	6015500	6042875
functions	500	emit	3	candidate	6121417	5959917
functions	500	emit	4	baseline	6037875	6118875
functions	500	emit	5	candidate	6048667	6006875
functions	500	emit	6	baseline	5937959	5923459
functions	500	emit	7	candidate	5911333	5879708
functions	500	emit	8	baseline	5835292	5973792
functions	500	emit	9	candidate	5886583	5873709
functions	500	emit	10	baseline	5877042	5957375
functions	2000	check	0	baseline	7504666	7781333
functions	2000	check	1	candidate	7702000	7703917
functions	2000	check	2	baseline	7809708	8347167
functions	2000	check	3	candidate	7863583	8155042
functions	2000	check	4	baseline	7971000	8302292
functions	2000	check	5	candidate	8185875	8112584
functions	2000	check	6	baseline	8061167	8119167
functions	2000	check	7	candidate	7848875	8174333
functions	2000	check	8	baseline	7808125	8107375
functions	2000	check	9	candidate	7915875	8299542
functions	2000	check	10	baseline	7748084	7849458
functions	2000	emit	0	baseline	15626791	15658334
functions	2000	emit	1	candidate	15354833	15648667
functions	2000	emit	2	baseline	15826459	15731750
functions	2000	emit	3	candidate	15750250	15955667
functions	2000	emit	4	baseline	15701417	15801916
functions	2000	emit	5	candidate	15225459	15413291
functions	2000	emit	6	baseline	15343584	15496375
functions	2000	emit	7	candidate	16055625	15603166
functions	2000	emit	8	baseline	15956417	16093083
functions	2000	emit	9	candidate	15574792	16088917
functions	2000	emit	10	baseline	15371833	15938625
functions	4000	check	0	baseline	12411833	12900875
functions	4000	check	1	candidate	12402333	12876625
functions	4000	check	2	baseline	12223292	12648625
functions	4000	check	3	candidate	12467125	13498291
functions	4000	check	4	baseline	12782292	12848333
functions	4000	check	5	candidate	12442459	12771625
functions	4000	check	6	baseline	12372041	12736500
functions	4000	check	7	candidate	12546250	13107833
functions	4000	check	8	baseline	12411334	12854167
functions	4000	check	9	candidate	12612583	13087708
functions	4000	check	10	baseline	12491500	12748167
functions	4000	emit	0	baseline	28358084	28635083
functions	4000	emit	1	candidate	28384959	29451292
functions	4000	emit	2	baseline	28181208	28602292
functions	4000	emit	3	candidate	28853500	28758916
functions	4000	emit	4	baseline	28801292	28633291
functions	4000	emit	5	candidate	27969625	28397292
functions	4000	emit	6	baseline	28063542	29627417
functions	4000	emit	7	candidate	28113583	28627416
functions	4000	emit	8	baseline	27956583	28269083
functions	4000	emit	9	candidate	28104667	29105041
functions	4000	emit	10	baseline	28866167	28366208
assignments	125	check	0	baseline	2717750	2764000
assignments	125	check	1	candidate	2747875	2783459
assignments	125	check	2	baseline	2695292	2849500
assignments	125	check	3	candidate	2783917	2744250
assignments	125	check	4	baseline	2788958	2765291
assignments	125	check	5	candidate	2731417	2693167
assignments	125	check	6	baseline	2679417	2735125
assignments	125	check	7	candidate	2732666	2697083
assignments	125	check	8	baseline	2689666	2729000
assignments	125	check	9	candidate	2660125	2683208
assignments	125	check	10	baseline	2682375	2653417
assignments	125	emit	0	baseline	2989166	2947000
assignments	125	emit	1	candidate	2989792	2891333
assignments	125	emit	2	baseline	2923584	2989750
assignments	125	emit	3	candidate	2919042	2911708
assignments	125	emit	4	baseline	2855041	2960000
assignments	125	emit	5	candidate	2822125	2897334
assignments	125	emit	6	baseline	2798750	5686167
assignments	125	emit	7	candidate	2866125	3041916
assignments	125	emit	8	baseline	2876750	2845708
assignments	125	emit	9	candidate	3045334	2856958
assignments	125	emit	10	baseline	3031417	2987708
assignments	500	check	0	baseline	3072500	3183667
assignments	500	check	1	candidate	3200209	3141500
assignments	500	check	2	baseline	3381333	3364500
assignments	500	check	3	candidate	3683834	3702083
assignments	500	check	4	baseline	3312750	3412083
assignments	500	check	5	candidate	3260792	3267875
assignments	500	check	6	baseline	3321750	3384584
assignments	500	check	7	candidate	3238916	3322417
assignments	500	check	8	baseline	3247083	3209084
assignments	500	check	9	candidate	3097250	3066917
assignments	500	check	10	baseline	3122959	3119958
assignments	500	emit	0	baseline	4012417	3984500
assignments	500	emit	1	candidate	4049916	3931958
assignments	500	emit	2	baseline	3878333	3996750
assignments	500	emit	3	candidate	3995917	3972916
assignments	500	emit	4	baseline	3906250	3964541
assignments	500	emit	5	candidate	4013916	4276250
assignments	500	emit	6	baseline	4017625	4180959
assignments	500	emit	7	candidate	4001625	4218500
assignments	500	emit	8	baseline	3984500	3871875
assignments	500	emit	9	candidate	3891917	3967458
assignments	500	emit	10	baseline	3965750	3955250
assignments	2000	check	0	baseline	4387750	4159208
assignments	2000	check	1	candidate	4050084	4127791
assignments	2000	check	2	baseline	4274292	4133584
assignments	2000	check	3	candidate	4096292	4105792
assignments	2000	check	4	baseline	4097041	4086709
assignments	2000	check	5	candidate	4122958	4121250
assignments	2000	check	6	baseline	4100667	4153125
assignments	2000	check	7	candidate	4211833	4095250
assignments	2000	check	8	baseline	4252750	4134166
assignments	2000	check	9	candidate	4041791	4035583
assignments	2000	check	10	baseline	4137333	4063834
assignments	2000	emit	0	baseline	6900292	6833959
assignments	2000	emit	1	candidate	6671166	6713958
assignments	2000	emit	2	baseline	6684416	7179209
assignments	2000	emit	3	candidate	6725375	6870667
assignments	2000	emit	4	baseline	6791959	6845708
assignments	2000	emit	5	candidate	6828292	6696042
assignments	2000	emit	6	baseline	6982000	6802417
assignments	2000	emit	7	candidate	6662166	6832792
assignments	2000	emit	8	baseline	6600334	6720834
assignments	2000	emit	9	candidate	6676875	6576292
assignments	2000	emit	10	baseline	6609791	6928500
assignments	4000	check	0	baseline	5340292	5370000
assignments	4000	check	1	candidate	5424125	5366750
assignments	4000	check	2	baseline	5647750	5432000
assignments	4000	check	3	candidate	5557250	5496166
assignments	4000	check	4	baseline	5577959	5402500
assignments	4000	check	5	candidate	5390917	5326750
assignments	4000	check	6	baseline	5303625	5220291
assignments	4000	check	7	candidate	5456750	5200708
assignments	4000	check	8	baseline	5425417	5396666
assignments	4000	check	9	candidate	5359333	5230000
assignments	4000	check	10	baseline	5527250	5398333
assignments	4000	emit	0	baseline	10423292	10191375
assignments	4000	emit	1	candidate	11084959	10801542
assignments	4000	emit	2	baseline	11284667	11010291
assignments	4000	emit	3	candidate	11278458	10991667
assignments	4000	emit	4	baseline	11429792	10807458
assignments	4000	emit	5	candidate	10255750	10552792
assignments	4000	emit	6	baseline	10169667	10402250
assignments	4000	emit	7	candidate	10720542	11628833
assignments	4000	emit	8	baseline	10934708	11042792
assignments	4000	emit	9	candidate	10926125	11197583
assignments	4000	emit	10	baseline	11068084	12162500
