# Same-host diagnostic experiments; 2 warmups, 18 groups covering all 6 process-order permutations; O2 uninstrumented complete two-update process totals, not isolated warm timings.
# Baseline production checkpoint=7dc0737; baseline probe SHA-256=4384967484ca65a87dae76b2d4e3128d256e7b94e63ea13aab261931c2aec5e7
# checksum-sum intermediate=latency-initial.c SHA-256=b691a7d85a5487a8f6455fdffe4a64a90e823182d222a73836d7acc82464e3db candidate=checksum-sum-latency.c SHA-256=8c7540bb06f220c960265711d2d09c1c2d66de839e154775e746be77c48810cc
# checked-rows intermediate=latency-initial.c SHA-256=b691a7d85a5487a8f6455fdffe4a64a90e823182d222a73836d7acc82464e3db candidate=import-proof-latency.c SHA-256=34ee2a1b18fa0da25d249184cfb681f44a2d77032ffaa916bb243236fb0fa811
# copy-checksum intermediate=import-proof-latency.c SHA-256=34ee2a1b18fa0da25d249184cfb681f44a2d77032ffaa916bb243236fb0fa811 candidate=copy-checksum-latency.c SHA-256=2b096863339f0f0ec4c2a0fc84d027b00405a37470bd7427bb8aee0be71bd690
# source-evidence intermediate=copy-checksum-latency.c SHA-256=2b096863339f0f0ec4c2a0fc84d027b00405a37470bd7427bb8aee0be71bd690 candidate=source-proof-latency.c SHA-256=455cb287a01fef92febd70517936ef627a8b29a2aa305d0c63ee841c6d8b85bc
# owner-evidence intermediate=source-proof-latency.c SHA-256=455cb287a01fef92febd70517936ef627a8b29a2aa305d0c63ee841c6d8b85bc candidate=owner-proof-latency.c SHA-256=ad4beab057402ccb8e2e8dc2e61c73b6bac0bfbf7d6a99f2f1c2f32f9dd71e6b
# Candidates were compiled from frozen selfhost source copies by the 7dc0737 compiler; the checked-in seed has not yet been refreshed for these refinements. Separate experiments have separate host-noise conditions. No gate relaxation or final speedup claim.
experiment	geometry	size	update	group	baseline_ns	intermediate_ns	candidate_ns
checksum-sum	scalar	125	unchanged	0	4976917	5213750	5102625
checksum-sum	scalar	125	unchanged	1	5104959	5693875	5558792
checksum-sum	scalar	125	unchanged	2	5116125	5581084	4778583
checksum-sum	scalar	125	unchanged	3	5037541	5305042	4793250
checksum-sum	scalar	125	unchanged	4	5135750	4914333	5249125
checksum-sum	scalar	125	unchanged	5	5081542	4328667	4646375
checksum-sum	scalar	125	unchanged	6	4808875	4926750	4958167
checksum-sum	scalar	125	unchanged	7	5047875	4941708	4825375
checksum-sum	scalar	125	unchanged	8	5517208	4971334	5103833
checksum-sum	scalar	125	unchanged	9	5189084	5436750	5098959
checksum-sum	scalar	125	unchanged	10	5192042	4874291	4929125
checksum-sum	scalar	125	unchanged	11	5303459	4853459	4772250
checksum-sum	scalar	125	unchanged	12	4800125	4494625	4532291
checksum-sum	scalar	125	unchanged	13	5097416	4798250	5244250
checksum-sum	scalar	125	unchanged	14	5053375	5784625	5043959
checksum-sum	scalar	125	unchanged	15	4670750	4876500	5090167
checksum-sum	scalar	125	unchanged	16	5847125	5312209	4693958
checksum-sum	scalar	125	unchanged	17	5051666	5209125	5376417
checksum-sum	scalar	125	body	0	5792708	6808042	6335792
checksum-sum	scalar	125	body	1	6190541	6028375	5794583
checksum-sum	scalar	125	body	2	6454125	6849125	6579208
checksum-sum	scalar	125	body	3	5802667	6319625	6039834
checksum-sum	scalar	125	body	4	6757875	6832875	6608625
checksum-sum	scalar	125	body	5	6340584	6435291	6387000
checksum-sum	scalar	125	body	6	6669500	6513958	6577375
checksum-sum	scalar	125	body	7	6027208	11554667	7180875
checksum-sum	scalar	125	body	8	5954459	6918875	6268458
checksum-sum	scalar	125	body	9	7248292	6214583	6745584
checksum-sum	scalar	125	body	10	6301250	6158417	6688375
checksum-sum	scalar	125	body	11	6615458	6765083	6811709
checksum-sum	scalar	125	body	12	6355500	6577875	6365542
checksum-sum	scalar	125	body	13	5882750	6975875	6543333
checksum-sum	scalar	125	body	14	6091000	7047291	6952292
checksum-sum	scalar	125	body	15	6369167	7308666	6910917
checksum-sum	scalar	125	body	16	6508542	6163333	6173791
checksum-sum	scalar	125	body	17	6141000	7180958	6469583
checksum-sum	scalar	500	unchanged	0	8328417	8754667	8328125
checksum-sum	scalar	500	unchanged	1	7768209	8732459	8667000
checksum-sum	scalar	500	unchanged	2	8248083	8371792	8083875
checksum-sum	scalar	500	unchanged	3	8384500	8912500	9572875
checksum-sum	scalar	500	unchanged	4	8307041	8611458	8876000
checksum-sum	scalar	500	unchanged	5	8224417	8275708	8490125
checksum-sum	scalar	500	unchanged	6	8926750	8746333	8687583
checksum-sum	scalar	500	unchanged	7	8223291	8454000	9220041
checksum-sum	scalar	500	unchanged	8	7966792	8488709	9177042
checksum-sum	scalar	500	unchanged	9	8114833	9751042	8640209
checksum-sum	scalar	500	unchanged	10	8563417	9360458	8000583
checksum-sum	scalar	500	unchanged	11	8424750	8206000	8309000
checksum-sum	scalar	500	unchanged	12	8205125	8363458	7826625
checksum-sum	scalar	500	unchanged	13	8321375	8387417	9362292
checksum-sum	scalar	500	unchanged	14	8256291	8559875	8967292
checksum-sum	scalar	500	unchanged	15	8319084	8378792	8217958
checksum-sum	scalar	500	unchanged	16	9209875	8524417	8864500
checksum-sum	scalar	500	unchanged	17	8530000	8631125	8488666
checksum-sum	scalar	500	body	0	13139667	14598917	14533167
checksum-sum	scalar	500	body	1	13420834	14594500	13964250
checksum-sum	scalar	500	body	2	13559292	15384042	15490791
checksum-sum	scalar	500	body	3	13587708	14356625	14321500
checksum-sum	scalar	500	body	4	13267834	15257166	14491708
checksum-sum	scalar	500	body	5	13528625	15075833	14033750
checksum-sum	scalar	500	body	6	13994167	15325292	14382500
checksum-sum	scalar	500	body	7	13732542	14676542	14438625
checksum-sum	scalar	500	body	8	12879792	14539125	14007959
checksum-sum	scalar	500	body	9	13633541	15143958	14425917
checksum-sum	scalar	500	body	10	13496084	14635167	14373667
checksum-sum	scalar	500	body	11	13224375	14836709	14192500
checksum-sum	scalar	500	body	12	13226083	14888917	14413834
checksum-sum	scalar	500	body	13	13460291	15071833	13997250
checksum-sum	scalar	500	body	14	13020917	14677666	14386708
checksum-sum	scalar	500	body	15	13225916	14126917	14328459
checksum-sum	scalar	500	body	16	13577208	14587875	14679708
checksum-sum	scalar	500	body	17	13914292	14364750	14637583
checksum-sum	scalar	2000	unchanged	0	21306041	22305500	21449709
checksum-sum	scalar	2000	unchanged	1	22774709	23212958	22120250
checksum-sum	scalar	2000	unchanged	2	21668584	22184791	21663791
checksum-sum	scalar	2000	unchanged	3	21582000	23022416	22399042
checksum-sum	scalar	2000	unchanged	4	21536792	22726583	22184083
checksum-sum	scalar	2000	unchanged	5	21542917	22804667	22553625
checksum-sum	scalar	2000	unchanged	6	21859416	22543625	24179625
checksum-sum	scalar	2000	unchanged	7	22092417	23131083	23550916
checksum-sum	scalar	2000	unchanged	8	21726375	23097291	23320167
checksum-sum	scalar	2000	unchanged	9	21574791	23046292	21933750
checksum-sum	scalar	2000	unchanged	10	21803625	22895125	22535750
checksum-sum	scalar	2000	unchanged	11	21492208	22259250	22169542
checksum-sum	scalar	2000	unchanged	12	21569916	23599042	22279792
checksum-sum	scalar	2000	unchanged	13	22344333	22699458	21936208
checksum-sum	scalar	2000	unchanged	14	21935667	22223667	22426417
checksum-sum	scalar	2000	unchanged	15	21052334	22056500	22110792
checksum-sum	scalar	2000	unchanged	16	21384166	22513625	22710250
checksum-sum	scalar	2000	unchanged	17	21405458	23345000	22304375
checksum-sum	scalar	2000	body	0	41622667	46054125	44464334
checksum-sum	scalar	2000	body	1	41222458	45581375	44585417
checksum-sum	scalar	2000	body	2	40372709	44917334	46729458
checksum-sum	scalar	2000	body	3	41465834	45969084	44687583
checksum-sum	scalar	2000	body	4	40316542	45323584	44906083
checksum-sum	scalar	2000	body	5	42008125	45511500	44948000
checksum-sum	scalar	2000	body	6	41172750	46606375	44750333
checksum-sum	scalar	2000	body	7	42554791	45822666	45017250
checksum-sum	scalar	2000	body	8	41024958	46372625	44285083
checksum-sum	scalar	2000	body	9	41887084	45709459	44681292
checksum-sum	scalar	2000	body	10	41887917	46329833	45538542
checksum-sum	scalar	2000	body	11	40898666	45471541	43658833
checksum-sum	scalar	2000	body	12	41722834	45285000	44854917
checksum-sum	scalar	2000	body	13	40533667	46044791	45556750
checksum-sum	scalar	2000	body	14	41435541	45327375	44800792
checksum-sum	scalar	2000	body	15	40903708	46227292	44316792
checksum-sum	scalar	2000	body	16	41692500	46741084	44406916
checksum-sum	scalar	2000	body	17	41566584	45425041	44065167
checksum-sum	scalar	4000	unchanged	0	40093959	40703292	40891667
checksum-sum	scalar	4000	unchanged	1	38979250	41478083	41397541
checksum-sum	scalar	4000	unchanged	2	40857583	41628333	40849375
checksum-sum	scalar	4000	unchanged	3	38884916	40796333	40070625
checksum-sum	scalar	4000	unchanged	4	39512917	42376833	41343833
checksum-sum	scalar	4000	unchanged	5	39242792	42102750	40197083
checksum-sum	scalar	4000	unchanged	6	39007916	42032583	40835084
checksum-sum	scalar	4000	unchanged	7	39800417	40934333	41389250
checksum-sum	scalar	4000	unchanged	8	39414666	40733292	40133917
checksum-sum	scalar	4000	unchanged	9	39882583	41672416	39859708
checksum-sum	scalar	4000	unchanged	10	39019042	41406000	40479250
checksum-sum	scalar	4000	unchanged	11	39595375	41783375	40354708
checksum-sum	scalar	4000	unchanged	12	42318417	46177708	42937709
checksum-sum	scalar	4000	unchanged	13	42046583	42408083	42268167
checksum-sum	scalar	4000	unchanged	14	40395000	42373166	40212125
checksum-sum	scalar	4000	unchanged	15	38566291	40499000	39982667
checksum-sum	scalar	4000	unchanged	16	38586167	41445917	40876667
checksum-sum	scalar	4000	unchanged	17	41073625	43749792	40637250
checksum-sum	scalar	4000	body	0	79003417	89430833	87161667
checksum-sum	scalar	4000	body	1	81749167	98015459	95156208
checksum-sum	scalar	4000	body	2	82839959	98427584	87605834
checksum-sum	scalar	4000	body	3	79069208	88332625	86332542
checksum-sum	scalar	4000	body	4	78929416	89357042	87558750
checksum-sum	scalar	4000	body	5	80897625	91855541	87254292
checksum-sum	scalar	4000	body	6	79969625	88851541	86631584
checksum-sum	scalar	4000	body	7	78105750	88495000	86123250
checksum-sum	scalar	4000	body	8	80188416	87830875	88757334
checksum-sum	scalar	4000	body	9	79562375	94130917	89346500
checksum-sum	scalar	4000	body	10	78800667	88040959	87120958
checksum-sum	scalar	4000	body	11	80216541	88763125	91267875
checksum-sum	scalar	4000	body	12	79564250	95144292	89861791
checksum-sum	scalar	4000	body	13	80106125	88851208	87578750
checksum-sum	scalar	4000	body	14	81513792	89448084	88118542
checksum-sum	scalar	4000	body	15	85628416	88548459	87769750
checksum-sum	scalar	4000	body	16	82644417	90194875	90894833
checksum-sum	scalar	4000	body	17	79574209	88045375	85868375
checksum-sum	dense	512	unchanged	0	141689417	149888875	155727625
checksum-sum	dense	512	unchanged	1	144925416	145890167	142924750
checksum-sum	dense	512	unchanged	2	147523750	145294583	158266959
checksum-sum	dense	512	unchanged	3	141255458	150557375	142329416
checksum-sum	dense	512	unchanged	4	143739750	159133083	143092958
checksum-sum	dense	512	unchanged	5	142894416	147326958	149359541
checksum-sum	dense	512	unchanged	6	142943750	154344041	159098416
checksum-sum	dense	512	unchanged	7	144643042	143236875	143850042
checksum-sum	dense	512	unchanged	8	149879708	146586875	158721667
checksum-sum	dense	512	unchanged	9	142604709	150092917	144080125
checksum-sum	dense	512	unchanged	10	160532416	163662417	154725750
checksum-sum	dense	512	unchanged	11	144999875	151658166	151813375
checksum-sum	dense	512	unchanged	12	157801292	165010833	157598708
checksum-sum	dense	512	unchanged	13	149054041	146304708	146567083
checksum-sum	dense	512	unchanged	14	161604041	159262667	153800042
checksum-sum	dense	512	unchanged	15	146765500	150303000	145707584
checksum-sum	dense	512	unchanged	16	159703417	154318791	161509250
checksum-sum	dense	512	unchanged	17	159452584	148782708	145809166
checksum-sum	dense	512	body	0	277327333	286476042	267522541
checksum-sum	dense	512	body	1	271761375	267359292	285471667
checksum-sum	dense	512	body	2	269177208	271358916	264952208
checksum-sum	dense	512	body	3	252081750	266448416	269951541
checksum-sum	dense	512	body	4	266990333	280420042	263426416
checksum-sum	dense	512	body	5	249489333	265445583	261208917
checksum-sum	dense	512	body	6	247879875	267607291	271291084
checksum-sum	dense	512	body	7	251498542	275759083	261494084
checksum-sum	dense	512	body	8	301541667	278134792	323450667
checksum-sum	dense	512	body	9	256064208	284583334	263861167
checksum-sum	dense	512	body	10	251269875	268420209	286530167
checksum-sum	dense	512	body	11	248056292	271054292	285277292
checksum-sum	dense	512	body	12	257762625	273503542	262585542
checksum-sum	dense	512	body	13	254052125	265866041	272482458
checksum-sum	dense	512	body	14	261878750	269650125	259673750
checksum-sum	dense	512	body	15	247579459	266253500	270196500
checksum-sum	dense	512	body	16	254478625	268586250	264974209
checksum-sum	dense	512	body	17	256448917	278823084	261095083
checksum-sum	counted	2000	unchanged	0	91590792	86698458	83083416
checksum-sum	counted	2000	unchanged	1	81338542	82452792	80326709
checksum-sum	counted	2000	unchanged	2	79861458	82578375	80470459
checksum-sum	counted	2000	unchanged	3	87664458	83037667	86427459
checksum-sum	counted	2000	unchanged	4	83090166	80954875	83715334
checksum-sum	counted	2000	unchanged	5	80744042	81172792	79844875
checksum-sum	counted	2000	unchanged	6	80456792	82915583	82250541
checksum-sum	counted	2000	unchanged	7	90848917	87742542	88705500
checksum-sum	counted	2000	unchanged	8	81623875	85294500	81929167
checksum-sum	counted	2000	unchanged	9	83876333	82378666	80465542
checksum-sum	counted	2000	unchanged	10	89850917	92607792	87438083
checksum-sum	counted	2000	unchanged	11	91956625	94935875	85867792
checksum-sum	counted	2000	unchanged	12	86830250	87656750	92151541
checksum-sum	counted	2000	unchanged	13	91179792	100775000	101427083
checksum-sum	counted	2000	unchanged	14	91153083	95818208	85673167
checksum-sum	counted	2000	unchanged	15	80797666	83395625	80174875
checksum-sum	counted	2000	unchanged	16	81989916	83093458	79359125
checksum-sum	counted	2000	unchanged	17	90989208	89400334	81772208
checksum-sum	counted	2000	body	0	165020791	171480375	181570417
checksum-sum	counted	2000	body	1	177176250	174641416	179278750
checksum-sum	counted	2000	body	2	165712041	168097500	183020250
checksum-sum	counted	2000	body	3	153997000	181949458	167019584
checksum-sum	counted	2000	body	4	160005500	186797333	162771541
checksum-sum	counted	2000	body	5	152436333	167103708	172203375
checksum-sum	counted	2000	body	6	155642417	168870875	176827459
checksum-sum	counted	2000	body	7	157660167	164694625	161801042
checksum-sum	counted	2000	body	8	158111375	165104000	162623958
checksum-sum	counted	2000	body	9	155397875	165800416	163357417
checksum-sum	counted	2000	body	10	162619875	167056958	171921208
checksum-sum	counted	2000	body	11	175136583	179942041	162912417
checksum-sum	counted	2000	body	12	161844333	165842708	162550334
checksum-sum	counted	2000	body	13	168634583	176608000	180983250
checksum-sum	counted	2000	body	14	154481292	166252417	161405208
checksum-sum	counted	2000	body	15	155668334	166337375	169946458
checksum-sum	counted	2000	body	16	154695416	175004792	161156583
checksum-sum	counted	2000	body	17	157535250	174325792	182792916
checked-rows	scalar	125	unchanged	0	4488834	4333709	4824625
checked-rows	scalar	125	unchanged	1	4730708	4946708	4743041
checked-rows	scalar	125	unchanged	2	4648709	4503459	4985125
checked-rows	scalar	125	unchanged	3	4450208	4897875	5291500
checked-rows	scalar	125	unchanged	4	4561292	4365750	5008792
checked-rows	scalar	125	unchanged	5	4919333	4974083	4386667
checked-rows	scalar	125	unchanged	6	4289625	5323500	4699458
checked-rows	scalar	125	unchanged	7	4325625	4806750	5062791
checked-rows	scalar	125	unchanged	8	4988458	5010292	4959209
checked-rows	scalar	125	unchanged	9	5333916	5032500	4685042
checked-rows	scalar	125	unchanged	10	4963083	5145708	5041750
checked-rows	scalar	125	unchanged	11	4824916	5170500	4828291
checked-rows	scalar	125	unchanged	12	4910875	4645500	5129500
checked-rows	scalar	125	unchanged	13	4941709	4787667	4734666
checked-rows	scalar	125	unchanged	14	4938167	4345708	4524750
checked-rows	scalar	125	unchanged	15	4661917	5028500	5000833
checked-rows	scalar	125	unchanged	16	4535958	5105542	4937625
checked-rows	scalar	125	unchanged	17	4701917	4500084	4908916
checked-rows	scalar	125	body	0	6670375	6455250	6296083
checked-rows	scalar	125	body	1	5898125	6377708	6307667
checked-rows	scalar	125	body	2	6271250	6069875	6310250
checked-rows	scalar	125	body	3	6437084	6830875	6281250
checked-rows	scalar	125	body	4	6515541	6716416	6609959
checked-rows	scalar	125	body	5	6183083	6390292	6036792
checked-rows	scalar	125	body	6	6656083	6261208	5950458
checked-rows	scalar	125	body	7	6361250	6315959	6484584
checked-rows	scalar	125	body	8	5947167	6728625	6807750
checked-rows	scalar	125	body	9	5747209	5955958	6052000
checked-rows	scalar	125	body	10	6132000	6496541	6498667
checked-rows	scalar	125	body	11	6267125	6355167	6206750
checked-rows	scalar	125	body	12	6187458	6074000	6085542
checked-rows	scalar	125	body	13	6323167	6655333	6564667
checked-rows	scalar	125	body	14	6359291	6392250	6042625
checked-rows	scalar	125	body	15	5896666	6427667	6671166
checked-rows	scalar	125	body	16	5950458	6874833	5931292
checked-rows	scalar	125	body	17	6107042	6557209	6049625
checked-rows	scalar	500	unchanged	0	8188417	8674583	8460959
checked-rows	scalar	500	unchanged	1	7946000	8508291	8063541
checked-rows	scalar	500	unchanged	2	8205209	8190666	8318709
checked-rows	scalar	500	unchanged	3	8008458	8275500	8274625
checked-rows	scalar	500	unchanged	4	8404833	8091250	7964458
checked-rows	scalar	500	unchanged	5	8570083	8453375	8546917
checked-rows	scalar	500	unchanged	6	8416750	8778083	8561917
checked-rows	scalar	500	unchanged	7	8345458	8857875	8611000
checked-rows	scalar	500	unchanged	8	8029500	8467500	8034083
checked-rows	scalar	500	unchanged	9	8477292	8684000	8548833
checked-rows	scalar	500	unchanged	10	7697959	8706708	8357375
checked-rows	scalar	500	unchanged	11	8338792	8413625	8329458
checked-rows	scalar	500	unchanged	12	8393542	8419917	7991833
checked-rows	scalar	500	unchanged	13	7860083	8628541	8654709
checked-rows	scalar	500	unchanged	14	8156083	8400083	8344541
checked-rows	scalar	500	unchanged	15	8425416	8459500	8247041
checked-rows	scalar	500	unchanged	16	7821500	8438208	8349333
checked-rows	scalar	500	unchanged	17	7976750	8986792	8481542
checked-rows	scalar	500	body	0	13062792	15101541	13841209
checked-rows	scalar	500	body	1	13582208	14207500	14491750
checked-rows	scalar	500	body	2	13591875	13965000	13044791
checked-rows	scalar	500	body	3	13145000	14231875	13713875
checked-rows	scalar	500	body	4	12607667	14392917	13679041
checked-rows	scalar	500	body	5	12603583	14358125	13698416
checked-rows	scalar	500	body	6	13432209	14919500	14196791
checked-rows	scalar	500	body	7	13297708	14119708	13824375
checked-rows	scalar	500	body	8	12865000	14213959	13874917
checked-rows	scalar	500	body	9	13473958	14550291	13504000
checked-rows	scalar	500	body	10	13407375	14333667	13917208
checked-rows	scalar	500	body	11	12664875	14196083	14089083
checked-rows	scalar	500	body	12	12742041	14102125	13270625
checked-rows	scalar	500	body	13	12972000	14871291	13987708
checked-rows	scalar	500	body	14	13485958	14778541	14168667
checked-rows	scalar	500	body	15	13225042	14113292	13956917
checked-rows	scalar	500	body	16	13008291	14978458	13479000
checked-rows	scalar	500	body	17	13799875	13815833	14383542
checked-rows	scalar	2000	unchanged	0	22038958	23062417	22074959
checked-rows	scalar	2000	unchanged	1	21795000	22365209	21474583
checked-rows	scalar	2000	unchanged	2	21788916	21767208	24109167
checked-rows	scalar	2000	unchanged	3	20977417	22076792	21461792
checked-rows	scalar	2000	unchanged	4	22056750	22127167	21473375
checked-rows	scalar	2000	unchanged	5	21096875	22530417	21246125
checked-rows	scalar	2000	unchanged	6	21083584	21789708	22353250
checked-rows	scalar	2000	unchanged	7	21178708	22283042	21143584
checked-rows	scalar	2000	unchanged	8	21067208	21630875	22329708
checked-rows	scalar	2000	unchanged	9	20645667	22256792	21380666
checked-rows	scalar	2000	unchanged	10	21295792	22465291	21923625
checked-rows	scalar	2000	unchanged	11	21347708	22213667	21894833
checked-rows	scalar	2000	unchanged	12	22063708	22384792	21510916
checked-rows	scalar	2000	unchanged	13	21445875	22751042	21594417
checked-rows	scalar	2000	unchanged	14	21151583	22510625	22376625
checked-rows	scalar	2000	unchanged	15	21982208	21562167	21889709
checked-rows	scalar	2000	unchanged	16	21530333	22660583	20807666
checked-rows	scalar	2000	unchanged	17	20775291	22385458	21480667
checked-rows	scalar	2000	body	0	40228125	45436125	42720916
checked-rows	scalar	2000	body	1	39857375	45760791	43434750
checked-rows	scalar	2000	body	2	41149792	46002917	43406917
checked-rows	scalar	2000	body	3	40444458	45846708	42382209
checked-rows	scalar	2000	body	4	40475875	45152916	43106916
checked-rows	scalar	2000	body	5	40054542	44362125	43719042
checked-rows	scalar	2000	body	6	40069916	45905125	43597792
checked-rows	scalar	2000	body	7	40539458	45921750	43884208
checked-rows	scalar	2000	body	8	40124458	45835042	43035208
checked-rows	scalar	2000	body	9	41076292	45676958	43198583
checked-rows	scalar	2000	body	10	40388375	45855666	43756458
checked-rows	scalar	2000	body	11	40509750	45639750	42754375
checked-rows	scalar	2000	body	12	41505917	45133625	42512875
checked-rows	scalar	2000	body	13	40338584	44891833	43690209
checked-rows	scalar	2000	body	14	40697834	44850458	42898875
checked-rows	scalar	2000	body	15	40526250	44958042	42983500
checked-rows	scalar	2000	body	16	39753708	44878250	42495458
checked-rows	scalar	2000	body	17	40379792	44596958	43348375
checked-rows	scalar	4000	unchanged	0	38409500	41388541	39095958
checked-rows	scalar	4000	unchanged	1	38863625	39769083	39745458
checked-rows	scalar	4000	unchanged	2	38642917	40636417	38454334
checked-rows	scalar	4000	unchanged	3	38531500	40437083	39063375
checked-rows	scalar	4000	unchanged	4	40321875	40285208	41196291
checked-rows	scalar	4000	unchanged	5	38489458	40597292	38588125
checked-rows	scalar	4000	unchanged	6	37971750	41125583	38650459
checked-rows	scalar	4000	unchanged	7	38531750	40283875	40286459
checked-rows	scalar	4000	unchanged	8	38367500	39913417	39157167
checked-rows	scalar	4000	unchanged	9	38301250	40575250	39232042
checked-rows	scalar	4000	unchanged	10	37975875	41004083	38698542
checked-rows	scalar	4000	unchanged	11	37725875	40693334	39445291
checked-rows	scalar	4000	unchanged	12	38617459	40054333	39451583
checked-rows	scalar	4000	unchanged	13	39273792	41524959	39096416
checked-rows	scalar	4000	unchanged	14	39097083	40383208	41285750
checked-rows	scalar	4000	unchanged	15	39352833	41296750	39122625
checked-rows	scalar	4000	unchanged	16	38007000	41330084	39595250
checked-rows	scalar	4000	unchanged	17	38409375	40062167	39112375
checked-rows	scalar	4000	body	0	77767375	86980750	83937334
checked-rows	scalar	4000	body	1	78890584	88289292	82921166
checked-rows	scalar	4000	body	2	78191958	89114291	83899875
checked-rows	scalar	4000	body	3	77986500	86855666	84186167
checked-rows	scalar	4000	body	4	77455125	88961084	83666416
checked-rows	scalar	4000	body	5	76537083	87394709	82578792
checked-rows	scalar	4000	body	6	77889083	87957125	83255250
checked-rows	scalar	4000	body	7	78260083	86706667	83921583
checked-rows	scalar	4000	body	8	77003917	86546375	82970875
checked-rows	scalar	4000	body	9	78590042	87349292	83985166
checked-rows	scalar	4000	body	10	78884000	87744166	83662875
checked-rows	scalar	4000	body	11	78347208	89229709	83675083
checked-rows	scalar	4000	body	12	80131750	88985709	83779375
checked-rows	scalar	4000	body	13	78225208	88432584	83293208
checked-rows	scalar	4000	body	14	77727417	87159375	84192750
checked-rows	scalar	4000	body	15	77472292	87969125	82880750
checked-rows	scalar	4000	body	16	78898000	89576209	85479583
checked-rows	scalar	4000	body	17	80051250	87707917	83264208
checked-rows	dense	512	unchanged	0	141176834	142863375	138505583
checked-rows	dense	512	unchanged	1	138698958	143837750	138589875
checked-rows	dense	512	unchanged	2	142231375	142823000	139372875
checked-rows	dense	512	unchanged	3	140184417	144509542	138721667
checked-rows	dense	512	unchanged	4	139017625	142287709	139250458
checked-rows	dense	512	unchanged	5	140582167	144175834	139653500
checked-rows	dense	512	unchanged	6	139596125	142483500	138393167
checked-rows	dense	512	unchanged	7	143374416	142277417	139684375
checked-rows	dense	512	unchanged	8	138856334	143947750	138482583
checked-rows	dense	512	unchanged	9	142786125	141946625	140026125
checked-rows	dense	512	unchanged	10	139700083	143596042	140260750
checked-rows	dense	512	unchanged	11	141695708	142788666	139279250
checked-rows	dense	512	unchanged	12	141355833	145031292	140572084
checked-rows	dense	512	unchanged	13	139359917	142370375	139212542
checked-rows	dense	512	unchanged	14	140530292	145506583	138608333
checked-rows	dense	512	unchanged	15	139696041	145146291	140605250
checked-rows	dense	512	unchanged	16	139908833	144670375	139336750
checked-rows	dense	512	unchanged	17	139458791	144351750	140064959
checked-rows	dense	512	body	0	247379041	262332000	248916583
checked-rows	dense	512	body	1	245451833	263297583	250847375
checked-rows	dense	512	body	2	245337667	265922542	249296583
checked-rows	dense	512	body	3	242962084	263481458	253614375
checked-rows	dense	512	body	4	245628333	264827166	249891584
checked-rows	dense	512	body	5	244307000	263184916	252678917
checked-rows	dense	512	body	6	271193750	269282083	250968125
checked-rows	dense	512	body	7	246425792	263808500	253137208
checked-rows	dense	512	body	8	243017667	264291458	250925750
checked-rows	dense	512	body	9	245011167	263527000	251166166
checked-rows	dense	512	body	10	244717958	263616125	252491709
checked-rows	dense	512	body	11	243835417	263826125	251684084
checked-rows	dense	512	body	12	245293417	264220083	249202708
checked-rows	dense	512	body	13	245084583	261711625	249245041
checked-rows	dense	512	body	14	244762666	261680250	251483375
checked-rows	dense	512	body	15	245285458	264294667	252732292
checked-rows	dense	512	body	16	244013750	266999458	250945833
checked-rows	dense	512	body	17	243108958	262339792	251619833
checked-rows	counted	2000	unchanged	0	79808959	80787125	78866583
checked-rows	counted	2000	unchanged	1	81234417	79911708	78909792
checked-rows	counted	2000	unchanged	2	78059250	81356875	78135958
checked-rows	counted	2000	unchanged	3	79493375	82826834	80480750
checked-rows	counted	2000	unchanged	4	81041667	81570167	80001792
checked-rows	counted	2000	unchanged	5	80323500	82210583	79052625
checked-rows	counted	2000	unchanged	6	78080000	82705167	78846750
checked-rows	counted	2000	unchanged	7	79743709	82968833	79285542
checked-rows	counted	2000	unchanged	8	82081083	80172042	78672667
checked-rows	counted	2000	unchanged	9	78716125	81300459	78647208
checked-rows	counted	2000	unchanged	10	78526250	81463125	78860375
checked-rows	counted	2000	unchanged	11	78827041	81613042	79811291
checked-rows	counted	2000	unchanged	12	79701709	81681334	79471708
checked-rows	counted	2000	unchanged	13	79699083	80945375	79260834
checked-rows	counted	2000	unchanged	14	78686250	81254833	78983708
checked-rows	counted	2000	unchanged	15	79475667	82321042	78002125
checked-rows	counted	2000	unchanged	16	79636667	80771209	79319750
checked-rows	counted	2000	unchanged	17	79578875	80829750	78703292
checked-rows	counted	2000	body	0	152988500	166633792	156063208
checked-rows	counted	2000	body	1	150582291	161907417	156338625
checked-rows	counted	2000	body	2	152053125	163969917	156057375
checked-rows	counted	2000	body	3	152711959	164702084	156778417
checked-rows	counted	2000	body	4	154124041	166031166	158568750
checked-rows	counted	2000	body	5	153003875	163731750	159566000
checked-rows	counted	2000	body	6	150409000	161760667	156321000
checked-rows	counted	2000	body	7	153764750	162443584	155848000
checked-rows	counted	2000	body	8	152301708	163254042	156122167
checked-rows	counted	2000	body	9	154424916	165488125	157127958
checked-rows	counted	2000	body	10	152522000	163265458	157474209
checked-rows	counted	2000	body	11	157507542	162455500	155220333
checked-rows	counted	2000	body	12	156660583	164300333	155710625
checked-rows	counted	2000	body	13	152607041	161857542	155825458
checked-rows	counted	2000	body	14	150758500	164653542	155934375
checked-rows	counted	2000	body	15	154292125	164436833	155332250
checked-rows	counted	2000	body	16	152535917	163320500	157599500
checked-rows	counted	2000	body	17	152833958	164794959	156128875
copy-checksum	scalar	125	unchanged	0	4727958	4762542	4650584
copy-checksum	scalar	125	unchanged	1	4537875	5245167	4642583
copy-checksum	scalar	125	unchanged	2	4773625	4717459	5172125
copy-checksum	scalar	125	unchanged	3	4778833	5001459	4683584
copy-checksum	scalar	125	unchanged	4	4720625	4735708	4563209
copy-checksum	scalar	125	unchanged	5	4101666	5217667	4260541
copy-checksum	scalar	125	unchanged	6	4927875	4334125	5038875
copy-checksum	scalar	125	unchanged	7	4450000	5120250	4240875
copy-checksum	scalar	125	unchanged	8	4745792	4602667	4718041
copy-checksum	scalar	125	unchanged	9	4970084	4733000	4333000
copy-checksum	scalar	125	unchanged	10	4306750	4909167	4996125
copy-checksum	scalar	125	unchanged	11	5009917	5041417	5061750
copy-checksum	scalar	125	unchanged	12	4287834	4415459	5020584
copy-checksum	scalar	125	unchanged	13	4826791	4803292	4950916
copy-checksum	scalar	125	unchanged	14	4890792	4619292	4429167
copy-checksum	scalar	125	unchanged	15	4069000	4531833	4865292
copy-checksum	scalar	125	unchanged	16	4300208	4823750	14848208
copy-checksum	scalar	125	unchanged	17	4682833	4948250	5146958
copy-checksum	scalar	125	body	0	6566458	6159917	6152625
copy-checksum	scalar	125	body	1	5904958	6629959	6591042
copy-checksum	scalar	125	body	2	6000833	6214750	6256917
copy-checksum	scalar	125	body	3	5933917	6686291	6028750
copy-checksum	scalar	125	body	4	6337333	6263833	6423209
copy-checksum	scalar	125	body	5	6008583	6405125	6383292
copy-checksum	scalar	125	body	6	5893584	6151000	6422667
copy-checksum	scalar	125	body	7	6530000	5939042	5985458
copy-checksum	scalar	125	body	8	6297667	6586875	6373750
copy-checksum	scalar	125	body	9	6641791	6578708	6231583
copy-checksum	scalar	125	body	10	6470833	6520292	6547875
copy-checksum	scalar	125	body	11	6378791	7789084	7811541
copy-checksum	scalar	125	body	12	6285750	6391334	6202250
copy-checksum	scalar	125	body	13	6572500	6564833	5805708
copy-checksum	scalar	125	body	14	6678333	6416459	6435208
copy-checksum	scalar	125	body	15	6442500	6391792	6026625
copy-checksum	scalar	125	body	16	6344375	6210416	6947000
copy-checksum	scalar	125	body	17	5753291	6566167	6185750
copy-checksum	scalar	500	unchanged	0	7700042	7739583	8070834
copy-checksum	scalar	500	unchanged	1	7929666	8050416	8269916
copy-checksum	scalar	500	unchanged	2	8281500	8281166	7972417
copy-checksum	scalar	500	unchanged	3	8356958	8573208	8379375
copy-checksum	scalar	500	unchanged	4	8449959	8346958	8334084
copy-checksum	scalar	500	unchanged	5	8109292	8199000	8481459
copy-checksum	scalar	500	unchanged	6	8492791	8069916	8459708
copy-checksum	scalar	500	unchanged	7	8725584	8468625	8248708
copy-checksum	scalar	500	unchanged	8	7977083	8676625	8225708
copy-checksum	scalar	500	unchanged	9	8350458	8467542	8127000
copy-checksum	scalar	500	unchanged	10	8268458	7917375	8081375
copy-checksum	scalar	500	unchanged	11	8016167	8615666	8724458
copy-checksum	scalar	500	unchanged	12	8274458	8354417	8688500
copy-checksum	scalar	500	unchanged	13	8104958	8161834	8122417
copy-checksum	scalar	500	unchanged	14	8345792	8181417	11667959
copy-checksum	scalar	500	unchanged	15	8212750	8072875	7906291
copy-checksum	scalar	500	unchanged	16	7880209	8336250	8484375
copy-checksum	scalar	500	unchanged	17	8194542	8703875	8271417
copy-checksum	scalar	500	body	0	12889875	14225000	13697875
copy-checksum	scalar	500	body	1	12916459	13651750	13581334
copy-checksum	scalar	500	body	2	13083667	13687417	13515042
copy-checksum	scalar	500	body	3	13021583	13362667	13505750
copy-checksum	scalar	500	body	4	13333750	13731958	13407334
copy-checksum	scalar	500	body	5	13870666	13827458	13386958
copy-checksum	scalar	500	body	6	12994875	14165792	13605125
copy-checksum	scalar	500	body	7	13009292	13352250	14069583
copy-checksum	scalar	500	body	8	13440791	13560833	13211416
copy-checksum	scalar	500	body	9	13262750	13839458	13573666
copy-checksum	scalar	500	body	10	12916125	13658250	13842666
copy-checksum	scalar	500	body	11	13362208	13642583	13555250
copy-checksum	scalar	500	body	12	12723416	13436417	13981583
copy-checksum	scalar	500	body	13	13081584	13767625	13605875
copy-checksum	scalar	500	body	14	13675125	13546333	13063583
copy-checksum	scalar	500	body	15	12796333	13950375	14194708
copy-checksum	scalar	500	body	16	12781667	13822542	13584208
copy-checksum	scalar	500	body	17	12922208	13650125	13429458
copy-checksum	scalar	2000	unchanged	0	20540417	21093917	22223084
copy-checksum	scalar	2000	unchanged	1	21079292	21627792	22209041
copy-checksum	scalar	2000	unchanged	2	21360333	21563541	22220291
copy-checksum	scalar	2000	unchanged	3	21114583	21727000	21527791
copy-checksum	scalar	2000	unchanged	4	21105000	20943125	22236417
copy-checksum	scalar	2000	unchanged	5	20889917	21755917	21972333
copy-checksum	scalar	2000	unchanged	6	21219041	21361750	21690250
copy-checksum	scalar	2000	unchanged	7	20750042	21036125	22456917
copy-checksum	scalar	2000	unchanged	8	21242292	21813917	21838708
copy-checksum	scalar	2000	unchanged	9	20706584	22064292	23341125
copy-checksum	scalar	2000	unchanged	10	25702875	21845042	22220875
copy-checksum	scalar	2000	unchanged	11	20783833	21765917	22026375
copy-checksum	scalar	2000	unchanged	12	21067833	21140959	21613916
copy-checksum	scalar	2000	unchanged	13	21075166	22171250	21576667
copy-checksum	scalar	2000	unchanged	14	21258583	21550333	22189042
copy-checksum	scalar	2000	unchanged	15	20723833	21233500	21829208
copy-checksum	scalar	2000	unchanged	16	21778250	21533833	22213458
copy-checksum	scalar	2000	unchanged	17	22157708	22495875	22047417
copy-checksum	scalar	2000	body	0	39640209	43820667	41768792
copy-checksum	scalar	2000	body	1	42254958	42069625	42643042
copy-checksum	scalar	2000	body	2	40010250	43392500	42783042
copy-checksum	scalar	2000	body	3	40697125	43005333	43094459
copy-checksum	scalar	2000	body	4	41861583	43673417	42678667
copy-checksum	scalar	2000	body	5	41458041	43370000	42007792
copy-checksum	scalar	2000	body	6	40666500	42901333	42608167
copy-checksum	scalar	2000	body	7	40363875	43114334	43248875
copy-checksum	scalar	2000	body	8	40425084	43457917	42287000
copy-checksum	scalar	2000	body	9	39900625	43283834	42281375
copy-checksum	scalar	2000	body	10	40858458	44440458	42801334
copy-checksum	scalar	2000	body	11	40185583	42230792	42315375
copy-checksum	scalar	2000	body	12	40250042	42827833	41846167
copy-checksum	scalar	2000	body	13	41095666	42747375	42942167
copy-checksum	scalar	2000	body	14	40705208	42851292	42106125
copy-checksum	scalar	2000	body	15	40508667	43031708	42440750
copy-checksum	scalar	2000	body	16	39761333	43272625	42332750
copy-checksum	scalar	2000	body	17	40566959	42867791	42150583
copy-checksum	scalar	4000	unchanged	0	39040625	39411333	39895042
copy-checksum	scalar	4000	unchanged	1	39049750	39899792	39947125
copy-checksum	scalar	4000	unchanged	2	38493542	39406792	40036250
copy-checksum	scalar	4000	unchanged	3	38352458	39810250	40741458
copy-checksum	scalar	4000	unchanged	4	38892958	40132458	39341083
copy-checksum	scalar	4000	unchanged	5	38913541	39563583	40448583
copy-checksum	scalar	4000	unchanged	6	39064458	38825292	39735458
copy-checksum	scalar	4000	unchanged	7	39128917	39787750	39531042
copy-checksum	scalar	4000	unchanged	8	38303875	39902375	39185667
copy-checksum	scalar	4000	unchanged	9	38759333	39397250	39917042
copy-checksum	scalar	4000	unchanged	10	38700792	40400709	40230750
copy-checksum	scalar	4000	unchanged	11	38555459	38827584	39616875
copy-checksum	scalar	4000	unchanged	12	38837875	39501541	39886542
copy-checksum	scalar	4000	unchanged	13	39582959	38913458	39371708
copy-checksum	scalar	4000	unchanged	14	38979292	39602833	40040750
copy-checksum	scalar	4000	unchanged	15	38999375	39637416	40242667
copy-checksum	scalar	4000	unchanged	16	38535000	39574750	39623125
copy-checksum	scalar	4000	unchanged	17	38500458	38955958	39691166
copy-checksum	scalar	4000	body	0	78623750	82953292	82789959
copy-checksum	scalar	4000	body	1	79123333	83259792	82880625
copy-checksum	scalar	4000	body	2	79011000	84148500	82801334
copy-checksum	scalar	4000	body	3	79085458	84377167	83381500
copy-checksum	scalar	4000	body	4	77928542	83329292	82355250
copy-checksum	scalar	4000	body	5	78712750	82738541	83636000
copy-checksum	scalar	4000	body	6	79479958	82849750	83122334
copy-checksum	scalar	4000	body	7	79323667	83135209	81955666
copy-checksum	scalar	4000	body	8	76689792	82676375	82481250
copy-checksum	scalar	4000	body	9	77903917	83677542	83360708
copy-checksum	scalar	4000	body	10	79579958	82980917	81981042
copy-checksum	scalar	4000	body	11	78123834	83110333	82006333
copy-checksum	scalar	4000	body	12	77081958	83032208	82693208
copy-checksum	scalar	4000	body	13	78894417	83580167	83467209
copy-checksum	scalar	4000	body	14	78906875	85485083	82947458
copy-checksum	scalar	4000	body	15	78249625	84564292	84827417
copy-checksum	scalar	4000	body	16	79496000	84013417	84005625
copy-checksum	scalar	4000	body	17	77725291	84377541	82187375
copy-checksum	dense	512	unchanged	0	139693667	138963583	139673083
copy-checksum	dense	512	unchanged	1	141197333	141276166	140656333
copy-checksum	dense	512	unchanged	2	140053625	139268500	139883333
copy-checksum	dense	512	unchanged	3	139757625	140403083	140825709
copy-checksum	dense	512	unchanged	4	140194792	140696167	139897708
copy-checksum	dense	512	unchanged	5	139198417	139476541	139847042
copy-checksum	dense	512	unchanged	6	140154750	140146417	140660083
copy-checksum	dense	512	unchanged	7	139509666	139856042	140200708
copy-checksum	dense	512	unchanged	8	139150542	139158542	140545208
copy-checksum	dense	512	unchanged	9	140558334	141425417	139133541
copy-checksum	dense	512	unchanged	10	139089542	140827334	138347791
copy-checksum	dense	512	unchanged	11	140861292	141051459	140134458
copy-checksum	dense	512	unchanged	12	140260584	140785000	140686250
copy-checksum	dense	512	unchanged	13	140652291	140749583	139469750
copy-checksum	dense	512	unchanged	14	139306792	140621458	140025292
copy-checksum	dense	512	unchanged	15	141615500	140933042	139710709
copy-checksum	dense	512	unchanged	16	138623042	140471459	140267000
copy-checksum	dense	512	unchanged	17	140368167	140156375	141206667
copy-checksum	dense	512	body	0	244395333	249723000	249243625
copy-checksum	dense	512	body	1	246587625	251500625	249992500
copy-checksum	dense	512	body	2	248638583	251552584	252069500
copy-checksum	dense	512	body	3	244159125	251185375	249971667
copy-checksum	dense	512	body	4	245227500	250932584	249948959
copy-checksum	dense	512	body	5	245451708	250847541	251856334
copy-checksum	dense	512	body	6	245449750	250066417	249799166
copy-checksum	dense	512	body	7	245412167	251661459	250865292
copy-checksum	dense	512	body	8	245203708	249944042	250030375
copy-checksum	dense	512	body	9	244476375	250378208	250968583
copy-checksum	dense	512	body	10	244316750	249960959	249323583
copy-checksum	dense	512	body	11	241396917	250490167	250605500
copy-checksum	dense	512	body	12	244449167	254317667	249430083
copy-checksum	dense	512	body	13	245654250	250615084	250867916
copy-checksum	dense	512	body	14	247714833	251335458	248033333
copy-checksum	dense	512	body	15	244967542	250118208	248569583
copy-checksum	dense	512	body	16	245237875	252285417	250456416
copy-checksum	dense	512	body	17	245693667	251097416	251026417
copy-checksum	counted	2000	unchanged	0	79026500	78431708	79035833
copy-checksum	counted	2000	unchanged	1	81646208	80220833	79775792
copy-checksum	counted	2000	unchanged	2	80190917	78488833	80379667
copy-checksum	counted	2000	unchanged	3	79065958	79755792	78114833
copy-checksum	counted	2000	unchanged	4	79494250	79593042	78676750
copy-checksum	counted	2000	unchanged	5	80791458	79664042	79102041
copy-checksum	counted	2000	unchanged	6	80178875	79921458	78582042
copy-checksum	counted	2000	unchanged	7	78455833	77435875	79839750
copy-checksum	counted	2000	unchanged	8	79626041	78857666	79520292
copy-checksum	counted	2000	unchanged	9	81076541	79092208	79884458
copy-checksum	counted	2000	unchanged	10	80142167	79153416	79078708
copy-checksum	counted	2000	unchanged	11	80074292	77537500	78948958
copy-checksum	counted	2000	unchanged	12	79970208	79065625	79914417
copy-checksum	counted	2000	unchanged	13	79297083	78541375	79478500
copy-checksum	counted	2000	unchanged	14	80354083	81350042	79167500
copy-checksum	counted	2000	unchanged	15	78377500	79622791	79088584
copy-checksum	counted	2000	unchanged	16	81085375	79991750	80554584
copy-checksum	counted	2000	unchanged	17	80449667	78886000	78324791
copy-checksum	counted	2000	body	0	150797625	155729834	154221292
copy-checksum	counted	2000	body	1	152918875	157579333	154616000
copy-checksum	counted	2000	body	2	151945708	155208166	155304833
copy-checksum	counted	2000	body	3	152341792	156526333	154714416
copy-checksum	counted	2000	body	4	154227125	156587125	155776625
copy-checksum	counted	2000	body	5	151950875	156497208	156328042
copy-checksum	counted	2000	body	6	153318541	156362959	153955917
copy-checksum	counted	2000	body	7	154336125	155406375	154890250
copy-checksum	counted	2000	body	8	153175084	156797375	155488041
copy-checksum	counted	2000	body	9	151963167	158346125	155762833
copy-checksum	counted	2000	body	10	150987542	157115167	155788917
copy-checksum	counted	2000	body	11	154083292	156252625	156806375
copy-checksum	counted	2000	body	12	153653458	155009167	156105584
copy-checksum	counted	2000	body	13	152370250	158649375	155702916
copy-checksum	counted	2000	body	14	152071833	156172500	155827084
copy-checksum	counted	2000	body	15	153162250	158536750	154511583
copy-checksum	counted	2000	body	16	153603833	156244542	151868208
copy-checksum	counted	2000	body	17	152400292	157597416	155896542
source-evidence	scalar	125	unchanged	0	5692708	4847667	4607125
source-evidence	scalar	125	unchanged	1	4703792	4649542	4939000
source-evidence	scalar	125	unchanged	2	4796375	4715500	4372208
source-evidence	scalar	125	unchanged	3	4411000	4582709	4751958
source-evidence	scalar	125	unchanged	4	4400375	4591958	4798042
source-evidence	scalar	125	unchanged	5	4486583	4975000	5046417
source-evidence	scalar	125	unchanged	6	4415708	4906250	4711125
source-evidence	scalar	125	unchanged	7	4770084	4560417	4658292
source-evidence	scalar	125	unchanged	8	4658083	4767416	4703334
source-evidence	scalar	125	unchanged	9	4785041	4697250	4957584
source-evidence	scalar	125	unchanged	10	4953750	4883000	4810292
source-evidence	scalar	125	unchanged	11	4504875	4581334	4918667
source-evidence	scalar	125	unchanged	12	4430375	5009375	4539875
source-evidence	scalar	125	unchanged	13	5043458	5127708	4827167
source-evidence	scalar	125	unchanged	14	4808750	4712083	5180583
source-evidence	scalar	125	unchanged	15	4959542	4965042	4613667
source-evidence	scalar	125	unchanged	16	4953583	4672250	5092375
source-evidence	scalar	125	unchanged	17	4971666	4947625	4533750
source-evidence	scalar	125	body	0	6363458	6645000	6780208
source-evidence	scalar	125	body	1	6387458	5999042	6058083
source-evidence	scalar	125	body	2	6469667	5735792	5949208
source-evidence	scalar	125	body	3	6478750	5856666	6679459
source-evidence	scalar	125	body	4	5611917	6696792	5950250
source-evidence	scalar	125	body	5	5835375	6072667	6564583
source-evidence	scalar	125	body	6	6197250	6709792	5893666
source-evidence	scalar	125	body	7	6397417	6373792	6396375
source-evidence	scalar	125	body	8	6516375	6204500	6506750
source-evidence	scalar	125	body	9	6522291	6596083	6693250
source-evidence	scalar	125	body	10	6550500	6691625	6641666
source-evidence	scalar	125	body	11	6422834	6480000	6001416
source-evidence	scalar	125	body	12	6267667	5746958	6477208
source-evidence	scalar	125	body	13	6339500	6648833	6447875
source-evidence	scalar	125	body	14	6336167	6582458	6394333
source-evidence	scalar	125	body	15	6029333	6417625	6450334
source-evidence	scalar	125	body	16	6513916	6055291	5737959
source-evidence	scalar	125	body	17	6779084	6582208	6318792
source-evidence	scalar	500	unchanged	0	8476833	8044042	8050000
source-evidence	scalar	500	unchanged	1	8276583	8148667	9099959
source-evidence	scalar	500	unchanged	2	7913916	8423166	8042792
source-evidence	scalar	500	unchanged	3	8305625	7945792	8270542
source-evidence	scalar	500	unchanged	4	8149334	8621125	8306333
source-evidence	scalar	500	unchanged	5	7780208	8583833	7967584
source-evidence	scalar	500	unchanged	6	9381791	8122875	8386792
source-evidence	scalar	500	unchanged	7	7906708	8930083	8294458
source-evidence	scalar	500	unchanged	8	8285375	8354708	8203708
source-evidence	scalar	500	unchanged	9	8132125	8113417	8174542
source-evidence	scalar	500	unchanged	10	8271292	8501333	8566084
source-evidence	scalar	500	unchanged	11	8492750	8509958	8115417
source-evidence	scalar	500	unchanged	12	8250792	8423542	8625250
source-evidence	scalar	500	unchanged	13	8300042	8329583	8370542
source-evidence	scalar	500	unchanged	14	8131625	8263125	8391542
source-evidence	scalar	500	unchanged	15	7879709	8273375	8337583
source-evidence	scalar	500	unchanged	16	7640708	8379708	8308541
source-evidence	scalar	500	unchanged	17	8583958	8268042	8211250
source-evidence	scalar	500	body	0	13323584	14630500	12908458
source-evidence	scalar	500	body	1	13052875	13923500	13311166
source-evidence	scalar	500	body	2	13069709	13327166	13028875
source-evidence	scalar	500	body	3	13489167	13361750	13338375
source-evidence	scalar	500	body	4	12800166	13517209	13386708
source-evidence	scalar	500	body	5	12966250	14256500	13474458
source-evidence	scalar	500	body	6	13063834	14245542	13099042
source-evidence	scalar	500	body	7	12655375	13904708	13197791
source-evidence	scalar	500	body	8	12942291	13894333	12958500
source-evidence	scalar	500	body	9	13711958	14134833	13179042
source-evidence	scalar	500	body	10	13213542	13978417	13862000
source-evidence	scalar	500	body	11	12724041	13443083	13294750
source-evidence	scalar	500	body	12	13017167	14020167	12955042
source-evidence	scalar	500	body	13	12880625	14048708	13072375
source-evidence	scalar	500	body	14	12859250	13819000	13365750
source-evidence	scalar	500	body	15	13235875	14123708	13203542
source-evidence	scalar	500	body	16	12694333	13896042	13280709
source-evidence	scalar	500	body	17	12837500	14174208	13213042
source-evidence	scalar	2000	unchanged	0	21371791	22622375	21998125
source-evidence	scalar	2000	unchanged	1	20999417	21819833	21329000
source-evidence	scalar	2000	unchanged	2	22210291	22412750	22424041
source-evidence	scalar	2000	unchanged	3	21753583	21875084	21890875
source-evidence	scalar	2000	unchanged	4	21113667	21968000	22629292
source-evidence	scalar	2000	unchanged	5	21642458	22215333	21680792
source-evidence	scalar	2000	unchanged	6	21354625	22135458	21289167
source-evidence	scalar	2000	unchanged	7	21084333	21610542	21780000
source-evidence	scalar	2000	unchanged	8	22182417	21887167	20964208
source-evidence	scalar	2000	unchanged	9	21151459	21978166	21827667
source-evidence	scalar	2000	unchanged	10	21419333	22191250	21696708
source-evidence	scalar	2000	unchanged	11	20957333	21763125	21724125
source-evidence	scalar	2000	unchanged	12	21217917	22257625	21733917
source-evidence	scalar	2000	unchanged	13	21352208	21653416	21827125
source-evidence	scalar	2000	unchanged	14	21767875	21372416	22554958
source-evidence	scalar	2000	unchanged	15	20901333	22735041	21953458
source-evidence	scalar	2000	unchanged	16	21637166	22306208	21692667
source-evidence	scalar	2000	unchanged	17	21595792	22266083	22097041
source-evidence	scalar	2000	body	0	41523584	42484708	41482833
source-evidence	scalar	2000	body	1	40343500	42387833	41121083
source-evidence	scalar	2000	body	2	40195167	41544375	41105083
source-evidence	scalar	2000	body	3	40789916	42258917	41767625
source-evidence	scalar	2000	body	4	41534167	43526000	42157042
source-evidence	scalar	2000	body	5	39871000	41733084	41753958
source-evidence	scalar	2000	body	6	40841250	43670583	41814916
source-evidence	scalar	2000	body	7	40975042	42736542	40875666
source-evidence	scalar	2000	body	8	40242333	41679250	41385834
source-evidence	scalar	2000	body	9	39982791	42084583	41381083
source-evidence	scalar	2000	body	10	41313250	43459083	43062833
source-evidence	scalar	2000	body	11	40252708	42521917	41329333
source-evidence	scalar	2000	body	12	41070833	42618541	42249625
source-evidence	scalar	2000	body	13	41026583	42677167	42468958
source-evidence	scalar	2000	body	14	40163041	50145042	41530000
source-evidence	scalar	2000	body	15	40891875	42583417	40812000
source-evidence	scalar	2000	body	16	40467292	42598750	41398791
source-evidence	scalar	2000	body	17	41187458	43085291	40998291
source-evidence	scalar	4000	unchanged	0	39040916	39861834	40916250
source-evidence	scalar	4000	unchanged	1	39395500	40211125	39456292
source-evidence	scalar	4000	unchanged	2	38947042	39627708	40310541
source-evidence	scalar	4000	unchanged	3	38030750	39313833	40116958
source-evidence	scalar	4000	unchanged	4	37855166	39708583	38897959
source-evidence	scalar	4000	unchanged	5	39580250	40558917	40817416
source-evidence	scalar	4000	unchanged	6	39122291	39891167	40285500
source-evidence	scalar	4000	unchanged	7	39523875	39879541	39036708
source-evidence	scalar	4000	unchanged	8	38652667	40552416	40931417
source-evidence	scalar	4000	unchanged	9	39014542	40233000	39685708
source-evidence	scalar	4000	unchanged	10	38848958	39762583	40279333
source-evidence	scalar	4000	unchanged	11	39167333	40423791	39044708
source-evidence	scalar	4000	unchanged	12	39105000	39850791	39738500
source-evidence	scalar	4000	unchanged	13	38550625	40623542	39825375
source-evidence	scalar	4000	unchanged	14	38605000	38973166	39418000
source-evidence	scalar	4000	unchanged	15	39559375	40362917	39379667
source-evidence	scalar	4000	unchanged	16	38461875	40443959	39924541
source-evidence	scalar	4000	unchanged	17	38826791	39548834	40365625
source-evidence	scalar	4000	body	0	78405625	84310792	80327375
source-evidence	scalar	4000	body	1	77893791	82760334	81449292
source-evidence	scalar	4000	body	2	77509000	83670875	80729708
source-evidence	scalar	4000	body	3	78344875	82033916	81692333
source-evidence	scalar	4000	body	4	79463542	83977292	80709250
source-evidence	scalar	4000	body	5	77182042	84367750	82147208
source-evidence	scalar	4000	body	6	77574666	83387750	81186083
source-evidence	scalar	4000	body	7	78241083	82760834	81796250
source-evidence	scalar	4000	body	8	78719750	82621125	81589500
source-evidence	scalar	4000	body	9	78764292	83377000	81873292
source-evidence	scalar	4000	body	10	78795917	83287750	81012250
source-evidence	scalar	4000	body	11	78618708	82989500	82101666
source-evidence	scalar	4000	body	12	79093583	82254584	80937750
source-evidence	scalar	4000	body	13	78219917	83091167	80190084
source-evidence	scalar	4000	body	14	78484000	83078750	80906833
source-evidence	scalar	4000	body	15	78702209	83063250	81182000
source-evidence	scalar	4000	body	16	78848083	83167833	81167250
source-evidence	scalar	4000	body	17	79095917	82642417	80757041
source-evidence	dense	512	unchanged	0	139285750	140561750	140828500
source-evidence	dense	512	unchanged	1	139216375	138475041	140500625
source-evidence	dense	512	unchanged	2	139496292	138861875	140790208
source-evidence	dense	512	unchanged	3	137993833	139984667	139095375
source-evidence	dense	512	unchanged	4	139486625	138907708	140123125
source-evidence	dense	512	unchanged	5	139284917	140123459	139502708
source-evidence	dense	512	unchanged	6	140557125	140571833	140892584
source-evidence	dense	512	unchanged	7	140159458	139576542	141065041
source-evidence	dense	512	unchanged	8	140198334	139644666	139792750
source-evidence	dense	512	unchanged	9	138171708	141518125	140865292
source-evidence	dense	512	unchanged	10	140563292	140188500	142653250
source-evidence	dense	512	unchanged	11	139159125	140028708	139542209
source-evidence	dense	512	unchanged	12	139767708	140282167	140629166
source-evidence	dense	512	unchanged	13	139821000	140769083	140141500
source-evidence	dense	512	unchanged	14	138713458	140323958	139121542
source-evidence	dense	512	unchanged	15	140633042	139904709	138771250
source-evidence	dense	512	unchanged	16	139056041	138665958	139572250
source-evidence	dense	512	unchanged	17	141427875	139029125	139744083
source-evidence	dense	512	body	0	244194625	250986167	244549833
source-evidence	dense	512	body	1	245513875	252005458	243851750
source-evidence	dense	512	body	2	244210000	251679834	243854875
source-evidence	dense	512	body	3	244708917	250272958	244674541
source-evidence	dense	512	body	4	244522291	252632042	248244584
source-evidence	dense	512	body	5	244004750	252717917	246651250
source-evidence	dense	512	body	6	242153500	250092500	245402292
source-evidence	dense	512	body	7	244491042	247739666	244897042
source-evidence	dense	512	body	8	245155542	248304416	245429709
source-evidence	dense	512	body	9	244470750	252621542	244993792
source-evidence	dense	512	body	10	247206708	250622334	244973042
source-evidence	dense	512	body	11	243910083	249351917	246008375
source-evidence	dense	512	body	12	246667084	253146875	248444042
source-evidence	dense	512	body	13	244728542	251640167	245900208
source-evidence	dense	512	body	14	251151625	248705458	254148209
source-evidence	dense	512	body	15	258203542	251348958	265999583
source-evidence	dense	512	body	16	243095875	261554833	247493875
source-evidence	dense	512	body	17	275440000	264183750	255442167
source-evidence	counted	2000	unchanged	0	83041125	88089209	88282750
source-evidence	counted	2000	unchanged	1	87637750	87422000	89737000
source-evidence	counted	2000	unchanged	2	83288375	84228625	80292917
source-evidence	counted	2000	unchanged	3	84398333	80660458	81288084
source-evidence	counted	2000	unchanged	4	88965625	87821916	88013250
source-evidence	counted	2000	unchanged	5	85372333	86524625	88886625
source-evidence	counted	2000	unchanged	6	82204583	80720459	81863208
source-evidence	counted	2000	unchanged	7	82246958	87917250	81443458
source-evidence	counted	2000	unchanged	8	89292541	88217625	89095709
source-evidence	counted	2000	unchanged	9	84924375	88217375	84659958
source-evidence	counted	2000	unchanged	10	86227125	85248958	88450875
source-evidence	counted	2000	unchanged	11	91567959	92989333	91425958
source-evidence	counted	2000	unchanged	12	89383084	87771291	84432333
source-evidence	counted	2000	unchanged	13	85188917	81754375	80418625
source-evidence	counted	2000	unchanged	14	82390541	81553917	90224417
source-evidence	counted	2000	unchanged	15	88016834	88028666	87722250
source-evidence	counted	2000	unchanged	16	85279041	81559791	84958292
source-evidence	counted	2000	unchanged	17	82432917	82229750	81658667
source-evidence	counted	2000	body	0	170336375	171921583	160548750
source-evidence	counted	2000	body	1	158943667	174724625	155091500
source-evidence	counted	2000	body	2	163503875	174078625	159764708
source-evidence	counted	2000	body	3	171177708	159158291	163651709
source-evidence	counted	2000	body	4	163166458	161117500	167310208
source-evidence	counted	2000	body	5	170202000	172602583	156062209
source-evidence	counted	2000	body	6	168516625	164152458	159188417
source-evidence	counted	2000	body	7	161015625	173381833	169539750
source-evidence	counted	2000	body	8	157294083	166187792	154694792
source-evidence	counted	2000	body	9	163846708	172436042	171029583
source-evidence	counted	2000	body	10	155866500	170860417	159708750
source-evidence	counted	2000	body	11	172053542	194752834	176383583
source-evidence	counted	2000	body	12	163610875	170675708	171432500
source-evidence	counted	2000	body	13	171676042	164876000	159975125
source-evidence	counted	2000	body	14	173253041	165084125	168237208
source-evidence	counted	2000	body	15	163066542	171154750	160227500
source-evidence	counted	2000	body	16	173188166	164927083	160958708
source-evidence	counted	2000	body	17	152343167	153899750	152849125
owner-evidence	scalar	125	unchanged	0	5297500	5681417	5906292
owner-evidence	scalar	125	unchanged	1	5398459	5407834	5449750
owner-evidence	scalar	125	unchanged	2	4964916	5167500	5291917
owner-evidence	scalar	125	unchanged	3	4616667	4757750	4643791
owner-evidence	scalar	125	unchanged	4	4468250	4656083	4651875
owner-evidence	scalar	125	unchanged	5	4320000	4753250	4382291
owner-evidence	scalar	125	unchanged	6	4668167	4724125	4684833
owner-evidence	scalar	125	unchanged	7	4326959	4624166	4781042
owner-evidence	scalar	125	unchanged	8	4622250	4508208	4600000
owner-evidence	scalar	125	unchanged	9	4865792	4550917	4468334
owner-evidence	scalar	125	unchanged	10	4805708	5014375	4541750
owner-evidence	scalar	125	unchanged	11	4535334	4863500	4901042
owner-evidence	scalar	125	unchanged	12	4776416	4979083	4863333
owner-evidence	scalar	125	unchanged	13	4707417	4639792	14330917
owner-evidence	scalar	125	unchanged	14	4714459	4691209	4732125
owner-evidence	scalar	125	unchanged	15	4655709	4640083	4799458
owner-evidence	scalar	125	unchanged	16	4686500	4732375	4931250
owner-evidence	scalar	125	unchanged	17	5031417	4722791	4709084
owner-evidence	scalar	125	body	0	6120417	6295917	6304833
owner-evidence	scalar	125	body	1	6164167	6561708	6139375
owner-evidence	scalar	125	body	2	6480791	6152875	6090042
owner-evidence	scalar	125	body	3	6215459	6388792	5919334
owner-evidence	scalar	125	body	4	6023541	5986042	6451125
owner-evidence	scalar	125	body	5	6010375	6048792	6620958
owner-evidence	scalar	125	body	6	6494459	6186166	6057750
owner-evidence	scalar	125	body	7	6290250	6249958	6355417
owner-evidence	scalar	125	body	8	6127000	6613542	6177625
owner-evidence	scalar	125	body	9	6167375	6109834	6209083
owner-evidence	scalar	125	body	10	6154208	6185792	6176542
owner-evidence	scalar	125	body	11	6037166	6144334	5968958
owner-evidence	scalar	125	body	12	6262834	6476625	6237417
owner-evidence	scalar	125	body	13	6146750	6124166	6280958
owner-evidence	scalar	125	body	14	6429250	6186875	6283541
owner-evidence	scalar	125	body	15	6249042	6129959	6015083
owner-evidence	scalar	125	body	16	6041500	6041209	6492584
owner-evidence	scalar	125	body	17	6125667	6245375	6156875
owner-evidence	scalar	500	unchanged	0	8076334	8087250	8058792
owner-evidence	scalar	500	unchanged	1	8092416	8228458	8105208
owner-evidence	scalar	500	unchanged	2	8189875	8236917	8440583
owner-evidence	scalar	500	unchanged	3	8264334	8300500	8415500
owner-evidence	scalar	500	unchanged	4	8467875	8325959	8341000
owner-evidence	scalar	500	unchanged	5	8218291	8496417	8117417
owner-evidence	scalar	500	unchanged	6	8077833	8611417	8342625
owner-evidence	scalar	500	unchanged	7	8360917	8229416	8309708
owner-evidence	scalar	500	unchanged	8	8110292	8347250	8086166
owner-evidence	scalar	500	unchanged	9	7980042	8091875	8681458
owner-evidence	scalar	500	unchanged	10	8327541	8415500	8195625
owner-evidence	scalar	500	unchanged	11	8239291	8218250	8579209
owner-evidence	scalar	500	unchanged	12	8049125	8430459	8571375
owner-evidence	scalar	500	unchanged	13	8263208	8080708	8197583
owner-evidence	scalar	500	unchanged	14	8230333	8075084	8946166
owner-evidence	scalar	500	unchanged	15	7973958	8048041	7674292
owner-evidence	scalar	500	unchanged	16	8069334	8360041	8238667
owner-evidence	scalar	500	unchanged	17	8280875	8384625	8133291
owner-evidence	scalar	500	body	0	13035417	12894000	13505625
owner-evidence	scalar	500	body	1	12995083	13442666	13614250
owner-evidence	scalar	500	body	2	13638666	13553541	13215791
owner-evidence	scalar	500	body	3	12968458	13479250	13535791
owner-evidence	scalar	500	body	4	13026625	13483291	13035542
owner-evidence	scalar	500	body	5	13502416	13111000	13667541
owner-evidence	scalar	500	body	6	13353333	13610875	13674375
owner-evidence	scalar	500	body	7	13466833	13495708	13790333
owner-evidence	scalar	500	body	8	13580625	13260042	13720875
owner-evidence	scalar	500	body	9	12711625	13476250	13447500
owner-evidence	scalar	500	body	10	13251541	13297834	13463625
owner-evidence	scalar	500	body	11	13428916	13659500	13105167
owner-evidence	scalar	500	body	12	13157334	13615166	13826416
owner-evidence	scalar	500	body	13	12811833	13712875	13255875
owner-evidence	scalar	500	body	14	13474250	13375292	13444583
owner-evidence	scalar	500	body	15	12921417	13508375	13836458
owner-evidence	scalar	500	body	16	12839084	13550750	13832167
owner-evidence	scalar	500	body	17	13003958	13510250	13378042
owner-evidence	scalar	2000	unchanged	0	21356750	21703500	21522834
owner-evidence	scalar	2000	unchanged	1	21593667	21607750	22461125
owner-evidence	scalar	2000	unchanged	2	21401583	22014708	21668625
owner-evidence	scalar	2000	unchanged	3	21303250	21984083	21612500
owner-evidence	scalar	2000	unchanged	4	21444709	21785458	21587459
owner-evidence	scalar	2000	unchanged	5	21384583	21994083	21412625
owner-evidence	scalar	2000	unchanged	6	21317625	21719500	21701375
owner-evidence	scalar	2000	unchanged	7	21212250	21994750	21960667
owner-evidence	scalar	2000	unchanged	8	21336958	21646917	21672291
owner-evidence	scalar	2000	unchanged	9	21336833	22117584	22368458
owner-evidence	scalar	2000	unchanged	10	21412958	23789167	21276500
owner-evidence	scalar	2000	unchanged	11	21315042	21544458	21879917
owner-evidence	scalar	2000	unchanged	12	20878375	21705167	21362292
owner-evidence	scalar	2000	unchanged	13	21438708	22252209	21428125
owner-evidence	scalar	2000	unchanged	14	20900541	21843500	21738042
owner-evidence	scalar	2000	unchanged	15	20872041	21686375	22254708
owner-evidence	scalar	2000	unchanged	16	21571083	21995916	21750583
owner-evidence	scalar	2000	unchanged	17	21531042	21836875	21972292
owner-evidence	scalar	2000	body	0	40257958	41804458	41154334
owner-evidence	scalar	2000	body	1	40556125	41733917	40981958
owner-evidence	scalar	2000	body	2	40785458	41410458	41647042
owner-evidence	scalar	2000	body	3	40489208	40773750	41134666
owner-evidence	scalar	2000	body	4	40927417	42493542	41604167
owner-evidence	scalar	2000	body	5	40320417	41183750	40876667
owner-evidence	scalar	2000	body	6	40399458	41585458	41636084
owner-evidence	scalar	2000	body	7	40666208	41358042	41137500
owner-evidence	scalar	2000	body	8	39990750	41544000	41158875
owner-evidence	scalar	2000	body	9	40499083	41915500	41377250
owner-evidence	scalar	2000	body	10	40672625	41617625	41089000
owner-evidence	scalar	2000	body	11	40458917	41555584	41420958
owner-evidence	scalar	2000	body	12	40391125	42589083	41401084
owner-evidence	scalar	2000	body	13	40884375	41746875	41404792
owner-evidence	scalar	2000	body	14	40496834	41025625	41419208
owner-evidence	scalar	2000	body	15	39612792	44998958	40964834
owner-evidence	scalar	2000	body	16	40529291	41862000	41023459
owner-evidence	scalar	2000	body	17	40836625	41308750	41787625
owner-evidence	scalar	4000	unchanged	0	38774583	39911750	40072750
owner-evidence	scalar	4000	unchanged	1	38569291	39766334	40202750
owner-evidence	scalar	4000	unchanged	2	38517958	40172791	39629833
owner-evidence	scalar	4000	unchanged	3	39121167	39259542	39547916
owner-evidence	scalar	4000	unchanged	4	38216375	39018541	39464500
owner-evidence	scalar	4000	unchanged	5	38838125	39752250	40206000
owner-evidence	scalar	4000	unchanged	6	38620084	39283958	39058083
owner-evidence	scalar	4000	unchanged	7	38360375	39650416	39708167
owner-evidence	scalar	4000	unchanged	8	38444625	39747833	38832042
owner-evidence	scalar	4000	unchanged	9	38910250	39995125	39271250
owner-evidence	scalar	4000	unchanged	10	37895583	39515500	38922583
owner-evidence	scalar	4000	unchanged	11	38543625	39736791	41079250
owner-evidence	scalar	4000	unchanged	12	38854666	39905000	40104083
owner-evidence	scalar	4000	unchanged	13	38515000	39393583	39779458
owner-evidence	scalar	4000	unchanged	14	39439875	39644417	39702250
owner-evidence	scalar	4000	unchanged	15	37939500	40084625	39618083
owner-evidence	scalar	4000	unchanged	16	39670917	39579667	41075792
owner-evidence	scalar	4000	unchanged	17	38376125	39427750	40005875
owner-evidence	scalar	4000	body	0	78228500	79641625	79786709
owner-evidence	scalar	4000	body	1	77741833	80096125	80024125
owner-evidence	scalar	4000	body	2	79337208	80686209	80835709
owner-evidence	scalar	4000	body	3	79372334	81661666	81952541
owner-evidence	scalar	4000	body	4	78084125	79717583	80541500
owner-evidence	scalar	4000	body	5	78129125	82073209	79913291
owner-evidence	scalar	4000	body	6	79994042	82016167	80797917
owner-evidence	scalar	4000	body	7	78395125	81060125	81178875
owner-evidence	scalar	4000	body	8	79327875	80903209	79541333
owner-evidence	scalar	4000	body	9	79246625	81290750	81014333
owner-evidence	scalar	4000	body	10	78244000	81958416	80404583
owner-evidence	scalar	4000	body	11	77774750	80956459	81518458
owner-evidence	scalar	4000	body	12	77841125	80941542	80096875
owner-evidence	scalar	4000	body	13	78912500	82093417	80931166
owner-evidence	scalar	4000	body	14	77449000	80764292	79772042
owner-evidence	scalar	4000	body	15	77240292	81192083	79220833
owner-evidence	scalar	4000	body	16	77544959	81036500	79657458
owner-evidence	scalar	4000	body	17	78754042	80089667	80439917
owner-evidence	dense	512	unchanged	0	138823125	138737666	138749542
owner-evidence	dense	512	unchanged	1	139239083	139918166	139028166
owner-evidence	dense	512	unchanged	2	139370417	139389583	139062750
owner-evidence	dense	512	unchanged	3	139356708	139097208	139145250
owner-evidence	dense	512	unchanged	4	140198417	140696459	137869791
owner-evidence	dense	512	unchanged	5	139159042	138439792	139567125
owner-evidence	dense	512	unchanged	6	138192042	139808625	139583042
owner-evidence	dense	512	unchanged	7	139326125	139895250	138712250
owner-evidence	dense	512	unchanged	8	140285458	142119583	140479375
owner-evidence	dense	512	unchanged	9	138215166	137810500	138082334
owner-evidence	dense	512	unchanged	10	139231833	139061583	139160916
owner-evidence	dense	512	unchanged	11	138826791	138742250	138131625
owner-evidence	dense	512	unchanged	12	138874750	141716834	140603959
owner-evidence	dense	512	unchanged	13	140407208	138146542	139285250
owner-evidence	dense	512	unchanged	14	139731875	139363709	139221167
owner-evidence	dense	512	unchanged	15	138498875	139622959	138046458
owner-evidence	dense	512	unchanged	16	139237500	138750834	138817042
owner-evidence	dense	512	unchanged	17	138605916	138500042	140207125
owner-evidence	dense	512	body	0	243131000	243370500	243376250
owner-evidence	dense	512	body	1	242803208	244642958	244953541
owner-evidence	dense	512	body	2	243564084	244675166	244560833
owner-evidence	dense	512	body	3	242872334	243730958	243202167
owner-evidence	dense	512	body	4	243698375	244678750	246468833
owner-evidence	dense	512	body	5	244474000	246054333	246643958
owner-evidence	dense	512	body	6	247159209	246874791	245337583
owner-evidence	dense	512	body	7	243841959	244069875	245344416
owner-evidence	dense	512	body	8	245642250	245644458	243707375
owner-evidence	dense	512	body	9	242966625	244076708	243970500
owner-evidence	dense	512	body	10	243547458	245086416	244444333
owner-evidence	dense	512	body	11	243757583	243887291	244901292
owner-evidence	dense	512	body	12	244072292	243870542	243844500
owner-evidence	dense	512	body	13	244012125	242817084	243942625
owner-evidence	dense	512	body	14	243219584	246378917	244882375
owner-evidence	dense	512	body	15	243864708	246587333	244579500
owner-evidence	dense	512	body	16	244243291	246091208	243926583
owner-evidence	dense	512	body	17	243561667	246329333	244565791
owner-evidence	counted	2000	unchanged	0	79815209	79579208	79847542
owner-evidence	counted	2000	unchanged	1	79119167	77899583	79657750
owner-evidence	counted	2000	unchanged	2	79775959	78281541	78241667
owner-evidence	counted	2000	unchanged	3	79817583	79370500	79145542
owner-evidence	counted	2000	unchanged	4	78649542	78910792	77965917
owner-evidence	counted	2000	unchanged	5	78919791	80202833	78670875
owner-evidence	counted	2000	unchanged	6	78231709	79698917	79238292
owner-evidence	counted	2000	unchanged	7	80075541	78982625	79263083
owner-evidence	counted	2000	unchanged	8	80762125	78048791	79447375
owner-evidence	counted	2000	unchanged	9	80511750	78398917	79874792
owner-evidence	counted	2000	unchanged	10	79786292	78392666	79266750
owner-evidence	counted	2000	unchanged	11	79165375	79623125	79784917
owner-evidence	counted	2000	unchanged	12	78744750	78363292	78119417
owner-evidence	counted	2000	unchanged	13	80487417	77872250	79160958
owner-evidence	counted	2000	unchanged	14	80050041	79027792	78888584
owner-evidence	counted	2000	unchanged	15	79451459	79208208	78549000
owner-evidence	counted	2000	unchanged	16	79868916	80480292	77715500
owner-evidence	counted	2000	unchanged	17	78985583	78935166	79878542
owner-evidence	counted	2000	body	0	151860750	150112458	150253167
owner-evidence	counted	2000	body	1	152193625	149384375	149428042
owner-evidence	counted	2000	body	2	152162417	151417125	150574292
owner-evidence	counted	2000	body	3	154042209	151699167	151266000
owner-evidence	counted	2000	body	4	152577542	149634750	152341458
owner-evidence	counted	2000	body	5	150557917	150418917	149126334
owner-evidence	counted	2000	body	6	153940667	151965292	151064083
owner-evidence	counted	2000	body	7	151490625	150984416	151127833
owner-evidence	counted	2000	body	8	152262000	150059667	152798833
owner-evidence	counted	2000	body	9	152125666	150729583	150401625
owner-evidence	counted	2000	body	10	152023084	152331042	150398709
owner-evidence	counted	2000	body	11	150561667	150782334	151112500
owner-evidence	counted	2000	body	12	152968000	152022833	151283125
owner-evidence	counted	2000	body	13	151142708	150498959	151183875
owner-evidence	counted	2000	body	14	151681375	149604625	151474375
owner-evidence	counted	2000	body	15	152720375	150211125	151349875
owner-evidence	counted	2000	body	16	152312625	150158959	150821000
owner-evidence	counted	2000	body	17	151739833	150227584	151107375
