# status: intermediate RFC-0141 aggregate candidate; adoption pending
# baseline_code: 49ea4a0
# candidate_c_sha256: ea1320b3be2d5d4d5c1e79aad2223b1b64f4ba696217955309b940f6a9cb9764
fixture	baseline_bytes	candidate_bytes	result
conformance/pass/branch_moves.slim	2984	2984	exact
conformance/pass/computed_variant_match.slim	1026	1026	exact
conformance/pass/conditional_result_moves.slim	4217	4217	exact
conformance/pass/data.slim	2153	2153	exact
conformance/pass/decimal_literals.slim	3496	3496	exact
conformance/pass/enum_collection_scope.slim	1929	1929	exact
conformance/pass/enum_copyable_repeated.slim	950	950	exact
conformance/pass/enum_empty_case.slim	1232	1232	exact
conformance/pass/enum_multiple_payloads.slim	2241	2241	exact
conformance/pass/enum_owned_branches.slim	2056	2056	exact
conformance/pass/enum_owned_multiple.slim	1647	1647	exact
conformance/pass/enum_owned_transfer.slim	1315	1315	exact
conformance/pass/enum_scalar_case.slim	1536	1536	exact
conformance/pass/enum_scope_exit.slim	1601	1601	exact
conformance/pass/enum_unknown_shared.slim	1893	1893	exact
conformance/pass/exclusive_assignment.slim	3421	3421	exact
conformance/pass/exclusive_assignment_counted.slim	3695	3695	exact
conformance/pass/familiar_syntax.slim	6034	6034	exact
conformance/pass/field_fresh_owner_shared.slim	1275	1275	exact
conformance/pass/file_input.slim	4151	4151	exact
conformance/pass/inline_forward_layouts.slim	1901	1901	exact
conformance/pass/inout.slim	1386	1386	exact
conformance/pass/lifetimes.slim	6727	6727	exact
conformance/pass/loan_ends_at_call.slim	2729	2729	exact
conformance/pass/loan_independent_owner.slim	2681	2681	exact
conformance/pass/loan_mutation_before_borrow.slim	2537	2537	exact
conformance/pass/loan_scalar_before_mutation.slim	2649	2649	exact
conformance/pass/loan_scalar_field_before_mutation.slim	1248	1248	exact
conformance/pass/loan_shared_nesting.slim	2825	2825	exact
conformance/pass/loan_unknown_nested_shared.slim	2148	2148	exact
conformance/pass/local_loan_collection_scope.slim	2629	2629	exact
conformance/pass/local_loan_independent.slim	1880	1880	exact
conformance/pass/local_loan_initializer.slim	1629	1629	exact
conformance/pass/local_loan_scalar.slim	1800	1800	exact
conformance/pass/local_loan_scope_exit.slim	2109	2109	exact
conformance/pass/local_loan_shared.slim	1561	1561	exact
conformance/pass/local_loan_sibling_scopes.slim	2396	2396	exact
conformance/pass/local_loan_unknown_shared.slim	1769	1769	exact
conformance/pass/monotonic_clock.slim	1041	1041	exact
conformance/pass/multiline_call_arguments.slim	2278	2278	exact
conformance/pass/nested_calls.slim	866	866	exact
conformance/pass/ownership_modes.slim	4341	4341	exact
conformance/pass/parallel_owned_result.slim	2409	2409	exact
conformance/pass/planned_allocation_calls.slim	1495	1495	exact
conformance/pass/record_wide.slim	1772	1772	exact
conformance/pass/recur.slim	2207	2207	exact
conformance/pass/recursive_collection_layout.slim	671	671	exact
conformance/pass/reduction.slim	7870	7870	exact
conformance/pass/reduction_preserve.slim	1163	1163	exact
conformance/pass/reinit_branches.slim	4905	4905	exact
conformance/pass/reinit_enum.slim	3814	3814	exact
conformance/pass/reinit_results.slim	3174	3174	exact
conformance/pass/reinit_transfer.slim	3333	3333	exact
conformance/pass/replacement_counted.slim	3801	3801	exact
conformance/pass/replacement_fields.slim	4163	4163	exact
conformance/pass/replacement_nested_calls.slim	3103	3103	exact
conformance/pass/replacement_order.slim	5715	5715	exact
conformance/pass/replacement_result_alias.slim	1147	1147	exact
conformance/pass/replacement_scope.slim	1866	1866	exact
conformance/pass/replacement_types.slim	5219	5219	exact
conformance/pass/scalars.slim	5862	5862	exact
conformance/pass/shadowed_bindings.slim	9068	9068	exact
conformance/pass/shadowed_parallel.slim	1232	1232	exact
conformance/pass/shared_borrows.slim	1774	1774	exact
conformance/pass/storage.slim	5929	5929	exact
conformance/pass/structured_parallel.slim	1891	1891	exact
conformance/pass/tcp_exchange.slim	1153	1153	exact
conformance/pass/termination_declared.slim	1313	1313	exact
conformance/pass/termination_declared_run.slim	2943	2943	exact
conformance/pass/termination_proven.slim	1489	1489	exact
conformance/pass/typed_temporaries.slim	2863	2863	exact
conformance/pass/unused_enum_payload.slim	517	517	exact
conformance/pass/unused_function.slim	554	554	exact
conformance/pass/variant_local_match.slim	1231	1231	exact
conformance/pass/variant_wide.slim	2802	2802	exact
benchmarks/challenges/arena_sum/program.slim	5343	5343	exact
benchmarks/challenges/bfs/program.slim	4967	4967	exact
benchmarks/challenges/binary_search/program.slim	8365	8365	exact
benchmarks/challenges/bytefreq/program.slim	8582	8582	exact
benchmarks/challenges/edit_distance/program.slim	18926	18926	exact
benchmarks/challenges/floyd_warshall/program.slim	13881	13881	exact
benchmarks/challenges/game_of_life/program.slim	19926	19926	exact
benchmarks/challenges/gcd_fib/program.slim	3102	3102	exact
benchmarks/challenges/image_convolution/program.slim	18837	18837	exact
benchmarks/challenges/knapsack/program.slim	8406	8406	exact
benchmarks/challenges/matrix/program.slim	9699	9699	exact
benchmarks/challenges/merge_sort/program.slim	19410	19410	exact
benchmarks/challenges/n_queens/program.slim	13318	13318	exact
benchmarks/challenges/prefix_sum/program.slim	4734	4734	exact
benchmarks/challenges/records/program.slim	3656	3656	exact
benchmarks/challenges/sieve/program.slim	9461	9461	exact
benchmarks/challenges/signal_network/program.slim	13462	13462	exact
benchmarks/challenges/state_machine/program.slim	7774	7774	exact
benchmarks/challenges/union_find/program.slim	10171	10171	exact
benchmarks/challenges/variants/program.slim	4591	4591	exact
tests/fixtures/stable_codegen.slim	7613	7613	exact
