# status: experimental RFC0141 argument-top; adoption pending
# 66 groups; all six permutations repeated 11 times; two identical baselines a/b and candidate c; two warmups; O2 uninstrumented process wall time
# a=/Users/mlody/Projects/SLIM/build/slim-next-m1/ownership-flow/baseline-slimc; sha256=0e8a711804c9276d3caec99c606c666e085eb3cdc17ff5dfa117c2ab4e568363
# b=/Users/mlody/Projects/SLIM/build/slim-next-m1/ownership-flow/baseline-slimc; sha256=0e8a711804c9276d3caec99c606c666e085eb3cdc17ff5dfa117c2ab4e568363
# c=/Users/mlody/Projects/SLIM/build/slim-next-m1/ownership-flow/argument-top-candidate; sha256=860d96fde3318c6494ec67950a47ac559025b9c811fc698be25690365a812d97
shape	command	group	order	a_ns	b_ns	c_ns
spine	check	0	abc	17334750	17129625	17275709
spine	check	1	acb	16899375	16708875	16543791
spine	check	2	bac	17150334	16845875	17053916
spine	check	3	bca	17322375	17157542	17527250
spine	check	4	cab	16839041	17401000	17431125
spine	check	5	cba	17604291	16823375	16894834
spine	check	6	abc	17050500	17009208	17125208
spine	check	7	acb	16723208	16901166	17102625
spine	check	8	bac	17294417	16727542	16834708
spine	check	9	bca	17221542	17526375	17183333
spine	check	10	cab	17371875	17365291	17562375
spine	check	11	cba	17037208	17111041	17669292
spine	check	12	abc	17151375	17317708	17316792
spine	check	13	acb	17133625	17153625	17422750
spine	check	14	bac	17276875	18221958	17538958
spine	check	15	bca	17021708	17204459	16986959
spine	check	16	cab	16817208	16996750	16607334
spine	check	17	cba	16939458	17190625	16985125
spine	check	18	abc	17110666	17591583	17465333
spine	check	19	acb	17259250	17281125	17704542
spine	check	20	bac	17123000	17446834	17398834
spine	check	21	bca	17487833	16938334	17067541
spine	check	22	cab	16757750	16784292	16897208
spine	check	23	cba	16849917	16907000	17128167
spine	check	24	abc	16660334	16788667	17486708
spine	check	25	acb	17580917	17025000	17393084
spine	check	26	bac	17425666	17034333	16970375
spine	check	27	bca	16920375	16876666	17195833
spine	check	28	cab	17012167	17127000	17206042
spine	check	29	cba	17284459	17088084	17216625
spine	check	30	abc	17132375	17165125	17174125
spine	check	31	acb	17118167	17435834	17068208
spine	check	32	bac	17463875	17352166	17232875
spine	check	33	bca	16833250	17325417	17075209
spine	check	34	cab	17048875	17145750	17000666
spine	check	35	cba	17372084	17516500	16815791
spine	check	36	abc	17015500	17125083	16905417
spine	check	37	acb	17107958	17117792	16967375
spine	check	38	bac	17223375	16911458	17343084
spine	check	39	bca	16453125	16788875	16954833
spine	check	40	cab	16753959	16944333	16754958
spine	check	41	cba	16517750	17103250	16540417
spine	check	42	abc	16882208	16965542	16900583
spine	check	43	acb	16624959	16902875	17259458
spine	check	44	bac	16836792	16570583	16913375
spine	check	45	bca	17381208	17439667	17710750
spine	check	46	cab	17369500	16913625	16721750
spine	check	47	cba	17378417	17344417	17232375
spine	check	48	abc	16925125	17640167	17243167
spine	check	49	acb	16850209	16833666	16773959
spine	check	50	bac	17275334	17684000	17429083
spine	check	51	bca	17349375	17378667	17170292
spine	check	52	cab	16833625	16903000	17121708
spine	check	53	cba	17218333	16706500	16605917
spine	check	54	abc	16626708	16621625	16994291
spine	check	55	acb	16883458	16601792	16639250
spine	check	56	bac	16767875	17024125	16730041
spine	check	57	bca	16791792	17047250	17060125
spine	check	58	cab	16988583	17127792	17170667
spine	check	59	cba	16805625	17205959	17567500
spine	check	60	abc	16890167	17134292	16954917
spine	check	61	acb	16997875	22471500	16763000
spine	check	62	bac	17310459	17015208	17223209
spine	check	63	bca	17316208	16803959	16930250
spine	check	64	cab	17283125	16613542	16956750
spine	check	65	cba	17175458	17008417	16718292
spine	emit	0	abc	56771458	56898417	56835416
spine	emit	1	acb	56256958	57210750	59730917
spine	emit	2	bac	56826834	56627958	58218333
spine	emit	3	bca	57361209	57720334	58221125
spine	emit	4	cab	57165375	56510459	57970292
spine	emit	5	cba	56874792	56370125	57234791
spine	emit	6	abc	56197292	57172250	56905042
spine	emit	7	acb	56169750	56919542	62945250
spine	emit	8	bac	56589000	57145208	56721917
spine	emit	9	bca	57106167	56487042	57139334
spine	emit	10	cab	56140916	56183666	57087083
spine	emit	11	cba	56573750	56714584	56889458
spine	emit	12	abc	56772667	56588667	57126708
spine	emit	13	acb	57201542	56933917	57383333
spine	emit	14	bac	56830333	56628000	57241083
spine	emit	15	bca	56451291	56942333	57269000
spine	emit	16	cab	56355666	56651375	56622291
spine	emit	17	cba	56864417	56777209	56839000
spine	emit	18	abc	56574833	56371791	57884583
spine	emit	19	acb	56882083	56994833	57414000
spine	emit	20	bac	57159584	56748042	56980083
spine	emit	21	bca	56522250	57068708	56820792
spine	emit	22	cab	56334750	56499417	57247291
spine	emit	23	cba	60105375	56045875	56444458
spine	emit	24	abc	56770666	57422459	57361834
spine	emit	25	acb	56329542	57135875	57630625
spine	emit	26	bac	56114625	57021542	56598166
spine	emit	27	bca	56699125	56838500	56635041
spine	emit	28	cab	56568041	56516833	56257250
spine	emit	29	cba	56390042	57412917	56640959
spine	emit	30	abc	57275208	56981083	57265917
spine	emit	31	acb	57066083	57379041	56921791
spine	emit	32	bac	56754584	56686292	57042750
spine	emit	33	bca	56334417	56693167	56404291
spine	emit	34	cab	56471042	56437791	56823500
spine	emit	35	cba	56984458	58657916	56425334
spine	emit	36	abc	57255333	56786000	57169959
spine	emit	37	acb	57274667	57994250	56369916
spine	emit	38	bac	57398083	57968958	57454333
spine	emit	39	bca	56990750	57382500	57347000
spine	emit	40	cab	55890792	56394333	56432334
spine	emit	41	cba	57067375	56745042	57203500
spine	emit	42	abc	56537708	56875042	56969083
spine	emit	43	acb	56290833	56549541	56271834
spine	emit	44	bac	56674625	56333750	57139709
spine	emit	45	bca	57169666	56588834	56909959
spine	emit	46	cab	57742792	57380625	57423750
spine	emit	47	cba	56915333	56837333	57655583
spine	emit	48	abc	57004375	56966000	57839417
spine	emit	49	acb	56573625	56497916	56960333
spine	emit	50	bac	56774542	56467416	56988292
spine	emit	51	bca	56448042	56669250	56854416
spine	emit	52	cab	57288792	56782833	63838000
spine	emit	53	cba	57256459	56480500	57144541
spine	emit	54	abc	56782667	56584042	56993959
spine	emit	55	acb	56630542	56511875	57182708
spine	emit	56	bac	56643042	56377958	56735750
spine	emit	57	bca	56610459	56526125	57107041
spine	emit	58	cab	56547583	56708041	57359042
spine	emit	59	cba	56325833	56997083	57003292
spine	emit	60	abc	56278000	56356541	56049667
spine	emit	61	acb	56282500	56541208	55827208
spine	emit	62	bac	55717625	55857125	56962167
spine	emit	63	bca	56778250	57499542	56755166
spine	emit	64	cab	56861084	56177833	56395208
spine	emit	65	cba	56854375	57170417	57250000
functions	check	0	abc	13459959	12769917	13352041
functions	check	1	acb	13498875	13290041	13504541
functions	check	2	bac	13728042	13528916	13700709
functions	check	3	bca	13974583	13053000	13709333
functions	check	4	cab	13996292	13562875	13885167
functions	check	5	cba	13386917	13823584	14033084
functions	check	6	abc	12942625	13588291	14595000
functions	check	7	acb	13006750	13215291	14157084
functions	check	8	bac	13907417	13880708	13612708
functions	check	9	bca	13860375	13577125	14003958
functions	check	10	cab	14670875	13456458	13444166
functions	check	11	cba	13496750	14143166	13654959
functions	check	12	abc	13751750	13959791	13539959
functions	check	13	acb	14153875	13617916	13752666
functions	check	14	bac	13474125	13677083	13244375
functions	check	15	bca	13069833	13835250	13118042
functions	check	16	cab	13202625	13062250	13783208
functions	check	17	cba	13299625	12999416	13650250
functions	check	18	abc	13087834	13358458	13283666
functions	check	19	acb	13435000	13219791	13608459
functions	check	20	bac	13159333	13261833	13217000
functions	check	21	bca	13217208	13010042	13277375
functions	check	22	cab	13086917	13154667	13098334
functions	check	23	cba	13289417	13569000	13542792
functions	check	24	abc	13525459	13316875	13061125
functions	check	25	acb	13396083	13391583	13342583
functions	check	26	bac	13806708	13525625	13426875
functions	check	27	bca	13371708	13195167	13515500
functions	check	28	cab	13521416	14856625	13600208
functions	check	29	cba	13550709	13014917	16312750
functions	check	30	abc	13317959	13245208	13505000
functions	check	31	acb	13302416	13620792	13573333
functions	check	32	bac	13170375	13616250	12985167
functions	check	33	bca	12992791	13335333	13571417
functions	check	34	cab	13028125	13528083	13792375
functions	check	35	cba	13676833	13126583	13451167
functions	check	36	abc	13195125	13151625	13293125
functions	check	37	acb	12950042	13250500	14132291
functions	check	38	bac	13266708	12846500	13537875
functions	check	39	bca	13169542	13616875	13768000
functions	check	40	cab	13844667	13419917	13784750
functions	check	41	cba	13235083	13074584	13456375
functions	check	42	abc	13183208	13651792	13402542
functions	check	43	acb	13060875	12973500	13692500
functions	check	44	bac	13691833	13435666	13303583
functions	check	45	bca	12912000	13875625	13643500
functions	check	46	cab	13312833	13391750	13536750
functions	check	47	cba	13496250	13022333	13790875
functions	check	48	abc	13746042	13062625	14069916
functions	check	49	acb	13353083	13191125	13262666
functions	check	50	bac	12893000	12587209	13012208
functions	check	51	bca	13214875	14913916	13499625
functions	check	52	cab	13512000	13388458	13623917
functions	check	53	cba	13953208	12995000	13457667
functions	check	54	abc	13492916	14757792	17114458
functions	check	55	acb	40846084	18984167	15431125
functions	check	56	bac	13207375	16634292	13510250
functions	check	57	bca	13647583	13555208	13738583
functions	check	58	cab	13752250	13228250	13617666
functions	check	59	cba	13377292	13625000	13679291
functions	check	60	abc	13574042	13412167	13980166
functions	check	61	acb	13695250	13695000	13490083
functions	check	62	bac	13123042	13788791	14227375
functions	check	63	bca	13704958	13578542	13902791
functions	check	64	cab	13635000	13799500	13568250
functions	check	65	cba	13614708	13131500	13797250
functions	emit	0	abc	29379833	28994541	29555834
functions	emit	1	acb	28941292	29695208	29542708
functions	emit	2	bac	29457500	30009750	29754792
functions	emit	3	bca	29611208	29239208	29208500
functions	emit	4	cab	29535916	28950125	28984958
functions	emit	5	cba	29697333	29357917	29658708
functions	emit	6	abc	29922459	29265833	30064500
functions	emit	7	acb	30210375	29156959	29895041
functions	emit	8	bac	29535417	29721084	29655375
functions	emit	9	bca	30012709	29382375	30031333
functions	emit	10	cab	29826292	29616500	29666041
functions	emit	11	cba	30105917	29559875	29785083
functions	emit	12	abc	30061750	29553958	30187375
functions	emit	13	acb	29631125	29532375	29932875
functions	emit	14	bac	29049333	29403042	29662625
functions	emit	15	bca	29817417	29719875	30129833
functions	emit	16	cab	29748083	29845958	29862250
functions	emit	17	cba	29749208	29710542	29353916
functions	emit	18	abc	29376916	29673083	29321250
functions	emit	19	acb	29682917	29667542	29730208
functions	emit	20	bac	29699208	29389000	29643042
functions	emit	21	bca	29818833	29787375	29828625
functions	emit	22	cab	29602958	30031333	30050041
functions	emit	23	cba	29581041	29690875	29778042
functions	emit	24	abc	29795291	29434666	29281291
functions	emit	25	acb	29258958	29428542	29523041
functions	emit	26	bac	29186958	29654000	29865375
functions	emit	27	bca	29313709	29295708	29775125
functions	emit	28	cab	29434375	29124625	29456959
functions	emit	29	cba	28733250	28781042	29252083
functions	emit	30	abc	29051000	29353125	29013875
functions	emit	31	acb	29470167	28672416	29456416
functions	emit	32	bac	29168834	29054041	29342458
functions	emit	33	bca	29258083	29228958	29449875
functions	emit	34	cab	28947625	28389625	29805875
functions	emit	35	cba	29197792	29173000	29508750
functions	emit	36	abc	29511500	28569250	29412542
functions	emit	37	acb	29333917	29781500	29468667
functions	emit	38	bac	29283917	29322500	29907833
functions	emit	39	bca	28942000	29518792	29553959
functions	emit	40	cab	28969541	29817583	28953625
functions	emit	41	cba	28757125	29209875	29745709
functions	emit	42	abc	29378667	29608167	29979292
functions	emit	43	acb	29361625	29726583	29473375
functions	emit	44	bac	29608458	29289833	29459584
functions	emit	45	bca	29138042	29162000	29553625
functions	emit	46	cab	29433250	29843500	29026375
functions	emit	47	cba	30508250	30018750	29918917
functions	emit	48	abc	29682708	29563542	29525833
functions	emit	49	acb	29461375	29739667	29798334
functions	emit	50	bac	29514584	28988125	29903709
functions	emit	51	bca	29797791	29594834	29532708
functions	emit	52	cab	29072000	29049917	30156834
functions	emit	53	cba	29322166	29107250	29126000
functions	emit	54	abc	29834250	28953333	29776041
functions	emit	55	acb	29390583	29381667	29646541
functions	emit	56	bac	29678291	29531250	29744084
functions	emit	57	bca	30095958	29039625	29890250
functions	emit	58	cab	30011750	29884125	29617042
functions	emit	59	cba	30205875	29430708	29989792
functions	emit	60	abc	29860000	29752709	30485416
functions	emit	61	acb	30159417	30101917	29766792
functions	emit	62	bac	29801958	29709875	30041250
functions	emit	63	bca	29146584	29582125	29769125
functions	emit	64	cab	28953584	29164166	29926333
functions	emit	65	cba	29611917	28984417	29532083
assignments	check	0	abc	5574125	6119667	5827583
assignments	check	1	acb	5938500	5721416	6288791
assignments	check	2	bac	5662041	6099417	6015792
assignments	check	3	bca	5861417	6884417	6197417
assignments	check	4	cab	6055292	6017042	6145583
assignments	check	5	cba	6355500	5804000	6125500
assignments	check	6	abc	5600500	6219291	6224916
assignments	check	7	acb	6155875	6076542	6010167
assignments	check	8	bac	6219041	5973042	5817250
assignments	check	9	bca	5931000	6288042	6192541
assignments	check	10	cab	5734542	6333208	5796208
assignments	check	11	cba	6307125	6284000	6023333
assignments	check	12	abc	6021917	6254375	6143166
assignments	check	13	acb	5737250	5997208	6090917
assignments	check	14	bac	6077375	5837625	5788833
assignments	check	15	bca	5857834	6177667	5902584
assignments	check	16	cab	6068834	5847708	6156167
assignments	check	17	cba	5949167	6273291	5877916
assignments	check	18	abc	5680625	5682583	5761417
assignments	check	19	acb	6383208	6205834	6103667
assignments	check	20	bac	5875167	6158709	5869292
assignments	check	21	bca	5892750	6096500	6014708
assignments	check	22	cab	5779209	5993292	5889792
assignments	check	23	cba	5749666	6298250	5963833
assignments	check	24	abc	5962917	5844750	5835958
assignments	check	25	acb	6343250	5979334	6033709
assignments	check	26	bac	6396792	5772459	5820167
assignments	check	27	bca	5914500	6262000	6114542
assignments	check	28	cab	5994250	6096416	5997083
assignments	check	29	cba	6156667	6361250	5929375
assignments	check	30	abc	6273958	5938375	6310083
assignments	check	31	acb	6247417	5769208	5691792
assignments	check	32	bac	6176791	6004792	5576917
assignments	check	33	bca	6022458	6007500	6899125
assignments	check	34	cab	6295875	5943584	5868666
assignments	check	35	cba	6461209	6057584	5877125
assignments	check	36	abc	5785750	9202542	5723000
assignments	check	37	acb	6495083	5937917	6095916
assignments	check	38	bac	5866541	6476750	6380375
assignments	check	39	bca	6284042	6575667	7107209
assignments	check	40	cab	7167417	6299709	6597125
assignments	check	41	cba	6283500	6144167	6238667
assignments	check	42	abc	6057500	6388750	6191500
assignments	check	43	acb	6762833	6492875	5748542
assignments	check	44	bac	6252291	6359709	5893958
assignments	check	45	bca	6550375	6701416	6427167
assignments	check	46	cab	6372375	5882208	6424708
assignments	check	47	cba	6450959	6557750	6493416
assignments	check	48	abc	6472083	6154125	6130375
assignments	check	49	acb	5981667	6395375	6273208
assignments	check	50	bac	6521000	5944125	6502958
assignments	check	51	bca	6429125	5957333	6124958
assignments	check	52	cab	6058375	6157209	6517458
assignments	check	53	cba	6342834	6369250	6125583
assignments	check	54	abc	6337625	6055958	6330541
assignments	check	55	acb	5760333	5980250	6534708
assignments	check	56	bac	5924000	6331084	5871334
assignments	check	57	bca	6049875	6185209	6007125
assignments	check	58	cab	6189916	6206667	6055000
assignments	check	59	cba	6088958	5895042	6292917
assignments	check	60	abc	5974708	5784625	6332667
assignments	check	61	acb	5878584	5960458	6105500
assignments	check	62	bac	5763334	5857291	6105125
assignments	check	63	bca	5964917	5959416	5784541
assignments	check	64	cab	6229750	5762708	5818292
assignments	check	65	cba	5842917	6016792	6245750
assignments	emit	0	abc	10958709	11203334	12186042
assignments	emit	1	acb	11007792	11332500	11440000
assignments	emit	2	bac	11022334	10988375	11306459
assignments	emit	3	bca	11331375	11240875	11623667
assignments	emit	4	cab	11793917	11061209	11368042
assignments	emit	5	cba	11438625	11537792	11458792
assignments	emit	6	abc	11159166	11399875	11107459
assignments	emit	7	acb	10977417	11193625	11106667
assignments	emit	8	bac	11168667	10945583	10891208
assignments	emit	9	bca	12424667	11533708	11419708
assignments	emit	10	cab	11134417	11024542	11536750
assignments	emit	11	cba	11890042	11780458	11144042
assignments	emit	12	abc	11508916	11082958	11803042
assignments	emit	13	acb	11034583	11390500	11887416
assignments	emit	14	bac	11700125	11996000	11579500
assignments	emit	15	bca	11531666	11712000	11500291
assignments	emit	16	cab	11060333	12041042	11767833
assignments	emit	17	cba	11613667	11661292	11519167
assignments	emit	18	abc	11352958	11404084	11677042
assignments	emit	19	acb	11251834	11686583	12005750
assignments	emit	20	bac	11794375	11779625	11245167
assignments	emit	21	bca	12285417	11731375	11519084
assignments	emit	22	cab	11217792	11913458	11514708
assignments	emit	23	cba	11456625	11268292	11664625
assignments	emit	24	abc	11413875	11193250	11684125
assignments	emit	25	acb	11491958	11428584	11772375
assignments	emit	26	bac	11579916	12123750	11438292
assignments	emit	27	bca	11351375	11653042	11497417
assignments	emit	28	cab	11953375	11720750	11800709
assignments	emit	29	cba	11673583	11212333	11640500
assignments	emit	30	abc	11396417	11999083	11443125
assignments	emit	31	acb	11633542	11067958	11337417
assignments	emit	32	bac	11648416	11380458	11637917
assignments	emit	33	bca	11250916	11748125	11381333
assignments	emit	34	cab	11179542	11897000	11717458
assignments	emit	35	cba	11523917	11429834	11595417
assignments	emit	36	abc	10973750	11876833	11127458
assignments	emit	37	acb	11280208	11644000	11757042
assignments	emit	38	bac	11659958	12423000	11223834
assignments	emit	39	bca	11105667	12247458	11898959
assignments	emit	40	cab	11195542	12308042	11393500
assignments	emit	41	cba	11828667	11562084	11302583
assignments	emit	42	abc	11088208	11170792	11607125
assignments	emit	43	acb	11111541	11663334	11774625
assignments	emit	44	bac	11616916	11126708	11145208
assignments	emit	45	bca	12105041	11315083	11368667
assignments	emit	46	cab	11166500	11150667	12081959
assignments	emit	47	cba	11476958	11454000	11724750
assignments	emit	48	abc	11404666	11510500	11807750
assignments	emit	49	acb	11555250	11249917	11818208
assignments	emit	50	bac	11822250	11337917	11527292
assignments	emit	51	bca	10978750	11522041	11685333
assignments	emit	52	cab	11646542	11950333	12235417
assignments	emit	53	cba	11576708	11910542	11510375
assignments	emit	54	abc	11323375	11943250	11619875
assignments	emit	55	acb	11476041	11507916	11773250
assignments	emit	56	bac	11663083	11431292	11742958
assignments	emit	57	bca	11864000	11595042	11476500
assignments	emit	58	cab	10774041	11910833	11717208
assignments	emit	59	cba	11326083	11475958	11385833
assignments	emit	60	abc	11550166	11164542	11420709
assignments	emit	61	acb	11541875	11266208	11900916
assignments	emit	62	bac	11218084	11140125	11014375
assignments	emit	63	bca	11440125	11148125	11455250
assignments	emit	64	cab	11095708	11146167	11811291
assignments	emit	65	cba	11738709	11152292	12150916
branches	check	0	abc	40939833	41137000	41623709
branches	check	1	acb	40907125	41198875	40935750
branches	check	2	bac	40951750	40634875	41408291
branches	check	3	bca	40730750	40728375	40931667
branches	check	4	cab	40793542	40595542	43981875
branches	check	5	cba	41970541	41849000	41464542
branches	check	6	abc	40556250	41795542	41644292
branches	check	7	acb	40504917	41055875	41387959
branches	check	8	bac	39784833	40861667	41127500
branches	check	9	bca	40494250	40427875	40973292
branches	check	10	cab	41231166	41000792	41152667
branches	check	11	cba	40866500	40881500	41475042
branches	check	12	abc	40901833	40569834	40769125
branches	check	13	acb	40705458	41249042	41711584
branches	check	14	bac	40741708	40338833	40989584
branches	check	15	bca	40719083	40398708	41427166
branches	check	16	cab	40421125	41015292	40848791
branches	check	17	cba	41164833	40540042	41384667
branches	check	18	abc	41188083	41520792	41689791
branches	check	19	acb	40958541	40830167	41367375
branches	check	20	bac	40146875	41126000	41362917
branches	check	21	bca	41483542	41024458	41533375
branches	check	22	cab	40110167	41009125	41312084
branches	check	23	cba	42031208	40792625	41964959
branches	check	24	abc	41852209	41799208	40995291
branches	check	25	acb	41731708	41491125	42675375
branches	check	26	bac	41327042	41514208	41071291
branches	check	27	bca	40849334	40036292	40945125
branches	check	28	cab	41254459	41626875	41448250
branches	check	29	cba	40757292	40579042	41766584
branches	check	30	abc	40314875	40962334	40863250
branches	check	31	acb	41101084	40856250	40708042
branches	check	32	bac	40877959	40101125	41199500
branches	check	33	bca	40531708	40451042	40901291
branches	check	34	cab	40493209	40516708	41685875
branches	check	35	cba	40310750	40890666	40828500
branches	check	36	abc	41032917	41015875	41199708
branches	check	37	acb	41023458	41380709	41917875
branches	check	38	bac	41113333	40982042	41574208
branches	check	39	bca	41527750	41265792	41561916
branches	check	40	cab	41803209	40900917	41650500
branches	check	41	cba	41300334	41464125	41730916
branches	check	42	abc	41440291	41110250	41954084
branches	check	43	acb	41920167	40816333	41445250
branches	check	44	bac	41450792	40664417	41524500
branches	check	45	bca	40854334	40620291	41549000
branches	check	46	cab	41128416	40435250	41120417
branches	check	47	cba	41135708	40966875	41972042
branches	check	48	abc	41340708	40763500	40557750
branches	check	49	acb	40567083	40685958	41001208
branches	check	50	bac	41657625	40586209	41618333
branches	check	51	bca	41664792	40619750	41612917
branches	check	52	cab	42614500	40221917	41671500
branches	check	53	cba	40112750	40569542	41489333
branches	check	54	abc	41296750	40830625	40864750
branches	check	55	acb	40247541	40468583	40854916
branches	check	56	bac	40859458	40984542	40976042
branches	check	57	bca	41218208	40976458	41945750
branches	check	58	cab	41326042	40597750	41623209
branches	check	59	cba	41056792	40858708	41800625
branches	check	60	abc	41446917	41555750	41442959
branches	check	61	acb	41066833	41057750	41120833
branches	check	62	bac	40708958	41029666	40553750
branches	check	63	bca	40972334	41716709	41035125
branches	check	64	cab	41055167	40562750	41737333
branches	check	65	cba	40507292	40356959	42282083
branches	emit	0	abc	146737000	147358792	147779417
branches	emit	1	acb	148866792	149768417	148392500
branches	emit	2	bac	146271791	147762709	149021791
branches	emit	3	bca	149850542	198581875	149297542
branches	emit	4	cab	147307583	148073959	148556750
branches	emit	5	cba	147882375	147682083	148031959
branches	emit	6	abc	147249833	148243541	148923750
branches	emit	7	acb	148854417	147487833	148077792
branches	emit	8	bac	147049584	147591333	147214500
branches	emit	9	bca	149015958	147022083	147647208
branches	emit	10	cab	146033292	148219708	149290041
branches	emit	11	cba	148859875	147978917	148101458
branches	emit	12	abc	147909875	149285791	147851667
branches	emit	13	acb	146961292	148099000	148947500
branches	emit	14	bac	148400417	147808208	147758500
branches	emit	15	bca	146890000	146231792	150203292
branches	emit	16	cab	147503542	145895291	148177208
branches	emit	17	cba	148453958	150640709	147859417
branches	emit	18	abc	148035084	147851583	147667500
branches	emit	19	acb	148926791	148871500	149434958
branches	emit	20	bac	149812375	147688500	149900542
branches	emit	21	bca	150083667	148120917	148084167
branches	emit	22	cab	148318375	147036000	147822625
branches	emit	23	cba	147878792	148276417	147817042
branches	emit	24	abc	148202541	147969875	148783000
branches	emit	25	acb	148552500	149563125	150364500
branches	emit	26	bac	148938000	148312333	147793542
branches	emit	27	bca	148577167	147129167	148739125
branches	emit	28	cab	147725667	148041125	148677042
branches	emit	29	cba	148607417	146916583	148661917
branches	emit	30	abc	147649791	148121875	148573667
branches	emit	31	acb	147848334	146996083	147590042
branches	emit	32	bac	146764375	148247667	148349709
branches	emit	33	bca	146694083	148068375	149066250
branches	emit	34	cab	147633917	147092333	149295917
branches	emit	35	cba	147850166	148506125	149704542
branches	emit	36	abc	147983792	148224583	148128750
branches	emit	37	acb	148445417	147323541	147742042
branches	emit	38	bac	146471292	147630333	155106958
branches	emit	39	bca	148457000	149420333	149491667
branches	emit	40	cab	149755833	148826417	148222292
branches	emit	41	cba	148065292	148475250	148970125
branches	emit	42	abc	147777000	148137500	150040209
branches	emit	43	acb	148573709	147333667	149391292
branches	emit	44	bac	148622250	147646167	147744208
branches	emit	45	bca	149333625	148385042	146293833
branches	emit	46	cab	148506375	147894250	149149000
branches	emit	47	cba	148456417	148209958	148604333
branches	emit	48	abc	147421125	147270750	147664833
branches	emit	49	acb	149165750	147386625	148325583
branches	emit	50	bac	148648042	148728959	149409708
branches	emit	51	bca	153661791	149101041	152658834
branches	emit	52	cab	148223292	146517291	150492000
branches	emit	53	cba	147942084	147185584	148117625
branches	emit	54	abc	148053708	147986875	148914500
branches	emit	55	acb	147576375	147172917	149457417
branches	emit	56	bac	147000125	148802666	149882791
branches	emit	57	bca	147817250	146977917	148866917
branches	emit	58	cab	148694666	147967709	147945000
branches	emit	59	cba	148490417	149240000	148185875
branches	emit	60	abc	150669167	147801208	149777500
branches	emit	61	acb	146723542	147687375	148047541
branches	emit	62	bac	147853292	150050125	148602583
branches	emit	63	bca	151976500	147100250	153870667
branches	emit	64	cab	147136500	148648625	150980792
branches	emit	65	cba	148293000	147746125	151444208
branch_functions	check	0	abc	19391125	19206791	19431417
branch_functions	check	1	acb	19796125	19145500	19242292
branch_functions	check	2	bac	18288334	19156542	19323917
branch_functions	check	3	bca	18905334	18689041	19151292
branch_functions	check	4	cab	19021708	18716958	19659000
branch_functions	check	5	cba	18937625	19004958	19243042
branch_functions	check	6	abc	18633958	19260458	19820292
branch_functions	check	7	acb	18832250	18930292	19897875
branch_functions	check	8	bac	19145208	18786375	19265875
branch_functions	check	9	bca	18916917	19362625	19571292
branch_functions	check	10	cab	18771500	18887583	19211292
branch_functions	check	11	cba	19542833	18905125	19276583
branch_functions	check	12	abc	19201958	19510333	20153083
branch_functions	check	13	acb	18389750	19102000	19119500
branch_functions	check	14	bac	18905583	19088792	19728375
branch_functions	check	15	bca	18825667	19036458	19364750
branch_functions	check	16	cab	18874542	18696875	19900875
branch_functions	check	17	cba	18830375	19094708	18983875
branch_functions	check	18	abc	18998000	18839750	19263250
branch_functions	check	19	acb	19196208	18683000	19060625
branch_functions	check	20	bac	19029625	18932750	19657333
branch_functions	check	21	bca	18829041	19027958	18780458
branch_functions	check	22	cab	19550292	19942375	20587917
branch_functions	check	23	cba	19457666	20116125	19915666
branch_functions	check	24	abc	19385500	19283250	19916667
branch_functions	check	25	acb	19606417	20060416	19959042
branch_functions	check	26	bac	19516458	19794584	20043833
branch_functions	check	27	bca	19740334	19505875	19923375
branch_functions	check	28	cab	19631333	19104167	20400917
branch_functions	check	29	cba	20003250	19356333	20386292
branch_functions	check	30	abc	20052500	20186000	19375625
branch_functions	check	31	acb	18635750	18526792	22245667
branch_functions	check	32	bac	19118833	18610792	19445084
branch_functions	check	33	bca	18860083	18168625	19116250
branch_functions	check	34	cab	19303208	18959375	19261166
branch_functions	check	35	cba	18826417	19280000	19549791
branch_functions	check	36	abc	18899833	18885292	19252125
branch_functions	check	37	acb	18295125	19111625	19857208
branch_functions	check	38	bac	19358500	18677583	19074250
branch_functions	check	39	bca	18698208	19226333	19224542
branch_functions	check	40	cab	19123667	18981125	19453583
branch_functions	check	41	cba	19369167	18750833	19651292
branch_functions	check	42	abc	19205500	19383459	19806417
branch_functions	check	43	acb	18564417	19133208	19354166
branch_functions	check	44	bac	19368666	18926417	19042000
branch_functions	check	45	bca	18926667	19569334	19466542
branch_functions	check	46	cab	19271167	19126625	19248667
branch_functions	check	47	cba	18857334	19015500	20264167
branch_functions	check	48	abc	19124208	18933417	19330416
branch_functions	check	49	acb	18626000	19010834	19408000
branch_functions	check	50	bac	19346875	18560750	19583000
branch_functions	check	51	bca	18673041	19124083	19375792
branch_functions	check	52	cab	18451541	18757375	19475208
branch_functions	check	53	cba	19138083	19002208	19170917
branch_functions	check	54	abc	19206125	18872750	19680333
branch_functions	check	55	acb	19228792	19856292	19141167
branch_functions	check	56	bac	19269375	19475583	19689292
branch_functions	check	57	bca	18880833	19101458	18993208
branch_functions	check	58	cab	19385792	19256500	19528959
branch_functions	check	59	cba	19083750	18835167	19301542
branch_functions	check	60	abc	18608833	19108417	19626916
branch_functions	check	61	acb	19313667	19808875	20077333
branch_functions	check	62	bac	19415584	19383417	20038375
branch_functions	check	63	bca	19370083	20409459	19252125
branch_functions	check	64	cab	20210333	19570834	20333833
branch_functions	check	65	cba	19887459	22582000	19770875
branch_functions	emit	0	abc	43800875	44471459	45278458
branch_functions	emit	1	acb	45183958	44760958	45224250
branch_functions	emit	2	bac	44887375	45096083	45633417
branch_functions	emit	3	bca	44829750	44172167	45441292
branch_functions	emit	4	cab	45333375	45068292	46019500
branch_functions	emit	5	cba	43883958	44320959	45506666
branch_functions	emit	6	abc	44863041	43938084	45367042
branch_functions	emit	7	acb	44392959	44429917	44595375
branch_functions	emit	8	bac	44166209	44631875	44159250
branch_functions	emit	9	bca	43954334	44243250	43814500
branch_functions	emit	10	cab	43825875	43606083	44196208
branch_functions	emit	11	cba	43493709	43783041	43413209
branch_functions	emit	12	abc	43415083	43849625	44118709
branch_functions	emit	13	acb	43834041	45324625	43517292
branch_functions	emit	14	bac	44351125	44992833	44966167
branch_functions	emit	15	bca	45205542	44680292	44187000
branch_functions	emit	16	cab	43512708	43686000	45318583
branch_functions	emit	17	cba	43681709	44167458	43793125
branch_functions	emit	18	abc	43578750	43089750	43909583
branch_functions	emit	19	acb	42777250	43053041	43640167
branch_functions	emit	20	bac	42144500	42772042	43356250
branch_functions	emit	21	bca	42918250	42903833	43787958
branch_functions	emit	22	cab	43100125	43138000	42876833
branch_functions	emit	23	cba	43198458	42699583	43329583
branch_functions	emit	24	abc	43188959	42749208	43326500
branch_functions	emit	25	acb	43025625	42845833	43985875
branch_functions	emit	26	bac	42241958	43092666	42377792
branch_functions	emit	27	bca	43211750	42601750	42760625
branch_functions	emit	28	cab	43415167	43467208	43654042
branch_functions	emit	29	cba	43486584	43638875	43270875
branch_functions	emit	30	abc	42968875	44003708	44400292
branch_functions	emit	31	acb	43301875	44057250	44006709
branch_functions	emit	32	bac	43563500	45042709	44430542
branch_functions	emit	33	bca	44717125	43799709	44553875
branch_functions	emit	34	cab	44335584	44178917	44913167
branch_functions	emit	35	cba	44694125	43716333	44632583
branch_functions	emit	36	abc	44891084	44470375	43658208
branch_functions	emit	37	acb	44065333	43774166	43480041
branch_functions	emit	38	bac	43903375	43431875	43629959
branch_functions	emit	39	bca	44577417	44113875	45248958
branch_functions	emit	40	cab	46366250	44074666	46942917
branch_functions	emit	41	cba	43742542	44963625	46030209
branch_functions	emit	42	abc	44767042	42994709	43887834
branch_functions	emit	43	acb	43223125	43607667	44179125
branch_functions	emit	44	bac	43512041	43242792	44328583
branch_functions	emit	45	bca	44029042	43764208	43554542
branch_functions	emit	46	cab	43466750	43325167	43750833
branch_functions	emit	47	cba	50352459	76707042	43838250
branch_functions	emit	48	abc	43253459	43038875	43699708
branch_functions	emit	49	acb	44091500	44973750	44142875
branch_functions	emit	50	bac	44402917	45168333	45289042
branch_functions	emit	51	bca	48991000	49112541	48851500
branch_functions	emit	52	cab	46820334	44938959	48754916
branch_functions	emit	53	cba	43879375	44449875	44256334
branch_functions	emit	54	abc	43451416	44450167	44418125
branch_functions	emit	55	acb	43658875	43453375	43962125
branch_functions	emit	56	bac	43473583	43984125	44413459
branch_functions	emit	57	bca	44500792	44939125	44371000
branch_functions	emit	58	cab	44677042	44684792	45106166
branch_functions	emit	59	cba	44343084	44108291	45006750
branch_functions	emit	60	abc	43806958	44030333	45214625
branch_functions	emit	61	acb	43899042	44185583	44116083
branch_functions	emit	62	bac	44824833	43516750	44549959
branch_functions	emit	63	bca	44384625	45227333	45352333
branch_functions	emit	64	cab	44350291	44804500	44908166
branch_functions	emit	65	cba	44635750	45256000	45817166
projection_functions	check	0	abc	15220291	15024166	15475791
projection_functions	check	1	acb	15051250	15485041	15559459
projection_functions	check	2	bac	15378833	15103875	15160625
projection_functions	check	3	bca	15120291	15258875	15348334
projection_functions	check	4	cab	15309000	15100709	15231500
projection_functions	check	5	cba	15325083	14477458	14688625
projection_functions	check	6	abc	15160042	14893458	15568000
projection_functions	check	7	acb	15985291	15203375	15126708
projection_functions	check	8	bac	15180334	15048958	14630167
projection_functions	check	9	bca	15081333	14306042	15119459
projection_functions	check	10	cab	14675666	14682500	15054333
projection_functions	check	11	cba	14424167	14657125	15365334
projection_functions	check	12	abc	14913250	14640875	15377667
projection_functions	check	13	acb	14735291	14317000	14707584
projection_functions	check	14	bac	14646375	15091958	14801792
projection_functions	check	15	bca	15168500	15350542	15442500
projection_functions	check	16	cab	14877083	14314083	15267084
projection_functions	check	17	cba	14882750	15254958	14766250
projection_functions	check	18	abc	14514792	14544209	15560958
projection_functions	check	19	acb	14822542	14778875	14933708
projection_functions	check	20	bac	15373833	14728709	15292542
projection_functions	check	21	bca	14687167	14813917	14998917
projection_functions	check	22	cab	14890334	14845791	14968458
projection_functions	check	23	cba	14869625	14952042	15020333
projection_functions	check	24	abc	15147667	14828250	14687209
projection_functions	check	25	acb	14559708	15275542	15216583
projection_functions	check	26	bac	14895625	14845125	14829375
projection_functions	check	27	bca	14727375	14940042	15054167
projection_functions	check	28	cab	14677542	15100250	15512708
projection_functions	check	29	cba	14806250	14857750	14827417
projection_functions	check	30	abc	14933416	14668291	14990042
projection_functions	check	31	acb	14538333	14824666	14922209
projection_functions	check	32	bac	15324125	15312208	15475416
projection_functions	check	33	bca	15328667	15010000	15789291
projection_functions	check	34	cab	15540500	15504708	14729292
projection_functions	check	35	cba	15080000	15213833	15306583
projection_functions	check	36	abc	15436916	15025458	15281625
projection_functions	check	37	acb	14997916	15043000	15825833
projection_functions	check	38	bac	14999083	15506416	15554250
projection_functions	check	39	bca	15343292	15031000	15690000
projection_functions	check	40	cab	15003166	15751708	15397750
projection_functions	check	41	cba	15533667	14996625	15185583
projection_functions	check	42	abc	15168541	15117083	15210584
projection_functions	check	43	acb	15052792	14904292	15148959
projection_functions	check	44	bac	15077625	14973250	14932000
projection_functions	check	45	bca	15354000	14871125	14978792
projection_functions	check	46	cab	14932250	15442875	15382167
projection_functions	check	47	cba	15172709	14822709	15026375
projection_functions	check	48	abc	15349833	14999416	15295000
projection_functions	check	49	acb	14640542	14920125	15722042
projection_functions	check	50	bac	15123667	14663000	15291250
projection_functions	check	51	bca	14552167	15074750	15535958
projection_functions	check	52	cab	14741875	15169041	14911375
projection_functions	check	53	cba	14537250	14697167	15028083
projection_functions	check	54	abc	15492959	15124584	15248375
projection_functions	check	55	acb	14963084	14900292	15384708
projection_functions	check	56	bac	15043083	15413209	15023042
projection_functions	check	57	bca	14769792	14516250	14658708
projection_functions	check	58	cab	14648584	14899792	14770042
projection_functions	check	59	cba	14850667	15165083	14928708
projection_functions	check	60	abc	14843750	14846542	15329167
projection_functions	check	61	acb	14887458	15059125	15090542
projection_functions	check	62	bac	14838875	14691334	15538541
projection_functions	check	63	bca	14968125	14991209	14435500
projection_functions	check	64	cab	15049958	14941459	14764541
projection_functions	check	65	cba	15653500	14948917	15038875
projection_functions	emit	0	abc	32438791	32724333	32591792
projection_functions	emit	1	acb	32073292	32956625	33599208
projection_functions	emit	2	bac	32603292	32835541	33348917
projection_functions	emit	3	bca	33035542	33520584	33395125
projection_functions	emit	4	cab	34086083	33401959	33073875
projection_functions	emit	5	cba	33324708	33328000	33967125
projection_functions	emit	6	abc	33688209	33713417	33205917
projection_functions	emit	7	acb	32975709	33062250	33138792
projection_functions	emit	8	bac	32890625	32317250	33275792
projection_functions	emit	9	bca	32423333	33081041	33366916
projection_functions	emit	10	cab	32068750	31978125	33191625
projection_functions	emit	11	cba	31982750	31667250	32665833
projection_functions	emit	12	abc	33266125	32280500	33450833
projection_functions	emit	13	acb	33464000	32441875	32837792
projection_functions	emit	14	bac	32691625	32703584	32626125
projection_functions	emit	15	bca	32710541	33061958	32718750
projection_functions	emit	16	cab	33461250	32709708	33599000
projection_functions	emit	17	cba	34910583	33501458	33559417
projection_functions	emit	18	abc	32277125	33155666	33065083
projection_functions	emit	19	acb	32437041	32843583	33017792
projection_functions	emit	20	bac	32752875	33347583	32916416
projection_functions	emit	21	bca	33361042	32672292	33373375
projection_functions	emit	22	cab	33587459	33467000	33312791
projection_functions	emit	23	cba	33027167	33253833	33485875
projection_functions	emit	24	abc	32648959	33054292	32927959
projection_functions	emit	25	acb	33103833	33449250	33003084
projection_functions	emit	26	bac	33562833	33624083	33795959
projection_functions	emit	27	bca	33291416	32781750	32976167
projection_functions	emit	28	cab	32542166	33272500	32211500
projection_functions	emit	29	cba	33093041	32573042	32988667
projection_functions	emit	30	abc	33231625	33391583	33421917
projection_functions	emit	31	acb	33237042	33018958	33477875
projection_functions	emit	32	bac	33886166	33634000	34268541
projection_functions	emit	33	bca	34289416	33987458	33894542
projection_functions	emit	34	cab	33685625	33836667	33815042
projection_functions	emit	35	cba	32632333	33414291	33234000
projection_functions	emit	36	abc	32266292	32571167	33107583
projection_functions	emit	37	acb	33036042	32373750	33278250
projection_functions	emit	38	bac	32660083	32633833	32361459
projection_functions	emit	39	bca	32974042	32638917	33167458
projection_functions	emit	40	cab	32647333	32898333	32697958
projection_functions	emit	41	cba	32887583	33143417	33043708
projection_functions	emit	42	abc	32764417	33440667	33222084
projection_functions	emit	43	acb	32753125	33515667	33109083
projection_functions	emit	44	bac	33293792	32907625	32945667
projection_functions	emit	45	bca	32957917	32919709	33067625
projection_functions	emit	46	cab	32622042	32685042	33153167
projection_functions	emit	47	cba	32812750	32615042	32868375
projection_functions	emit	48	abc	32851375	32622833	34242042
projection_functions	emit	49	acb	32937209	33587208	34206292
projection_functions	emit	50	bac	33959709	33493792	32879292
projection_functions	emit	51	bca	33366958	32547583	32862875
projection_functions	emit	52	cab	32387375	33061458	33272917
projection_functions	emit	53	cba	32957541	32877708	33165583
projection_functions	emit	54	abc	32661917	33478791	33145041
projection_functions	emit	55	acb	32405584	32353708	33954083
projection_functions	emit	56	bac	33701625	32091666	33460042
projection_functions	emit	57	bca	32496334	32371791	32520625
projection_functions	emit	58	cab	32653917	32837834	33229250
projection_functions	emit	59	cba	32592667	32730000	33261875
projection_functions	emit	60	abc	32406208	33307083	32673917
projection_functions	emit	61	acb	32841750	32222833	33097708
projection_functions	emit	62	bac	33027125	32998709	32785625
projection_functions	emit	63	bca	31881000	32987625	33509375
projection_functions	emit	64	cab	32185500	32932125	32038959
projection_functions	emit	65	cba	32970042	32667125	32640250
builtin_functions	check	0	abc	15317875	14670917	14940000
builtin_functions	check	1	acb	14679000	15399292	15683542
builtin_functions	check	2	bac	15471917	15407666	15947625
builtin_functions	check	3	bca	15495542	15225583	15812375
builtin_functions	check	4	cab	15806875	15503916	15608250
builtin_functions	check	5	cba	15163167	15477000	15611541
builtin_functions	check	6	abc	15896708	15522375	16084292
builtin_functions	check	7	acb	15604084	15274500	15723458
builtin_functions	check	8	bac	15738417	15720542	16040416
builtin_functions	check	9	bca	15617417	15835291	16030958
builtin_functions	check	10	cab	15446542	15572667	15620500
builtin_functions	check	11	cba	15712333	15297250	15532416
builtin_functions	check	12	abc	15454416	15273458	15324792
builtin_functions	check	13	acb	14961667	15396959	15705625
builtin_functions	check	14	bac	15145333	15479542	15130125
builtin_functions	check	15	bca	15283083	15487583	15249250
builtin_functions	check	16	cab	15109000	14996875	15211500
builtin_functions	check	17	cba	15280125	15022542	14920833
builtin_functions	check	18	abc	14951417	14775500	15558083
builtin_functions	check	19	acb	15188458	15642667	15378708
builtin_functions	check	20	bac	15125500	15011750	14765208
builtin_functions	check	21	bca	15378042	15092583	15202292
builtin_functions	check	22	cab	15047667	14913667	15468458
builtin_functions	check	23	cba	15623584	15775708	15838959
builtin_functions	check	24	abc	15497250	15239833	15306375
builtin_functions	check	25	acb	15216250	15460584	15783041
builtin_functions	check	26	bac	15824916	15533042	15577916
builtin_functions	check	27	bca	15300041	15713750	15290583
builtin_functions	check	28	cab	15575500	15512375	16173875
builtin_functions	check	29	cba	15307750	15567208	15890917
builtin_functions	check	30	abc	15181042	15499416	15972834
builtin_functions	check	31	acb	14923833	15400375	15269000
builtin_functions	check	32	bac	15770417	15183708	15880584
builtin_functions	check	33	bca	15820042	15424291	15668292
builtin_functions	check	34	cab	15178334	15447250	16257959
builtin_functions	check	35	cba	15420167	15971167	15601125
builtin_functions	check	36	abc	14927709	15610208	15186667
builtin_functions	check	37	acb	14886916	15654625	15630875
builtin_functions	check	38	bac	15794375	15387625	16502875
builtin_functions	check	39	bca	14818667	15547291	15407291
builtin_functions	check	40	cab	15822041	15766417	15612709
builtin_functions	check	41	cba	15713250	15333458	15789125
builtin_functions	check	42	abc	15456666	15024792	15891916
builtin_functions	check	43	acb	16018625	15318125	15484291
builtin_functions	check	44	bac	15435917	15252333	15119958
builtin_functions	check	45	bca	15658542	15548250	15526750
builtin_functions	check	46	cab	15446083	15592959	15869334
builtin_functions	check	47	cba	15139917	14904000	15706708
builtin_functions	check	48	abc	15975417	15525542	15586583
builtin_functions	check	49	acb	15314958	15256000	15403125
builtin_functions	check	50	bac	16113458	15138042	15192792
builtin_functions	check	51	bca	15472458	15914375	15732500
builtin_functions	check	52	cab	14985958	15569041	15396541
builtin_functions	check	53	cba	15863250	15624375	15501333
builtin_functions	check	54	abc	15467208	15309541	15116750
builtin_functions	check	55	acb	15078583	15063458	15833916
builtin_functions	check	56	bac	15148875	15184958	15215541
builtin_functions	check	57	bca	18136833	15412292	15596333
builtin_functions	check	58	cab	16046667	15855750	14757958
builtin_functions	check	59	cba	15351667	14822084	15611166
builtin_functions	check	60	abc	15206667	15511875	16065375
builtin_functions	check	61	acb	15204333	15014084	15380708
builtin_functions	check	62	bac	15559334	14816208	15712625
builtin_functions	check	63	bca	15260916	15869542	16080750
builtin_functions	check	64	cab	15229750	15162792	15115291
builtin_functions	check	65	cba	15537083	15578375	16126916
builtin_functions	emit	0	abc	36228083	35803083	35515209
builtin_functions	emit	1	acb	35580958	35448583	35560875
builtin_functions	emit	2	bac	34259417	34464500	34555500
builtin_functions	emit	3	bca	35655750	35112625	35021500
builtin_functions	emit	4	cab	34669375	35357084	35048958
builtin_functions	emit	5	cba	35466625	35640584	34978166
builtin_functions	emit	6	abc	35642958	35004917	35107250
builtin_functions	emit	7	acb	35175375	34938083	35486667
builtin_functions	emit	8	bac	34489667	34641542	35296125
builtin_functions	emit	9	bca	35253292	35352917	35278000
builtin_functions	emit	10	cab	35165250	34488292	35424500
builtin_functions	emit	11	cba	35282792	34856333	34949167
builtin_functions	emit	12	abc	35531625	35748708	35868459
builtin_functions	emit	13	acb	36002000	35615459	35997792
builtin_functions	emit	14	bac	36133291	35554958	35172917
builtin_functions	emit	15	bca	36188416	36602958	35848000
builtin_functions	emit	16	cab	35618542	35366417	35480875
builtin_functions	emit	17	cba	34731083	35070708	35776041
builtin_functions	emit	18	abc	35349333	34769417	35159000
builtin_functions	emit	19	acb	35230000	35437750	35184084
builtin_functions	emit	20	bac	34939208	34702333	35905208
builtin_functions	emit	21	bca	35534791	35264291	35000333
builtin_functions	emit	22	cab	35048916	34861334	36179291
builtin_functions	emit	23	cba	35501625	35347292	35137917
builtin_functions	emit	24	abc	35767208	35439834	35838417
builtin_functions	emit	25	acb	35579833	35822292	35581667
builtin_functions	emit	26	bac	34763125	35773167	34938416
builtin_functions	emit	27	bca	35658167	35474333	35472833
builtin_functions	emit	28	cab	36063333	35828916	34963291
builtin_functions	emit	29	cba	34920459	35054417	35686417
builtin_functions	emit	30	abc	35598792	35070167	34893375
builtin_functions	emit	31	acb	35078666	35237250	35265708
builtin_functions	emit	32	bac	35187291	35188625	35385875
builtin_functions	emit	33	bca	34949417	34880542	34643084
builtin_functions	emit	34	cab	35196708	35646708	35507584
builtin_functions	emit	35	cba	35833875	35117250	35535375
builtin_functions	emit	36	abc	36167417	36008292	36672291
builtin_functions	emit	37	acb	35726834	36087791	36069542
builtin_functions	emit	38	bac	36086542	35555916	36053084
builtin_functions	emit	39	bca	35887250	35261792	35797875
builtin_functions	emit	40	cab	35237459	35522958	36323333
builtin_functions	emit	41	cba	35768709	34916000	35652208
builtin_functions	emit	42	abc	35517209	35456375	35539666
builtin_functions	emit	43	acb	35412375	36189375	35781333
builtin_functions	emit	44	bac	35569083	35247250	35503959
builtin_functions	emit	45	bca	34638750	36163167	35631042
builtin_functions	emit	46	cab	35462250	35262958	35504625
builtin_functions	emit	47	cba	35416708	35480167	34932084
builtin_functions	emit	48	abc	35841083	35279459	35688750
builtin_functions	emit	49	acb	35233709	35398000	35687542
builtin_functions	emit	50	bac	36247042	36037291	35448708
builtin_functions	emit	51	bca	35426500	35227542	35528333
builtin_functions	emit	52	cab	35635125	35479166	34200250
builtin_functions	emit	53	cba	35528958	35955083	36447667
builtin_functions	emit	54	abc	35488208	35741334	36090625
builtin_functions	emit	55	acb	36043959	35575625	35539416
builtin_functions	emit	56	bac	36422250	36249250	35936541
builtin_functions	emit	57	bca	35469000	36141875	35560625
builtin_functions	emit	58	cab	35925917	35653584	35918583
builtin_functions	emit	59	cba	35803958	36438583	36729375
builtin_functions	emit	60	abc	35341125	35537709	35556833
builtin_functions	emit	61	acb	35309125	35986583	35767625
builtin_functions	emit	62	bac	36165708	35442208	36143084
builtin_functions	emit	63	bca	35998292	35983375	36670125
builtin_functions	emit	64	cab	36074792	35557375	36622875
builtin_functions	emit	65	cba	35683791	36890375	36145208
call_functions	check	0	abc	15416000	15328917	15576583
call_functions	check	1	acb	15255167	15601250	15376125
call_functions	check	2	bac	15477125	15554917	16006084
call_functions	check	3	bca	15249208	15252625	15656834
call_functions	check	4	cab	14670584	15435250	15442375
call_functions	check	5	cba	15965709	15430542	15326458
call_functions	check	6	abc	15175958	15458625	15726583
call_functions	check	7	acb	14761292	15356875	15884375
call_functions	check	8	bac	15307333	15688417	15390667
call_functions	check	9	bca	15645666	15154916	15280083
call_functions	check	10	cab	15852708	16032958	16175959
call_functions	check	11	cba	15389708	15072667	15586916
call_functions	check	12	abc	15129542	15382375	15950500
call_functions	check	13	acb	15616125	15255125	15477542
call_functions	check	14	bac	14953666	17098083	15896959
call_functions	check	15	bca	15748625	15476541	15469583
call_functions	check	16	cab	15665959	15290709	16160292
call_functions	check	17	cba	15228459	18766417	15512708
call_functions	check	18	abc	15295042	15501750	15896625
call_functions	check	19	acb	15669959	15586500	15568417
call_functions	check	20	bac	15024042	15294458	15192625
call_functions	check	21	bca	15142167	15216084	15891750
call_functions	check	22	cab	15106166	15112000	15433333
call_functions	check	23	cba	15419792	15479458	15358625
call_functions	check	24	abc	15149750	15272833	15400625
call_functions	check	25	acb	15689334	15499833	14940625
call_functions	check	26	bac	15739791	15243334	15153791
call_functions	check	27	bca	15623292	15114166	15572291
call_functions	check	28	cab	15677708	15336917	15896792
call_functions	check	29	cba	15315333	15275042	15368125
call_functions	check	30	abc	15591125	15492333	15730625
call_functions	check	31	acb	15578125	15495458	15928250
call_functions	check	32	bac	15572750	15564833	15501041
call_functions	check	33	bca	15264333	14858042	15660667
call_functions	check	34	cab	14857208	15531500	15256584
call_functions	check	35	cba	15524417	15151458	15760917
call_functions	check	36	abc	15208000	15018792	15495291
call_functions	check	37	acb	15521584	15450333	15454167
call_functions	check	38	bac	15390500	15419625	15868958
call_functions	check	39	bca	15159667	15289542	16003583
call_functions	check	40	cab	15021167	14873417	15677375
call_functions	check	41	cba	15091333	15353083	15350958
call_functions	check	42	abc	15072750	15072542	14945542
call_functions	check	43	acb	15303333	14885417	15400917
call_functions	check	44	bac	14895666	14693250	15279084
call_functions	check	45	bca	14756583	14917333	15375708
call_functions	check	46	cab	14676333	14989208	14816833
call_functions	check	47	cba	14856542	14844083	15792041
call_functions	check	48	abc	15352417	15215125	15604625
call_functions	check	49	acb	14963792	14733542	15080833
call_functions	check	50	bac	14788250	14758959	16066250
call_functions	check	51	bca	15573542	15363250	15641500
call_functions	check	52	cab	14840625	15760333	16045333
call_functions	check	53	cba	15903959	15657250	15981333
call_functions	check	54	abc	15272959	15233625	15208750
call_functions	check	55	acb	15595000	15263083	15697500
call_functions	check	56	bac	15492250	15737750	15945250
call_functions	check	57	bca	15556125	15356084	15465375
call_functions	check	58	cab	15224750	15563875	15842750
call_functions	check	59	cba	15402500	15060708	15616209
call_functions	check	60	abc	15208333	15720791	16244167
call_functions	check	61	acb	15199750	15414292	15179708
call_functions	check	62	bac	15725166	15014458	15676917
call_functions	check	63	bca	15097000	15400042	15719500
call_functions	check	64	cab	15307500	15022875	15631542
call_functions	check	65	cba	15611417	15878583	15274459
call_functions	emit	0	abc	38900459	38031084	38195375
call_functions	emit	1	acb	38277875	38980250	37557209
call_functions	emit	2	bac	38365333	38004750	38071459
call_functions	emit	3	bca	37501541	38320417	37871250
call_functions	emit	4	cab	38090166	38135667	38806667
call_functions	emit	5	cba	38163042	38200500	38300209
call_functions	emit	6	abc	38999958	38066916	39113042
call_functions	emit	7	acb	38532292	38613666	38465667
call_functions	emit	8	bac	39218917	38193708	39200500
call_functions	emit	9	bca	39386458	38838542	39973125
call_functions	emit	10	cab	38835292	39444166	39591584
call_functions	emit	11	cba	38911208	39311208	38912708
call_functions	emit	12	abc	38368917	38287125	38875166
call_functions	emit	13	acb	38183583	38379708	38608500
call_functions	emit	14	bac	38253125	38581084	38804459
call_functions	emit	15	bca	38536000	39105083	38844250
call_functions	emit	16	cab	39189250	38196625	38075959
call_functions	emit	17	cba	39175084	39773667	38940916
call_functions	emit	18	abc	38857959	39186875	38727292
call_functions	emit	19	acb	39856708	38036042	39516917
call_functions	emit	20	bac	39074375	39163625	39150458
call_functions	emit	21	bca	39031125	38466833	38715917
call_functions	emit	22	cab	38045500	38578000	38839083
call_functions	emit	23	cba	38490125	38811292	39257458
call_functions	emit	24	abc	38198334	38463750	38732583
call_functions	emit	25	acb	37168500	38583500	37498000
call_functions	emit	26	bac	37486292	38692042	38736083
call_functions	emit	27	bca	38219333	38907583	38170209
call_functions	emit	28	cab	38298291	37478042	38841166
call_functions	emit	29	cba	37976167	37727542	38431041
call_functions	emit	30	abc	37793958	38055875	38247208
call_functions	emit	31	acb	38798583	37889875	38262500
call_functions	emit	32	bac	37955459	37908083	38361000
call_functions	emit	33	bca	38573542	38197834	39063417
call_functions	emit	34	cab	39636292	39497958	38771750
call_functions	emit	35	cba	38811416	40258583	39835375
call_functions	emit	36	abc	39541250	39461292	39964667
call_functions	emit	37	acb	39749459	39083792	38898000
call_functions	emit	38	bac	38797500	38696625	39459166
call_functions	emit	39	bca	38286542	38409917	38629375
call_functions	emit	40	cab	39239209	40705458	39062125
call_functions	emit	41	cba	39028625	38948458	38689833
call_functions	emit	42	abc	38518208	39023042	37627833
call_functions	emit	43	acb	38768959	38678875	38343333
call_functions	emit	44	bac	39328375	38771292	39342292
call_functions	emit	45	bca	37675833	39546292	39208583
call_functions	emit	46	cab	39242000	38533833	37719167
call_functions	emit	47	cba	37841208	38155000	38657000
call_functions	emit	48	abc	38528041	37271292	38808542
call_functions	emit	49	acb	38549625	38341000	39397959
call_functions	emit	50	bac	37570666	41087458	38846958
call_functions	emit	51	bca	39056333	38361959	38459125
call_functions	emit	52	cab	38704750	39726917	38458834
call_functions	emit	53	cba	38786750	38744791	39182875
call_functions	emit	54	abc	38584500	39179208	38296291
call_functions	emit	55	acb	40028541	39747875	39442917
call_functions	emit	56	bac	38904834	39124083	39492417
call_functions	emit	57	bca	38415458	38725208	39322583
call_functions	emit	58	cab	40040042	39943750	38805084
call_functions	emit	59	cba	43086625	39359625	39080416
call_functions	emit	60	abc	42194666	39610583	42400917
call_functions	emit	61	acb	40477708	40389292	39266625
call_functions	emit	62	bac	40754250	37956666	39227292
call_functions	emit	63	bca	39263875	43184250	39473833
call_functions	emit	64	cab	38668000	38278500	40854917
call_functions	emit	65	cba	38461583	38158250	39477375
aggregate_functions	check	0	abc	15455958	15661500	15644542
aggregate_functions	check	1	acb	15374875	15624209	15827042
aggregate_functions	check	2	bac	15676417	15800500	16249208
aggregate_functions	check	3	bca	14991542	15224292	16576042
aggregate_functions	check	4	cab	15354459	15576750	14961792
aggregate_functions	check	5	cba	16349167	16258541	17320292
aggregate_functions	check	6	abc	15495041	15850625	16378208
aggregate_functions	check	7	acb	15636333	16388875	15262333
aggregate_functions	check	8	bac	19592917	18031042	15627209
aggregate_functions	check	9	bca	15484542	16026709	15604417
aggregate_functions	check	10	cab	28267417	27772083	21801584
aggregate_functions	check	11	cba	15110583	21247666	23759000
aggregate_functions	check	12	abc	15382334	14871209	15320375
aggregate_functions	check	13	acb	15671834	15417417	16557083
aggregate_functions	check	14	bac	15779542	15501166	16237166
aggregate_functions	check	15	bca	15898958	15885792	15823708
aggregate_functions	check	16	cab	15383250	15563500	16079042
aggregate_functions	check	17	cba	16026625	15496750	15969625
aggregate_functions	check	18	abc	16309834	15986791	15559500
aggregate_functions	check	19	acb	15943209	16041542	16049541
aggregate_functions	check	20	bac	15153000	15369750	16268208
aggregate_functions	check	21	bca	15905000	15990625	16367250
aggregate_functions	check	22	cab	16593000	15794583	16076416
aggregate_functions	check	23	cba	15564541	15914084	16090125
aggregate_functions	check	24	abc	15852792	15325292	16151500
aggregate_functions	check	25	acb	15934125	15876166	16096542
aggregate_functions	check	26	bac	15939708	15693417	15309209
aggregate_functions	check	27	bca	15532125	15315000	15079542
aggregate_functions	check	28	cab	15437459	15956791	15576208
aggregate_functions	check	29	cba	15277917	15662583	15147000
aggregate_functions	check	30	abc	15745500	16025458	15464500
aggregate_functions	check	31	acb	15412208	15409000	15441875
aggregate_functions	check	32	bac	15688875	15314875	15170083
aggregate_functions	check	33	bca	15836917	15736833	15272875
aggregate_functions	check	34	cab	15902792	15520209	16322250
aggregate_functions	check	35	cba	15526959	16109708	15692833
aggregate_functions	check	36	abc	15621792	15837084	15759333
aggregate_functions	check	37	acb	15459250	15621041	15879542
aggregate_functions	check	38	bac	15516875	15539458	15918167
aggregate_functions	check	39	bca	15715500	15531958	15640459
aggregate_functions	check	40	cab	15666250	15375667	16105458
aggregate_functions	check	41	cba	16107791	15749792	15347250
aggregate_functions	check	42	abc	16231875	15735042	16402834
aggregate_functions	check	43	acb	15982250	15907125	16176084
aggregate_functions	check	44	bac	15502708	16157958	15893542
aggregate_functions	check	45	bca	15558375	15444792	15591042
aggregate_functions	check	46	cab	15690458	16229875	15767208
aggregate_functions	check	47	cba	15509250	15874000	16494125
aggregate_functions	check	48	abc	15751042	15374084	15683166
aggregate_functions	check	49	acb	15654708	15605834	16096833
aggregate_functions	check	50	bac	15114750	15394334	15720416
aggregate_functions	check	51	bca	15533833	15116709	15646750
aggregate_functions	check	52	cab	15962041	15266500	16066041
aggregate_functions	check	53	cba	15516125	16019750	17612125
aggregate_functions	check	54	abc	15525375	15566459	16007666
aggregate_functions	check	55	acb	15820208	16109250	16688792
aggregate_functions	check	56	bac	15701042	15561625	16366667
aggregate_functions	check	57	bca	17066000	16458417	16814000
aggregate_functions	check	58	cab	16442042	16618542	16281125
aggregate_functions	check	59	cba	15240333	15302583	15925750
aggregate_functions	check	60	abc	15853417	16041791	16153042
aggregate_functions	check	61	acb	15500333	16018834	15591250
aggregate_functions	check	62	bac	15573042	15672208	16030542
aggregate_functions	check	63	bca	15910917	16032375	15940000
aggregate_functions	check	64	cab	15375583	15815709	15863250
aggregate_functions	check	65	cba	15230500	16076416	16159792
aggregate_functions	emit	0	abc	35842083	36399750	36045000
aggregate_functions	emit	1	acb	36388333	35954417	36833667
aggregate_functions	emit	2	bac	36083333	36423167	36384209
aggregate_functions	emit	3	bca	36575084	35798125	35967625
aggregate_functions	emit	4	cab	36699500	36449625	35657458
aggregate_functions	emit	5	cba	36051333	36039541	35906833
aggregate_functions	emit	6	abc	36264084	36504917	36145209
aggregate_functions	emit	7	acb	35543583	35642916	35825291
aggregate_functions	emit	8	bac	36141375	35529166	36149208
aggregate_functions	emit	9	bca	36428625	35607041	36041666
aggregate_functions	emit	10	cab	36139208	36095541	36196166
aggregate_functions	emit	11	cba	35565833	35780875	36352250
aggregate_functions	emit	12	abc	35741291	35561292	36235750
aggregate_functions	emit	13	acb	36130459	34939666	35463041
aggregate_functions	emit	14	bac	35776541	35352167	36882583
aggregate_functions	emit	15	bca	35872667	35576417	35876667
aggregate_functions	emit	16	cab	36220750	36442041	35640375
aggregate_functions	emit	17	cba	36792916	36164292	35791458
aggregate_functions	emit	18	abc	36020042	36091666	37160709
aggregate_functions	emit	19	acb	38454291	37249459	36185667
aggregate_functions	emit	20	bac	35798542	36297083	36459958
aggregate_functions	emit	21	bca	35727333	36369083	36415417
aggregate_functions	emit	22	cab	36374584	36107250	36275667
aggregate_functions	emit	23	cba	35988708	35399875	36015583
aggregate_functions	emit	24	abc	35972209	36016167	36697583
aggregate_functions	emit	25	acb	35710833	37012541	36159375
aggregate_functions	emit	26	bac	36344292	36146083	36438709
aggregate_functions	emit	27	bca	36011834	36179000	36655208
aggregate_functions	emit	28	cab	36381833	35542500	36868875
aggregate_functions	emit	29	cba	36936959	36562708	36051084
aggregate_functions	emit	30	abc	35443709	36322250	35697959
aggregate_functions	emit	31	acb	35965875	35833792	38036833
aggregate_functions	emit	32	bac	36240667	36733167	35759875
aggregate_functions	emit	33	bca	36180500	36131792	36089542
aggregate_functions	emit	34	cab	35664166	35794750	36952167
aggregate_functions	emit	35	cba	35823541	36895625	35977791
aggregate_functions	emit	36	abc	36557250	35199708	36031792
aggregate_functions	emit	37	acb	36277917	35241417	35815750
aggregate_functions	emit	38	bac	35893042	35786375	36054167
aggregate_functions	emit	39	bca	34663958	34523042	35138167
aggregate_functions	emit	40	cab	34721875	34517750	35069583
aggregate_functions	emit	41	cba	34899583	34587333	34637375
aggregate_functions	emit	42	abc	34766791	35530250	35696042
aggregate_functions	emit	43	acb	34938584	35973541	37070292
aggregate_functions	emit	44	bac	36842708	35782917	36087833
aggregate_functions	emit	45	bca	35689542	35905083	38231834
aggregate_functions	emit	46	cab	35770042	36140542	36176333
aggregate_functions	emit	47	cba	34720834	34602791	34999542
aggregate_functions	emit	48	abc	35635917	35863167	39074916
aggregate_functions	emit	49	acb	35796000	35076583	35932750
aggregate_functions	emit	50	bac	36017958	34477708	35641334
aggregate_functions	emit	51	bca	35758167	35556542	36959459
aggregate_functions	emit	52	cab	35173792	35226083	35497167
aggregate_functions	emit	53	cba	37530375	35719000	36627958
aggregate_functions	emit	54	abc	36666833	35967500	36017834
aggregate_functions	emit	55	acb	36582375	36400167	37210250
aggregate_functions	emit	56	bac	36107209	35789125	35644459
aggregate_functions	emit	57	bca	37665958	35173708	36993583
aggregate_functions	emit	58	cab	36064375	35879958	36023875
aggregate_functions	emit	59	cba	36730125	37375625	36132167
aggregate_functions	emit	60	abc	36727208	36754583	36344834
aggregate_functions	emit	61	acb	37774291	36218500	36736209
aggregate_functions	emit	62	bac	36384875	37233792	36931458
aggregate_functions	emit	63	bca	36458417	36875791	36632167
aggregate_functions	emit	64	cab	36487459	35691625	36800875
aggregate_functions	emit	65	cba	35196250	35847042	36554958
recurrence_functions	check	0	abc	15939375	15502334	15362500
recurrence_functions	check	1	acb	15586791	15541875	16037167
recurrence_functions	check	2	bac	15289750	15387750	15734000
recurrence_functions	check	3	bca	15022833	14911834	15997291
recurrence_functions	check	4	cab	15610541	15938333	15408459
recurrence_functions	check	5	cba	15239250	15533500	15718458
recurrence_functions	check	6	abc	15652708	15403375	15963458
recurrence_functions	check	7	acb	15390666	15643583	15578625
recurrence_functions	check	8	bac	15658291	15320291	15197041
recurrence_functions	check	9	bca	15498709	15836875	16116458
recurrence_functions	check	10	cab	15395292	16480375	16543250
recurrence_functions	check	11	cba	15941542	15622209	15273209
recurrence_functions	check	12	abc	15565166	15343875	17130625
recurrence_functions	check	13	acb	15363042	15725334	15657375
recurrence_functions	check	14	bac	15957333	15597625	15284708
recurrence_functions	check	15	bca	16876708	15053041	15556000
recurrence_functions	check	16	cab	15012084	15678334	16029791
recurrence_functions	check	17	cba	15921917	15358291	15673917
recurrence_functions	check	18	abc	15034292	15734500	16308834
recurrence_functions	check	19	acb	15554334	15286583	16132542
recurrence_functions	check	20	bac	15357625	15208042	15476958
recurrence_functions	check	21	bca	15355250	15313459	15348125
recurrence_functions	check	22	cab	15361125	15852667	15955875
recurrence_functions	check	23	cba	15333583	15206084	15821875
recurrence_functions	check	24	abc	15240042	15686125	15167958
recurrence_functions	check	25	acb	15663583	15618792	15750000
recurrence_functions	check	26	bac	15431167	15138541	16036792
recurrence_functions	check	27	bca	16280625	15381833	15762208
recurrence_functions	check	28	cab	15214458	15208417	16192500
recurrence_functions	check	29	cba	15072542	15985208	16253083
recurrence_functions	check	30	abc	15916334	15389125	15971959
recurrence_functions	check	31	acb	16338917	15441791	16213084
recurrence_functions	check	32	bac	15599541	16017250	15698209
recurrence_functions	check	33	bca	16178500	15626291	15900500
recurrence_functions	check	34	cab	15794500	15450333	16312791
recurrence_functions	check	35	cba	16284417	16282500	21278917
recurrence_functions	check	36	abc	16895458	16342459	16734708
recurrence_functions	check	37	acb	15664875	15587458	16759167
recurrence_functions	check	38	bac	15220125	15476125	15700750
recurrence_functions	check	39	bca	15508250	15244292	15788958
recurrence_functions	check	40	cab	14923958	15169166	15585625
recurrence_functions	check	41	cba	15022333	15209166	14861375
recurrence_functions	check	42	abc	14802208	14968292	15195625
recurrence_functions	check	43	acb	15210584	15542417	15379541
recurrence_functions	check	44	bac	15221916	15501792	15504792
recurrence_functions	check	45	bca	15711709	14876250	15597166
recurrence_functions	check	46	cab	15841125	15716667	15553834
recurrence_functions	check	47	cba	15819750	15855875	15374834
recurrence_functions	check	48	abc	15375375	16051791	16010542
recurrence_functions	check	49	acb	14900125	15597459	16770416
recurrence_functions	check	50	bac	15094458	15701333	16247291
recurrence_functions	check	51	bca	16606250	15780000	15665750
recurrence_functions	check	52	cab	14868625	15697208	15907916
recurrence_functions	check	53	cba	15584125	15565750	15749584
recurrence_functions	check	54	abc	16339708	15816583	15273958
recurrence_functions	check	55	acb	18329375	16301291	15792625
recurrence_functions	check	56	bac	15836166	15682083	15408500
recurrence_functions	check	57	bca	16101125	15389875	15586542
recurrence_functions	check	58	cab	15447416	15240625	15537917
recurrence_functions	check	59	cba	14843291	15150209	15309917
recurrence_functions	check	60	abc	15547750	14986333	15351041
recurrence_functions	check	61	acb	15450917	15556208	15444333
recurrence_functions	check	62	bac	14520666	14790666	16885625
recurrence_functions	check	63	bca	15355875	16306042	15526625
recurrence_functions	check	64	cab	15828000	15938625	16879375
recurrence_functions	check	65	cba	15982083	15846750	15371708
recurrence_functions	emit	0	abc	34812083	33836791	33958000
recurrence_functions	emit	1	acb	33985250	34748500	34126750
recurrence_functions	emit	2	bac	33445166	34528791	34288250
recurrence_functions	emit	3	bca	34128125	34138209	34919291
recurrence_functions	emit	4	cab	34348291	34657000	34699542
recurrence_functions	emit	5	cba	33289916	34485000	37976750
recurrence_functions	emit	6	abc	34287792	34416875	34981291
recurrence_functions	emit	7	acb	34291584	33760500	33800750
recurrence_functions	emit	8	bac	33929250	33155583	34102542
recurrence_functions	emit	9	bca	34154917	34012375	34466417
recurrence_functions	emit	10	cab	35925958	33165291	33879584
recurrence_functions	emit	11	cba	33331042	33480958	33779833
recurrence_functions	emit	12	abc	33070334	33186458	32891375
recurrence_functions	emit	13	acb	33823000	33158375	34633000
recurrence_functions	emit	14	bac	33071666	33178834	33910875
recurrence_functions	emit	15	bca	34366833	34723125	33655500
recurrence_functions	emit	16	cab	34204500	33987083	33637417
recurrence_functions	emit	17	cba	34368375	34219083	35031875
recurrence_functions	emit	18	abc	33051000	32868458	32753583
recurrence_functions	emit	19	acb	33052375	32325875	33036792
recurrence_functions	emit	20	bac	33448542	32852084	34229958
recurrence_functions	emit	21	bca	32884333	33627333	33071958
recurrence_functions	emit	22	cab	33345375	32630292	33319500
recurrence_functions	emit	23	cba	33388416	33889959	33762125
recurrence_functions	emit	24	abc	33058208	33250041	33515917
recurrence_functions	emit	25	acb	34111209	33321250	33462208
recurrence_functions	emit	26	bac	34746834	34665625	33898375
recurrence_functions	emit	27	bca	33860583	33536875	34722250
recurrence_functions	emit	28	cab	33537166	33830500	33544708
recurrence_functions	emit	29	cba	34422584	34152500	34542500
recurrence_functions	emit	30	abc	33986917	34171500	34666625
recurrence_functions	emit	31	acb	34177750	33744209	34801916
recurrence_functions	emit	32	bac	34215292	33963125	34388875
recurrence_functions	emit	33	bca	34395250	34237334	33455875
recurrence_functions	emit	34	cab	34610666	34040625	34416833
recurrence_functions	emit	35	cba	33521667	32809458	34631875
recurrence_functions	emit	36	abc	33325750	34078875	33357667
recurrence_functions	emit	37	acb	33511542	33033542	33294708
recurrence_functions	emit	38	bac	34006500	33079833	33929875
recurrence_functions	emit	39	bca	32956917	33517000	33065083
recurrence_functions	emit	40	cab	33986042	34145917	33944291
recurrence_functions	emit	41	cba	33450042	33467250	34687708
recurrence_functions	emit	42	abc	33023833	33729875	33824834
recurrence_functions	emit	43	acb	35030750	34853000	33697250
recurrence_functions	emit	44	bac	33408416	34297917	33569708
recurrence_functions	emit	45	bca	34560250	33640583	34670292
recurrence_functions	emit	46	cab	34371750	34729875	34312916
recurrence_functions	emit	47	cba	33551750	34867833	34153917
recurrence_functions	emit	48	abc	33462375	34253125	33998875
recurrence_functions	emit	49	acb	33662584	34079334	34308250
recurrence_functions	emit	50	bac	34271708	33532208	33908541
recurrence_functions	emit	51	bca	33342542	33713458	33152375
recurrence_functions	emit	52	cab	34264958	34381334	34136125
recurrence_functions	emit	53	cba	34279750	33522625	34782958
recurrence_functions	emit	54	abc	33544500	33665667	34766708
recurrence_functions	emit	55	acb	33921750	33147917	33281584
recurrence_functions	emit	56	bac	33616541	33664167	34071958
recurrence_functions	emit	57	bca	33420792	34234916	34275000
recurrence_functions	emit	58	cab	34467709	35226917	33061667
recurrence_functions	emit	59	cba	34379666	34857709	34058708
recurrence_functions	emit	60	abc	33926041	34153792	34054500
recurrence_functions	emit	61	acb	33088583	34071500	33578833
recurrence_functions	emit	62	bac	34165875	34301750	33456000
recurrence_functions	emit	63	bca	33878375	33219625	33151750
recurrence_functions	emit	64	cab	33398541	32749042	33962709
recurrence_functions	emit	65	cba	33369583	33468292	34710042
selfhost	check	0	abc	147490459	144807042	147928250
selfhost	check	1	acb	144926916	145476709	146865458
selfhost	check	2	bac	147005291	145276792	150260917
selfhost	check	3	bca	149906959	150788334	152342958
selfhost	check	4	cab	147316084	147946250	151045167
selfhost	check	5	cba	143969625	145593792	149023625
selfhost	check	6	abc	145291833	146691000	151070291
selfhost	check	7	acb	149202250	149193166	151212542
selfhost	check	8	bac	153043250	146892125	150371208
selfhost	check	9	bca	147931500	146578000	148417958
selfhost	check	10	cab	147348375	148029917	147197084
selfhost	check	11	cba	146776000	147004208	149242792
selfhost	check	12	abc	147087750	145375375	148668833
selfhost	check	13	acb	144846667	147035875	149932708
selfhost	check	14	bac	145121834	147371791	148142042
selfhost	check	15	bca	147057958	146244416	148015917
selfhost	check	16	cab	147549458	150485750	148438208
selfhost	check	17	cba	151951125	151266292	153197708
selfhost	check	18	abc	157653667	147797125	149701458
selfhost	check	19	acb	150275166	147198750	148783250
selfhost	check	20	bac	147464750	146589083	148767875
selfhost	check	21	bca	148477750	147472875	147359584
selfhost	check	22	cab	154074000	149128417	147624666
selfhost	check	23	cba	147604792	147897125	152836125
selfhost	check	24	abc	150226958	148646125	148429708
selfhost	check	25	acb	146011417	149271125	148761916
selfhost	check	26	bac	146883375	147210833	150116583
selfhost	check	27	bca	146816125	146898500	147448959
selfhost	check	28	cab	148043375	148614125	147508125
selfhost	check	29	cba	148717209	147224042	151233750
selfhost	check	30	abc	148284334	147173750	148338958
selfhost	check	31	acb	145736458	148400708	151023042
selfhost	check	32	bac	146087875	146126000	149105709
selfhost	check	33	bca	148536500	146783666	147868792
selfhost	check	34	cab	146493917	146508833	147679417
selfhost	check	35	cba	148395667	147245375	149432250
selfhost	check	36	abc	147206917	146953458	149268709
selfhost	check	37	acb	146538041	147411333	147979125
selfhost	check	38	bac	147601209	145191209	149585958
selfhost	check	39	bca	146559625	146437125	146960750
selfhost	check	40	cab	148148875	147259833	147637750
selfhost	check	41	cba	147434208	148730834	147366042
selfhost	check	42	abc	147583500	146559125	152782458
selfhost	check	43	acb	148116917	148798916	149374958
selfhost	check	44	bac	210985875	150451125	149139000
selfhost	check	45	bca	143520250	144314333	146225750
selfhost	check	46	cab	144847375	146303916	144952708
selfhost	check	47	cba	143017167	144168292	145866958
selfhost	check	48	abc	145068916	143084000	144748667
selfhost	check	49	acb	147168333	143004500	144907250
selfhost	check	50	bac	145589583	143605375	147590708
selfhost	check	51	bca	141774750	145668667	145803208
selfhost	check	52	cab	141118250	144183917	144280500
selfhost	check	53	cba	143667458	144970666	145397333
selfhost	check	54	abc	144700750	143440125	145817125
selfhost	check	55	acb	144115792	144859042	145337417
selfhost	check	56	bac	145603833	145689708	147189958
selfhost	check	57	bca	145767041	146389959	149465250
selfhost	check	58	cab	143519667	145000042	147656750
selfhost	check	59	cba	147189042	147147292	147211375
selfhost	check	60	abc	145733250	145544125	148726458
selfhost	check	61	acb	144117166	145056625	147778000
selfhost	check	62	bac	145653166	144906541	145407542
selfhost	check	63	bca	143742667	143743875	144101625
selfhost	check	64	cab	143155875	142728500	143508208
selfhost	check	65	cba	144337375	142874000	144821750
selfhost	emit	0	abc	243675375	228621958	234894208
selfhost	emit	1	acb	234578708	230897666	233906083
selfhost	emit	2	bac	229563000	232743542	234432875
selfhost	emit	3	bca	227027750	231551916	232856250
selfhost	emit	4	cab	231247375	235877375	231527792
selfhost	emit	5	cba	227975208	231371334	232950667
selfhost	emit	6	abc	231247375	230266000	232019167
selfhost	emit	7	acb	230755500	231632458	231740166
selfhost	emit	8	bac	229736333	230107333	230402875
selfhost	emit	9	bca	231757542	232538125	234100667
selfhost	emit	10	cab	234388167	234664208	232849958
selfhost	emit	11	cba	229707291	232177958	234490958
selfhost	emit	12	abc	232898583	231776209	230788167
selfhost	emit	13	acb	230786625	232731917	233218916
selfhost	emit	14	bac	229801709	231455375	256161833
selfhost	emit	15	bca	231245125	288913750	234424042
selfhost	emit	16	cab	233885208	232418458	232532417
selfhost	emit	17	cba	229401042	229887250	230062041
selfhost	emit	18	abc	228608792	230414917	231137958
selfhost	emit	19	acb	230717667	231959000	234477167
selfhost	emit	20	bac	231243041	234294416	242553000
selfhost	emit	21	bca	232369875	232985291	233046084
selfhost	emit	22	cab	230685209	229281500	233229417
selfhost	emit	23	cba	231488709	228433958	230141917
selfhost	emit	24	abc	229898875	227940417	236459792
selfhost	emit	25	acb	231986041	229542833	231323083
selfhost	emit	26	bac	231104166	230101375	232517875
selfhost	emit	27	bca	230460334	228972375	236784292
selfhost	emit	28	cab	228210125	230638000	231035500
selfhost	emit	29	cba	236108792	233189500	241407916
selfhost	emit	30	abc	235744208	235054500	237604291
selfhost	emit	31	acb	237570542	232799292	235775334
selfhost	emit	32	bac	235370125	242677167	234497458
selfhost	emit	33	bca	232508459	229976167	231235334
selfhost	emit	34	cab	235888875	235993375	233447375
selfhost	emit	35	cba	232807625	232276208	234584500
selfhost	emit	36	abc	231174708	233056959	233540750
selfhost	emit	37	acb	228973625	228024292	228464667
selfhost	emit	38	bac	230771583	229061709	235697542
selfhost	emit	39	bca	250245042	228774583	229975000
selfhost	emit	40	cab	230035667	239384750	233272084
selfhost	emit	41	cba	234190209	230692375	232770417
selfhost	emit	42	abc	241790334	227240208	233255125
selfhost	emit	43	acb	228802875	239962666	228792791
selfhost	emit	44	bac	232798625	231566750	238105417
selfhost	emit	45	bca	237873417	232336500	238110333
selfhost	emit	46	cab	233293958	232902709	222939625
selfhost	emit	47	cba	236005833	232645083	232611708
selfhost	emit	48	abc	241712417	232707041	236035083
selfhost	emit	49	acb	245180042	230948000	236643083
selfhost	emit	50	bac	240178750	238020541	234276292
selfhost	emit	51	bca	243044875	233880000	238843667
selfhost	emit	52	cab	242802416	247057250	242487958
selfhost	emit	53	cba	229163125	230467208	245804042
selfhost	emit	54	abc	235473167	306747416	236761333
selfhost	emit	55	acb	236571333	234338417	245681500
selfhost	emit	56	bac	234202542	239483250	236073416
selfhost	emit	57	bca	231702541	232367459	236605250
selfhost	emit	58	cab	234984208	227630041	243825375
selfhost	emit	59	cba	233211917	234415375	251211250
selfhost	emit	60	abc	222576417	236193500	233718875
selfhost	emit	61	acb	240917208	260021792	241254125
selfhost	emit	62	bac	233203000	308176709	238901917
selfhost	emit	63	bca	280840125	234094041	317724708
selfhost	emit	64	cab	231486042	244887000	240341625
selfhost	emit	65	cba	233520666	234587458	241364250
