# date=2026-09-07; candidate_seed_sha256=d4e6b04ffcaee43b6384c3055e3f516e0ee7b7a7910dd978ee0be85571dfff06; baseline=1fca486 sources compiled with current compiler; O2; two warmup and eleven alternating pairs; 64 planned values per helper, one helper-body edit; process totals include capture/checking/analysis/C generation; independent work dimensions, no portable speedup claim
helpers	planned_values_per_helper	comparison	pair	baseline_ns	candidate_ns	ratio
32	64	prior-session	0	26004459	24047458	0.9247436372354448
32	64	prior-session	1	25611083	23540041	0.919134930764154
32	64	prior-session	2	26684584	24791333	0.9290507582955012
32	64	prior-session	3	25893750	23899833	0.922996205648081
32	64	prior-session	4	25806667	24089500	0.9334603341066865
32	64	prior-session	5	26375917	24017583	0.9105876015609239
32	64	prior-session	6	25938292	23732208	0.9149487560707544
32	64	prior-session	7	25761833	23237000	0.9019932704322708
32	64	prior-session	8	27320458	23504666	0.860332063247256
32	64	prior-session	9	25858417	23912709	0.92475533208394
32	64	prior-session	10	25966959	24164584	0.9305896774435544
32	64	two-clean	0	22664542	24074542	1.0622117137862306
32	64	two-clean	1	22555292	24156000	1.0709681789976384
32	64	two-clean	2	23261000	24619416	1.058398865053093
32	64	two-clean	3	22388375	23968708	1.0705872132300804
32	64	two-clean	4	22720166	24692250	1.0867988376493376
32	64	two-clean	5	23670375	25266417	1.0674278290901602
32	64	two-clean	6	22756750	24793125	1.089484438683028
32	64	two-clean	7	23506667	23793167	1.0121880315912077
32	64	two-clean	8	23616291	24534333	1.038873250672597
32	64	two-clean	9	22915000	24343667	1.0623463670085098
32	64	two-clean	10	23036459	23746417	1.0308188858365777
128	64	prior-session	0	90011209	83775875	0.9307271386611417
128	64	prior-session	1	90931792	82723916	0.9097359040279334
128	64	prior-session	2	91316334	83721959	0.9168344296432225
128	64	prior-session	3	91307208	83970250	0.919645358118934
128	64	prior-session	4	92111458	82697458	0.89779773109226
128	64	prior-session	5	90463125	82721833	0.9144259940168992
128	64	prior-session	6	89496750	81967792	0.9158745094095596
128	64	prior-session	7	91113500	82215208	0.9023383801522277
128	64	prior-session	8	90716625	83525084	0.920725214369472
128	64	prior-session	9	90863125	82679958	0.9099396262235092
128	64	prior-session	10	91523542	82630166	0.9028296348058732
128	64	two-clean	0	77994083	83512209	1.0707505721940471
128	64	two-clean	1	77958750	83065500	1.0655057963346
128	64	two-clean	2	77583709	83437750	1.0754545132664384
128	64	two-clean	3	77547084	83070750	1.0712298350251312
128	64	two-clean	4	78455791	83773833	1.0677839319725932
128	64	two-clean	5	76848542	83461583	1.0860529143155377
128	64	two-clean	6	77391750	83052666	1.0731462462084136
128	64	two-clean	7	78363125	83028250	1.0595321460189342
128	64	two-clean	8	77143750	83047417	1.0765281309244106
128	64	two-clean	9	78555875	84023208	1.0695980154253262
128	64	two-clean	10	77647958	82811417	1.0664983231110856
512	64	prior-session	0	354857459	321211584	0.9051848167576492
512	64	prior-session	1	356739250	321712875	0.9018151913477421
512	64	prior-session	2	354683208	326817750	0.9214356434940105
512	64	prior-session	3	353454708	323386000	0.9149291059945367
512	64	prior-session	4	353320042	321970708	0.9112721321367895
512	64	prior-session	5	352949042	323811084	0.91744429214232
512	64	prior-session	6	352301084	319643459	0.9073019457413875
512	64	prior-session	7	354280709	321806417	0.9083373969424906
512	64	prior-session	8	355352417	324577583	0.9133963003268386
512	64	prior-session	9	355741083	319432417	0.8979351339074886
512	64	prior-session	10	358414750	318814708	0.8895133584764577
512	64	two-clean	0	305568667	322859334	1.056585209372923
512	64	two-clean	1	305865833	321574333	1.051357485227845
512	64	two-clean	2	307346292	322969417	1.0508323197860476
512	64	two-clean	3	307106833	322326750	1.0495590308145308
512	64	two-clean	4	304478667	323417333	1.06220030515307
512	64	two-clean	5	303599417	323094708	1.0642138617809005
512	64	two-clean	6	301909917	320390709	1.061212934585385
512	64	two-clean	7	303872083	322129458	1.0600824360689955
512	64	two-clean	8	305634916	322228875	1.0542934008233535
512	64	two-clean	9	305512583	321640500	1.0527896980269384
512	64	two-clean	10	307567875	322724000	1.049277334311979
