# date=2026-09-07; baseline=49ea4a0; candidate_seed_sha256=59d895508fa9011dea2d833738e4ea6a7da72829412130de48d790685b001706; same-host O2; process totals include startup and I/O; POSIX worker backend=True; no portable timing claim
# baseline slim_rt.h SHA-256=dfe051bd025db9b8d2847ba6facf61dfdd2ebfbdd5fcc39b825bfb8729bcf99f
# baseline slim_rt.c SHA-256=3177ababe3764348cc334df939e6c3288305241f760d27552f171dfcaf2c5503
# candidate slim_rt.h SHA-256=dfe051bd025db9b8d2847ba6facf61dfdd2ebfbdd5fcc39b825bfb8729bcf99f
# candidate slim_rt.c SHA-256=3177ababe3764348cc334df939e6c3288305241f760d27552f171dfcaf2c5503
# one warmup, five alternating pairs; external C compilation and link
application	pair	baseline_ns	candidate_ns	ratio	baseline_binary_bytes	candidate_binary_bytes
arena_sum	0	131591416	131942834	1.0026705237368978	52848	52848
arena_sum	1	133802334	131297167	0.9812771053754563	52848	52848
arena_sum	2	134735250	134913917	1.0013260598098863	52848	52848
arena_sum	3	133513500	130952875	0.9808212278159137	52848	52848
arena_sum	4	130940917	131683917	1.005674314927854	52848	52848
bfs	0	132979750	131691042	0.9903089906545921	52872	52872
bfs	1	130217833	131180667	1.0073940256708158	52872	52872
bfs	2	127408333	132695792	1.0415001034508473	52872	52872
bfs	3	131377292	129905292	0.9887956283952024	52872	52872
bfs	4	129533958	128023250	0.9883373593818542	52872	52872
binary_search	0	134985167	134083166	0.9933177769080361	52856	52848
binary_search	1	130957792	133413125	1.0187490409123574	52856	52848
binary_search	2	132717000	131579541	0.9914294400868012	52856	52848
binary_search	3	132553333	137627000	1.0382764196506473	52856	52848
binary_search	4	133372417	129915917	0.9740838467372155	52856	52848
bytefreq	0	132903833	134276667	1.0103295290211833	52848	52848
bytefreq	1	135070292	135640250	1.0042197139841824	52848	52848
bytefreq	2	136129292	134405375	0.9873361789026274	52848	52848
bytefreq	3	135983250	192791750	1.4177610110068704	52848	52848
bytefreq	4	134997292	132472791	0.9812996174767713	52848	52848
edit_distance	0	149774333	148020833	0.9882923865199252	52856	52848
edit_distance	1	152368000	149424083	0.9806789023942035	52856	52848
edit_distance	2	149913750	149996291	1.0005505899225389	52856	52848
edit_distance	3	155304417	148943625	0.959043070874153	52856	52848
edit_distance	4	150593667	146479458	0.9726800662872497	52856	52848
floyd_warshall	0	137746375	137369625	0.9972649008004748	52856	52856
floyd_warshall	1	136706000	137480042	1.0056620923734145	52856	52856
floyd_warshall	2	138803167	136218208	0.9813768010062768	52856	52856
floyd_warshall	3	137412167	139881709	1.0179717855697596	52856	52856
floyd_warshall	4	137154333	140773917	1.0263905916847702	52856	52856
game_of_life	0	148131084	149746458	1.0109050305741367	52848	52848
game_of_life	1	148402875	147136292	0.9914652394705965	52848	52848
game_of_life	2	149916042	151407375	1.0099477879758858	52848	52848
game_of_life	3	149318666	151470125	1.014408506703375	52848	52848
game_of_life	4	153485541	151999333	0.9903169510931326	52848	52848
gcd_fib	0	122957500	128393209	1.0442080312303033	52848	52848
gcd_fib	1	127140666	124473291	0.9790202845091278	52848	52848
gcd_fib	2	126202542	126590208	1.0030717764781631	52848	52848
gcd_fib	3	125468292	126404875	1.007464698730417	52848	52848
gcd_fib	4	129825750	127170083	0.9795443739011713	52848	52848
image_convolution	0	145741792	148378250	1.0180899244054855	52856	52856
image_convolution	1	145000750	147963959	1.0204358184354219	52856	52856
image_convolution	2	143782959	145755417	1.0137183016243254	52856	52856
image_convolution	3	144853667	148365084	1.0242411329497099	52856	52856
image_convolution	4	145890916	146872667	1.0067293497560876	52856	52856
knapsack	0	136251000	186265084	1.3670731517566843	52848	52848
knapsack	1	134437459	138699625	1.0317037084135903	52848	52848
knapsack	2	140351833	137084667	0.9767216007788085	52848	52848
knapsack	3	136147916	134006583	0.9842720104507512	52848	52848
knapsack	4	177465792	138930208	0.7828562701255688	52848	52848
matrix	0	135367208	134639875	0.9946269631268453	52880	52880
matrix	1	140775125	134893083	0.9582167517166119	52880	52880
matrix	2	132060000	129989583	0.9843221490231713	52880	52880
matrix	3	132171333	131295250	0.9933716110739385	52880	52880
matrix	4	135510292	134941542	0.9958029018194426	52880	52880
merge_sort	0	141690625	142223125	1.0037581879535078	52912	52912
merge_sort	1	142435584	140024125	0.9830698275509581	52912	52912
merge_sort	2	142325666	145587500	1.0229181010823445	52912	52912
merge_sort	3	140418958	142787709	1.0168691680506559	52912	52912
merge_sort	4	141270916	140720458	0.9961035291935108	52912	52912
n_queens	0	140078334	147584583	1.0535860813421725	52880	52880
n_queens	1	147573333	142055834	0.9626118155100556	52880	52880
n_queens	2	146676084	144966334	0.9883433620984864	52880	52880
n_queens	3	148960708	150735584	1.011915061520787	52880	52880
n_queens	4	163354916	145582208	0.8912018784913703	52880	52880
prefix_sum	0	129146875	127583291	0.9878929784402449	52848	52848
prefix_sum	1	127084083	126950958	0.9989524651958184	52848	52848
prefix_sum	2	130344291	130007208	0.9974139028459635	52848	52848
prefix_sum	3	134842458	131230208	0.9732113308109527	52848	52848
prefix_sum	4	130625500	129862667	0.9941601524970239	52848	52848
records	0	125174792	125140209	0.9997237223290133	52848	52848
records	1	125462875	126645875	1.0094290841015718	52848	52848
records	2	125038792	129741500	1.0376099922654403	52848	52848
records	3	126550291	125365542	0.9906381171419036	52848	52848
records	4	146404833	126066125	0.8610789850086438	52848	52848
sieve	0	134247292	132759834	0.9889200148633166	52848	52840
sieve	1	134585000	131666083	0.9783117212170747	52848	52840
sieve	2	136061667	135020875	0.9923505861500286	52848	52840
sieve	3	130880875	132716292	1.0140235691425505	52848	52840
sieve	4	131610792	160715125	1.2211394108167057	52848	52840
signal_network	0	141314750	142178750	1.0061140114531568	53544	53544
signal_network	1	142850083	141883750	0.9932353346970054	53544	53544
signal_network	2	144434125	141091750	0.9768588275104654	53544	53544
signal_network	3	144374042	143455959	0.9936409413542636	53544	53544
signal_network	4	137511708	140770709	1.0236998074374875	53544	53544
state_machine	0	143809792	136486250	0.9490748029174536	53544	53536
state_machine	1	136896125	138386208	1.0108847712088271	53544	53536
state_machine	2	138631792	140828292	1.0158441290292202	53544	53536
state_machine	3	138608250	142370042	1.027139740960585	53544	53536
state_machine	4	140307750	136931542	0.9759371239293624	53544	53536
union_find	0	159203416	165537875	1.0397884615742166	52848	52848
union_find	1	163893250	163844834	0.9997045881999411	52848	52848
union_find	2	162601291	162531375	0.9995700157140819	52848	52848
union_find	3	165583709	164388750	0.9927833540677604	52848	52848
union_find	4	163700708	166513625	1.0171832915957821	52848	52848
variants	0	126581083	126777625	1.0015526964641313	52848	52848
variants	1	124075166	125404250	1.0107119260271633	52848	52848
variants	2	127104708	123303291	0.9700922408003958	52848	52848
variants	3	125291084	125912959	1.0049634417721216	52848	52848
variants	4	126334667	124800125	0.9878533577802521	52848	52848
