# schema=1; same-host process latency; one warmup per compiler/size; seven AB/BA pairs
# host=macos-aarch64; command=check; workload=generated-common-prefix-declarations
# compiler_0=build/slim-next-termination/baseline bytes=438800 fnv1a64=8ca8f5c1c9bcdd56
# compiler_1=build/toolchain/slimc bytes=438976 fnv1a64=79a08872d4b58c26
declarations	source_bytes	pair	order	compiler	check_ns
2000	106064	0	0	0	6465250
2000	106064	0	1	1	6653500
2000	106064	1	0	1	7456625
2000	106064	1	1	0	6651834
2000	106064	2	0	0	6550292
2000	106064	2	1	1	5981667
2000	106064	3	0	1	6117541
2000	106064	3	1	0	6129917
2000	106064	4	0	0	6028250
2000	106064	4	1	1	5936666
2000	106064	5	0	1	5898667
2000	106064	5	1	0	5847250
2000	106064	6	0	0	5383667
2000	106064	6	1	1	5972375
4000	212064	0	0	0	9260208
4000	212064	0	1	1	9834958
4000	212064	1	0	1	9054334
4000	212064	1	1	0	9774625
4000	212064	2	0	0	9114417
4000	212064	2	1	1	9244834
4000	212064	3	0	1	8887125
4000	212064	3	1	0	8918250
4000	212064	4	0	0	8879541
4000	212064	4	1	1	8722375
4000	212064	5	0	1	8971000
4000	212064	5	1	0	8935792
4000	212064	6	0	0	8661250
4000	212064	6	1	1	9019667
8000	424064	0	0	0	15734625
8000	424064	0	1	1	15858125
8000	424064	1	0	1	15285084
8000	424064	1	1	0	14825625
8000	424064	2	0	0	15563291
8000	424064	2	1	1	15516750
8000	424064	3	0	1	15731250
8000	424064	3	1	0	15457416
8000	424064	4	0	0	15499000
8000	424064	4	1	1	15756250
8000	424064	5	0	1	15512125
8000	424064	5	1	0	15235833
8000	424064	6	0	0	15456458
8000	424064	6	1	1	15840959
16000	848064	0	0	0	29161208
16000	848064	0	1	1	29154375
16000	848064	1	0	1	32849000
16000	848064	1	1	0	29787667
16000	848064	2	0	0	29432917
16000	848064	2	1	1	29434750
16000	848064	3	0	1	30354583
16000	848064	3	1	0	28844208
16000	848064	4	0	0	29355916
16000	848064	4	1	1	30001875
16000	848064	5	0	1	29380416
16000	848064	5	1	0	29281667
16000	848064	6	0	0	29042750
16000	848064	6	1	1	30537083
