# id	mode	source	selfhost	expectation	coverage
example-hello	run	examples/hello.slim	parity	exit=0;stdout=hello from SLIM\n;stderr=	example:hello
example-countdown	run	examples/countdown.slim	parity	exit=0;stdout=55\n;stderr=	example:countdown
example-data	run	examples/data.slim	parity	exit=0;stdout=42\n;stderr=	example:data
example-vector-sum	run	examples/vector_sum.slim	parity	exit=0;stdout=4950\n;stderr=	example:vector-sum
example-inout	run	examples/inout.slim	parity	exit=0;stdout=42\n;stderr=	example:inout
example-bytes	run	examples/bytes.slim	parity	exit=0;stdout=Hi\n;stderr=	example:bytes
scalars	run	conformance/pass/scalars.slim	parity	exit=0;stdout=42\n;stderr=	syntax:module,syntax:fn,syntax:call,syntax:let,syntax:comma,syntax:operators,syntax:if,type:Bool,type:I64,type:U8,type:Void,effect:io,entry:main-args,builtin:u8.to_i64,builtin:i64.to_u8,builtin:io.print_i64,builtin:io.println
storage	run	conformance/pass/storage.slim	parity	exit=0;stdout=OK\n;stderr=	type:Bytes,type:Vec,type:Arena,type:Id,effect:alloc,builtin:bytes.len,builtin:bytes.get,builtin:bytes.freeze,builtin:io.print_bytes,builtin:io.read_file,builtin:vec.new,builtin:vec.len,builtin:vec.get,builtin:vec.push,builtin:vec.set,builtin:arena.new,builtin:arena.add,builtin:arena.get,runtime:allocation
allocation-failure	allocation-fail	conformance/pass/storage.slim	parity	exit=71;stdout=;stderr=SLIM allocation failure: exhausted at allocation 2\n	runtime:allocation-failure,runtime:region-destruction
allocation-user-failure	allocation-fail	conformance/pass/lifetimes.slim	parity	exit=71;stdout=;stderr=SLIM allocation failure: exhausted at allocation 2\n	backend:retained-allocation-sites,runtime:allocation-failure
file-input	run	conformance/pass/file_input.slim	parity	exit=0;stdout=OK\n;stderr=	builtin:io.read_file
monotonic-clock	run	conformance/pass/monotonic_clock.slim	parity	exit=0;stdout=OK\n;stderr=	builtin:io.monotonic_ms,effect:io
tcp-exchange	check-pass	conformance/pass/tcp_exchange.slim	parity	-	builtin:io.tcp_exchange,effect:alloc,effect:io,host:bounded-network
structured-parallel	run	conformance/pass/structured_parallel.slim	parity	exit=0;stdout=OK\n;stderr=	syntax:parallel,parallel:explicit-region,parallel:race-free,parallel:deadlock-free
unused-function	run	conformance/pass/unused_function.slim	parity	exit=0;stdout=OK\n;stderr=	backend:unused-function
data	run	conformance/pass/data.slim	parity	exit=0;stdout=42\n;stderr=	syntax:struct,syntax:parenthesized-fields,syntax:dot,syntax:enum,syntax:double-colon,syntax:match,syntax:var,syntax:assignment
familiar-syntax	run	conformance/pass/familiar_syntax.slim	parity	exit=0;stdout=;stderr=	syntax:struct,syntax:parenthesized-fields,syntax:dot,syntax:enum,syntax:double-colon,syntax:match,syntax:if,syntax:var,syntax:assignment,syntax:comma,syntax:operators,type:Void,semantics:left-to-right
typed-temporaries	run	conformance/pass/typed_temporaries.slim	parity	exit=0;stdout=42\n;stderr=	backend:typed-fact-temporaries,backend:aggregate-links,syntax:parenthesized-fields,syntax:enum-case,syntax:match
record-wide	run	conformance/pass/record_wide.slim	parity	exit=0;stdout=42\n;stderr=	backend:aggregate-links,syntax:struct,syntax:parenthesized-fields,syntax:dot,type:canonical-record-fields
variant-local-match	run	conformance/pass/variant_local_match.slim	parity	exit=0;stdout=42\n;stderr=	backend:typed-links,syntax:let,syntax:match,type:variant
computed-variant-match	run	conformance/pass/computed_variant_match.slim	parity	exit=0;stdout=42\n;stderr=	backend:typed-fact-match,backend:computed-scrutinee,syntax:enum-case,syntax:match
variant-wide	run	conformance/pass/variant_wide.slim	parity	exit=0;stdout=42\n;stderr=	backend:aggregate-links,syntax:enum,syntax:enum-case,syntax:match,type:canonical-enum-order
recur	run	conformance/pass/recur.slim	parity	exit=0;stdout=55\n;stderr=	syntax:recur,effect:partial
exclusive-borrow	run	conformance/pass/inout.slim	parity	exit=0;stdout=42\n;stderr=	syntax:exclusive-parameter,syntax:exclusive-argument,ownership:exclusive-borrow
shared-borrows	run	conformance/pass/shared_borrows.slim	parity	exit=0;stdout=2\n;stderr=	syntax:plain-affine-parameter,syntax:at-mode,syntax:caret-mode,ownership:shared-borrow,ownership:shared-alias
ownership-modes	run	conformance/pass/ownership_modes.slim	parity	exit=0;stdout=;stderr=	ownership:call-boundary-transfer,ownership:owned-temporary,ownership:owned-forward,ownership:implicit-storage-move,ownership:exclusive-reborrow,ownership:exclusive-retained
lifetimes	run	conformance/pass/lifetimes.slim	parity	exit=0;stdout=OK\n;stderr=	ownership:lifetime,ownership:aggregate-move,ownership:frozen-view,runtime:region
nested-calls	run	conformance/pass/nested_calls.slim	parity	exit=0;stdout=0\n;stderr=	semantics:left-to-right,backend:nested-call-lowering
planned-allocation-calls	run	conformance/pass/planned_allocation_calls.slim	parity	exit=0;stdout=42\n;stderr=	backend:retained-allocation-sites,backend:nested-call-lowering,effect:alloc
direct-reduction	run	conformance/pass/reduction.slim	parity	exit=0;stdout=42\n;stderr=	analysis:direct-reduction,tool:reduce
reduction-preserves-effects	trap	conformance/pass/reduction_preserve.slim	parity	exit=70;stdout=kept\n;stderr=SLIM runtime trap: I64 addition overflow\n	analysis:effect-preservation,analysis:trap-preservation,ownership:aggregate-move
format	format	conformance/tool/format.slim	parity	-	tool:format
emit	emit	conformance/pass/scalars.slim	parity	-	backend:c11,tool:emit-deterministic
missing-effect	check-fail	conformance/fail/missing_effect.slim	parity	E0343@59:69	diagnostic:E0343,effect:enforcement
missing-clock-effect	check-fail	conformance/fail/missing_clock_effect.slim	parity	E0343@85:100	diagnostic:E0343,effect:io-enforcement
missing-tcp-effect	check-fail	conformance/fail/missing_tcp_effect.slim	parity	E0343@115:130	diagnostic:E0343,effect:io-enforcement
invalid-structured-parallel	check-fail	conformance/fail/invalid_structured_parallel.slim	parity	E0356@113:210	diagnostic:E0356,parallel:effectful-task-boundary
nonleading-structured-parallel	check-fail	conformance/fail/nonleading_structured_parallel.slim	parity	E0356@153:248	diagnostic:E0356,parallel:lexical-task-boundary
missing-alloc	check-fail	conformance/fail/missing_alloc.slim	parity	E0343@81:88	diagnostic:E0343,effect:alloc-enforcement
missing-partial	check-fail	conformance/fail/missing_partial.slim	parity	E0343@120:126	diagnostic:E0343,effect:partial-enforcement
use-after-move	check-fail	conformance/fail/use_after_move.slim	parity	E0315@174:180	diagnostic:E0315,ownership:move
aggregate-use-after-move	check-fail	conformance/fail/aggregate_use_after_move.slim	parity	E0315@282:286	ownership:aggregate-move,ownership:lifetime
frozen-source-use	check-fail	conformance/fail/frozen_source_use.slim	parity	E0315@216:222	ownership:frozen-view,ownership:lifetime
variant-use-after-move	check-fail	conformance/fail/variant_use_after_move.slim	parity	E0315@315:320	ownership:aggregate-move,ownership:lifetime
move-from-inout	check-fail	conformance/fail/move_from_inout.slim	parity	E0347@124:130	diagnostic:E0347,ownership:exclusive-no-move
inout-return	check-fail	conformance/fail/inout_return.slim	parity	E0347@65:71	ownership:exclusive-no-escape,ownership:lifetime
inout-temporary	check-fail	conformance/fail/inout_temporary.slim	parity	E0348@141:148	diagnostic:E0348,ownership:named-exclusive
inout-alias	check-fail	conformance/fail/inout_alias.slim	parity	E0349@175:181	diagnostic:E0349,ownership:no-alias
missing-exclusive-mode	check-fail	conformance/fail/missing_exclusive_mode.slim	parity	E0360@220:226	diagnostic:E0360,ownership:exact-argument-mode
unexpected-exclusive-mode	check-fail	conformance/fail/unexpected_exclusive_mode.slim	parity	E0360@203:209	diagnostic:E0360,ownership:exact-argument-mode
missing-owned-mode	check-fail	conformance/fail/missing_owned_mode.slim	parity	E0360@168:174	diagnostic:E0360,ownership:explicit-transfer
shared-mutation	check-fail	conformance/fail/shared_mutation.slim	parity	E0347@88:94	diagnostic:E0347,ownership:shared-read-only
shared-return	check-fail	conformance/fail/shared_return.slim	parity	E0347@66:72	diagnostic:E0347,ownership:shared-no-escape
shared-aggregate-escape	check-fail	conformance/fail/shared_aggregate_escape.slim	parity	E0347@115:121	diagnostic:E0347,ownership:shared-no-escape
shared-variant-escape	check-fail	conformance/fail/shared_variant_escape.slim	parity	E0347@138:144	diagnostic:E0347,ownership:shared-no-escape
shared-container-escape	check-fail	conformance/fail/shared_container_escape.slim	parity	E0347@129:135	diagnostic:E0347,ownership:shared-no-escape
shared-element-return	check-fail	conformance/fail/shared_element_return.slim	parity	E0347@96:103	diagnostic:E0347,ownership:shared-no-escape
shared-exclusive-overlap	check-fail	conformance/fail/shared_exclusive_overlap.slim	parity	E0349@257:263	diagnostic:E0349,ownership:no-alias
shared-owned-overlap	check-fail	conformance/fail/shared_owned_overlap.slim	parity	E0349@245:251	diagnostic:E0349,ownership:no-alias
owned-owned-overlap	check-fail	conformance/fail/owned_owned_overlap.slim	parity	E0349@189:195	diagnostic:E0349,ownership:owned-no-alias
owned-shared-overlap	check-fail	conformance/fail/owned_shared_overlap.slim	parity	E0349@190:196	diagnostic:E0349,ownership:owned-shared-no-alias
owned-exclusive-overlap	check-fail	conformance/fail/owned_exclusive_overlap.slim	parity	E0349@198:204	diagnostic:E0349,ownership:owned-exclusive-no-alias
recur-owned-overlap	check-fail	conformance/fail/recur_owned_overlap.slim	parity	E0349@112:116	diagnostic:E0349,ownership:recur-no-alias
move-from-shared	check-fail	conformance/fail/move_from_shared.slim	parity	E0347@121:127	diagnostic:E0347,ownership:shared-no-move
owned-projection-transfer	check-fail	conformance/fail/owned_projection_transfer.slim	parity	E0347@166:173	diagnostic:E0347,ownership:whole-owner-transfer
exclusive-container-escape	check-fail	conformance/fail/exclusive_container_escape.slim	parity	E0347@125:131	diagnostic:E0347,ownership:exclusive-no-escape
shared-local-escape	check-fail	conformance/fail/shared_local_escape.slim	parity	E0347@103:108	diagnostic:E0347,ownership:derived-shared-no-escape
shared-branch-return	check-fail	conformance/fail/shared_branch_return.slim	parity	E0347@86:88	diagnostic:E0347,ownership:branch-shared-no-escape
shared-branch-container-escape	check-fail	conformance/fail/shared_branch_container_escape.slim	parity	E0347@216:224	diagnostic:E0347,ownership:branch-shared-no-storage
shared-assignment-escape	check-fail	conformance/fail/shared_assignment_escape.slim	parity	E0347@140:146	diagnostic:E0347,ownership:shared-no-assignment
shared-variant-payload-return	check-fail	conformance/fail/shared_variant_payload_return.slim	parity	E0347@142:147	diagnostic:E0347,ownership:pattern-shared-no-escape
shared-variant-payload-mutation	check-fail	conformance/fail/shared_variant_payload_mutation.slim	parity	E0347@208:214,E0349@208:214	diagnostic:E0347,ownership:pattern-shared-read-only
exclusive-variant-payload-return	check-fail	conformance/fail/exclusive_variant_payload_return.slim	parity	E0347@146:151	diagnostic:E0347,ownership:pattern-exclusive-no-escape
derived-exclusive-alias-overlap	check-fail	conformance/fail/derived_exclusive_alias_overlap.slim	parity	E0349@190:196	diagnostic:E0349,ownership:derived-alias-no-overlap
conditional-borrow-overlap	check-fail	conformance/fail/conditional_borrow_overlap.slim	parity	E0349@250:254	diagnostic:E0349,ownership:conditional-alias-no-overlap
unexpected-owned-mode	check-fail	conformance/fail/unexpected_owned_mode.slim	parity	E0360@175:181	diagnostic:E0360,ownership:exact-argument-mode
missing-builtin-exclusive-mode	check-fail	conformance/fail/missing_builtin_exclusive_mode.slim	parity	E0360@134:140	diagnostic:E0360,ownership:builtin-exclusive-mode
missing-builtin-owned-mode	check-fail	conformance/fail/missing_builtin_owned_mode.slim	parity	E0360@153:159	diagnostic:E0360,ownership:builtin-owned-mode
unexpected-builtin-mode	check-fail	conformance/fail/unexpected_builtin_mode.slim	parity	E0360@127:133	diagnostic:E0360,ownership:builtin-exact-mode
copyable-parameter-mode	check-fail	conformance/fail/copyable_parameter_mode.slim	parity	E0360@43:48	diagnostic:E0360,ownership:copy-mode
removed-inout	check-fail	conformance/fail/removed_inout.slim	parity	E0102@39:45	diagnostic:E0102,syntax:removed-inout
recur-rebind	check-fail	conformance/fail/recur_rebind.slim	parity	E0350@98:103,E0350@106:110	diagnostic:E0350,ownership:recur-preserves-exclusive
nonexhaustive	check-fail	conformance/fail/nonexhaustive.slim	parity	E0336@58:87	diagnostic:E0336,match:exhaustive
type-mismatch	check-fail	conformance/fail/type_mismatch.slim	parity	E0344@53:57	diagnostic:E0344,type:strong
nested-type-mismatch	check-fail	conformance/fail/nested_type_mismatch.slim	parity	E0344@82:86	diagnostic:E0344,type:nested-annotation
call-arity	check-fail	conformance/fail/call_arity.slim	parity	E0351@109:112	diagnostic:E0351,type:call-arity
call-argument-type	check-fail	conformance/fail/call_argument_type.slim	parity	E0344@113:118	diagnostic:E0344,type:call-argument
unknown-field	check-fail	conformance/fail/unknown_field.slim	parity	E0352@145:152	diagnostic:E0352,type:record-projection
missing-field	check-fail	conformance/fail/missing_field.slim	parity	E0351@114:118	diagnostic:E0351,type:record-construction
variant-payload-type	check-fail	conformance/fail/variant_payload_type.slim	parity	E0344@128:133	diagnostic:E0344,type:variant-payload
match-arm-type	check-fail	conformance/fail/match_arm_type.slim	parity	E0344@86:91	diagnostic:E0344,type:match-result
set-type	check-fail	conformance/fail/set_type.slim	parity	E0344@82:87	diagnostic:E0344,type:mutation
unknown-name	check-fail	conformance/fail/unknown_name.slim	parity	E0314@57:64	diagnostic:E0314,type:binding-resolution
recur-arity	check-fail	conformance/fail/recur_arity.slim	parity	E0351@67:72	diagnostic:E0351,type:recur-arity
field-order	check-fail	conformance/fail/field_order.slim	parity	E0352@117:122	diagnostic:E0352,type:canonical-record-fields
duplicate-field	check-fail	conformance/fail/duplicate_field.slim	parity	E0352@130:134	diagnostic:E0352,type:duplicate-record-field
nonexhaustive-variant	check-fail	conformance/fail/nonexhaustive_variant.slim	parity	E0351@96:101	diagnostic:E0351,match:variant-exhaustive
variant-arm-order	check-fail	conformance/fail/variant_arm_order.slim	parity	E0352@109:113	diagnostic:E0352,match:canonical-variant-order
duplicate-variant-arm	check-fail	conformance/fail/duplicate_variant_arm.slim	parity	E0352@131:135	diagnostic:E0352,match:duplicate-variant-arm
boolean-match	check-fail	conformance/fail/boolean_match.slim	parity	E0344@64:68	match:enum-only,syntax:if
unknown-variant-case	check-fail	conformance/fail/unknown_variant_case.slim	parity	E0352@123:130	diagnostic:E0352,type:variant-case
variant-payload-arity	check-fail	conformance/fail/variant_payload_arity.slim	parity	E0351@124:128	diagnostic:E0351,type:variant-payload-arity
unknown-parameter-type	check-fail	conformance/fail/unknown_parameter_type.slim	parity	E0354@49:56	diagnostic:E0354,type:wellformed-parameter
unknown-record-type	check-fail	conformance/fail/unknown_record_type.slim	parity	E0354@49:56	diagnostic:E0354,type:wellformed-record
malformed-composite-type	check-fail	conformance/fail/malformed_composite_type.slim	parity	E0102@60:64	diagnostic:E0102,syntax:composite-type
main-parameter	check-fail	conformance/fail/main_parameter.slim	parity	E0355@26:30	diagnostic:E0355,entry:canonical-signature
main-return	check-fail	conformance/fail/main_return.slim	parity	E0355@23:27	diagnostic:E0355,entry:canonical-signature
unknown-form	check-fail	conformance/fail/unknown_form.slim	parity	E0314@57:63	diagnostic:E0314,type:unknown-callee
qualified-reference	check-fail	conformance/fail/qualified_reference.slim	parity	E0314@54:59	diagnostic:E0228,syntax:qualified-reference
unterminated	check-fail	conformance/fail/unterminated.slim	parity	E0102@76:76	diagnostic:E0102,recovery:malformed
tab-indentation	check-fail	conformance/fail/tab_indentation.slim	parity	E0103@58:59	diagnostic:E0103,syntax:tabs
odd-indentation	check-fail	conformance/fail/odd_indentation.slim	parity	E0104@58:59	diagnostic:E0104,syntax:indent-width
skipped-indentation	check-fail	conformance/fail/skipped_indentation.slim	parity	E0105@62:66	diagnostic:E0105,syntax:indent-level
trailing-comma	check-fail	conformance/fail/comma_syntax.slim	parity	E0109@87:88	diagnostic:E0109,syntax:comma
missing-comma	check-fail	conformance/fail/missing_comma.slim	parity	E0108@119:121	diagnostic:E0108,syntax:comma
leading-comma	check-fail	conformance/fail/leading_comma.slim	parity	E0109@81:82	diagnostic:E0109,syntax:comma
doubled-comma	check-fail	conformance/fail/doubled_comma.slim	parity	E0109@116:117	diagnostic:E0109,syntax:comma
discarded-non-void	check-fail	conformance/fail/discarded_non_void.slim	parity	E0357@63:69	diagnostic:E0357,type:Void
stored-void	check-fail	conformance/fail/stored_void.slim	parity	E0358@97:101	diagnostic:E0358,type:Void
void-parameter	check-fail	conformance/fail/void_parameter.slim	parity	E0358@41:45	diagnostic:E0358,type:Void
immutable-assignment	check-fail	conformance/fail/immutable_assignment.slim	parity	E0359@86:91	diagnostic:E0359,syntax:assignment
declaration-name-conflict	check-fail	conformance/fail/declaration_name_conflict.slim	parity	E0352@64:68	diagnostic:E0352,type:single-declaration-namespace
legacy-keywords	check-fail	conformance/fail/legacy_keywords.slim	parity	E0102@24:30	diagnostic:E0102,compatibility:no-legacy-parser
legacy-builtin	check-fail	conformance/fail/legacy_builtin.slim	parity	E0102@59:66	diagnostic:E0102,compatibility:no-legacy-alias
legacy-identifier	check-fail	conformance/fail/legacy_identifier.slim	parity	E0102@29:30	diagnostic:E0102,syntax:identifier
brace-syntax	check-fail	conformance/fail/brace_syntax.slim	parity	E0106@57:58	diagnostic:E0106,syntax:canonical-punctuation
semicolon-syntax	check-fail	conformance/fail/semicolon_syntax.slim	parity	E0106@62:63	diagnostic:E0106,syntax:canonical-punctuation
unterminated-string	check-fail	conformance/fail/unterminated_string.slim	parity	E0107@87:88	diagnostic:E0107,syntax:string
malformed-block	check-fail	conformance/fail/malformed_block.slim	parity	E0102@69:69	diagnostic:E0102,recovery:parser,syntax:block
empty-effects	check-fail	conformance/fail/empty_effects.slim	parity	E0102@63:64	diagnostic:E0102,effect:canonical
unordered-effects	check-fail	conformance/fail/unordered_effects.slim	parity	E0102@76:81	diagnostic:E0102,effect:canonical-order
tool-patch-non-program	check-fail	conformance/fail/tool_patch.slim	parity	E0102@1:2	tooling:nonexecutable-edit
multiple	check-fail	conformance/fail/multiple.slim	parity	E0336@53:110,E0314@81:88,E0335@93:110,E0344@105:110	recovery:multiple-diagnostics
overflow	trap	conformance/runtime/overflow.slim	parity	exit=70;stdout=;stderr=SLIM runtime trap: I64 addition overflow\n	runtime:overflow-trap
bounds	trap	conformance/runtime/bounds.slim	parity	exit=70;stdout=;stderr=SLIM runtime trap: vector index out of bounds\n	runtime:bounds-trap
subtraction-overflow	trap	conformance/runtime/subtraction_overflow.slim	parity	exit=70;stdout=;stderr=SLIM runtime trap: I64 subtraction overflow\n	runtime:subtraction-overflow-trap
multiplication-overflow	trap	conformance/runtime/multiplication_overflow.slim	parity	exit=70;stdout=;stderr=SLIM runtime trap: I64 multiplication overflow\n	runtime:multiplication-overflow-trap
division-zero	trap	conformance/runtime/division_zero.slim	parity	exit=70;stdout=;stderr=SLIM runtime trap: I64 division by zero\n	runtime:division-zero-trap
division-overflow	trap	conformance/runtime/division_overflow.slim	parity	exit=70;stdout=;stderr=SLIM runtime trap: I64 division overflow\n	runtime:division-overflow-trap
remainder-zero	trap	conformance/runtime/remainder_zero.slim	parity	exit=70;stdout=;stderr=SLIM runtime trap: I64 remainder by zero\n	runtime:remainder-zero-trap
u8-conversion-bounds	trap	conformance/runtime/u8_conversion_bounds.slim	parity	exit=70;stdout=;stderr=SLIM runtime trap: I64 value does not fit U8\n	runtime:u8-conversion-trap
bytes-bounds	trap	conformance/runtime/bytes_bounds.slim	parity	exit=70;stdout=;stderr=SLIM runtime trap: byte index out of bounds\n	runtime:byte-bounds-trap
vector-set-bounds	trap	conformance/runtime/vector_set_bounds.slim	parity	exit=70;stdout=;stderr=SLIM runtime trap: vector index out of bounds\n	runtime:vector-set-bounds-trap
local-move	check-fail	conformance/fail/local_move.slim	parity	E0315@198:204	ownership:move
aggregate-move	check-fail	conformance/fail/aggregate_move.slim	parity	E0315@234:240	ownership:move
collection-move	check-fail	conformance/fail/collection_move.slim	parity	E0315@233:239	ownership:move
assignment-move	check-fail	conformance/fail/assignment_move.slim	parity	E0315@220:226	ownership:move
branch-move-join	check-fail	conformance/fail/branch_move_join.slim	parity	E0315@229:235	ownership:move
branch-move-prefix	check-fail	conformance/fail/branch_move_prefix.slim	parity	E0315@212:218	ownership:move
branch-move-same-arm	check-fail	conformance/fail/branch_move_same_arm.slim	parity	E0315@215:221	ownership:move
nested-move-join	check-fail	conformance/fail/nested_move_join.slim	parity	E0315@263:269	ownership:move
branch-moves	run	conformance/pass/branch_moves.slim	parity	exit=0;stdout=;stderr=	ownership:move
inline-self-cycle	check-fail	conformance/fail/inline_self_cycle.slim	parity	E0354@36:40	type:finite-layout
inline-mutual-cycle	check-fail	conformance/fail/inline_mutual_cycle.slim	parity	E0354@66:70	type:finite-layout
inline-enum-cycle	check-fail	conformance/fail/inline_enum_cycle.slim	parity	E0354@39:43	type:finite-layout
inline-mixed-cycle	check-fail	conformance/fail/inline_mixed_cycle.slim	parity	E0354@66:70	type:finite-layout
recursive-collection-layout	run	conformance/pass/recursive_collection_layout.slim	parity	exit=0;stdout=;stderr=	type:finite-layout
conditional-move	check-fail	conformance/fail/conditional_move.slim	parity	E0315@231:235,E0315@247:252	ownership:move
conditional-same-owner-move	check-fail	conformance/fail/conditional_same_owner_move.slim	parity	E0315@210:215	ownership:move
conditional-assignment-move	check-fail	conformance/fail/conditional_assignment_move.slim	parity	E0315@237:242	ownership:move
conditional-prefix-move	check-fail	conformance/fail/conditional_prefix_move.slim	parity	E0315@245:250	ownership:move
conditional-prefix-borrow-escape	check-fail	conformance/fail/conditional_prefix_borrow_escape.slim	parity	E0347@91:93	ownership:exclusive-no-escape
conditional-result-moves	run	conformance/pass/conditional_result_moves.slim	parity	exit=0;stdout=;stderr=	ownership:move
parallel-borrow-escape	check-fail	conformance/fail/parallel_borrow_escape.slim	parity	E0347@222:227	ownership:exclusive-no-escape
parallel-owned-result	run	conformance/pass/parallel_owned_result.slim	parity	exit=0;stdout=;stderr=	ownership:move
nested-call-move	check-fail	conformance/fail/nested_call_move.slim	parity	E0349@582:587	ownership:no-alias
nested-call-mutation	check-fail	conformance/fail/nested_call_mutation.slim	parity	E0349@582:587	ownership:no-alias
nested-call-shared-then-mutation	check-fail	conformance/fail/nested_call_shared_then_mutation.slim	parity	E0349@605:610	ownership:no-alias
nested-call-aggregate-move	check-fail	conformance/fail/nested_call_aggregate_move.slim	parity	E0349@597:602	ownership:no-alias
nested-builtin-mutation	check-fail	conformance/fail/nested_builtin_mutation.slim	parity	E0349@582:587	ownership:no-alias
nested-builtin-exclusive-read	check-fail	conformance/fail/nested_builtin_exclusive_read.slim	parity	E0349@586:591	ownership:no-alias
loan-shared-nesting	run	conformance/pass/loan_shared_nesting.slim	parity	exit=0;stdout=;stderr=	ownership:no-alias
loan-mutation-before-borrow	run	conformance/pass/loan_mutation_before_borrow.slim	parity	exit=0;stdout=;stderr=	ownership:no-alias
loan-scalar-before-mutation	run	conformance/pass/loan_scalar_before_mutation.slim	parity	exit=0;stdout=;stderr=	ownership:no-alias
loan-independent-owner	run	conformance/pass/loan_independent_owner.slim	parity	exit=0;stdout=;stderr=	ownership:no-alias
loan-ends-at-call	run	conformance/pass/loan_ends_at_call.slim	parity	exit=0;stdout=;stderr=	ownership:no-alias
nested-call-loan-uaf	check-fail	benchmarks/reproducers/nested_call_loan.slim	parity	E0349@463:468	ownership:no-alias
loan-unknown-nested-mutation	check-fail	conformance/fail/loan_unknown_nested_mutation.slim	parity	E0349@349:355	ownership:no-alias
loan-unknown-nested-shared	run	conformance/pass/loan_unknown_nested_shared.slim	parity	exit=0;stdout=;stderr=	ownership:no-alias
loan-nested-freeze	check-fail	conformance/fail/loan_nested_freeze.slim	parity	E0349@210:215	ownership:no-alias
loan-scalar-field-before-mutation	run	conformance/pass/loan_scalar_field_before_mutation.slim	parity	exit=0;stdout=;stderr=	ownership:no-alias
loan-scalar-field-during-exclusive	check-fail	conformance/fail/loan_scalar_field_during_exclusive.slim	parity	E0349@236:242	ownership:no-alias
termination-bad-argument	check-fail	conformance/fail/termination_bad_argument.slim	parity	E0343@95:100	effect:partial
termination-bad-prefix	check-fail	conformance/fail/termination_bad_prefix.slim	parity	E0343@112:117	effect:partial
termination-direct	check-fail	conformance/fail/termination_direct.slim	parity	E0343@50:54	effect:partial
termination-mutual	check-fail	conformance/fail/termination_mutual.slim	parity	E0343@95:99	effect:partial
termination-out-of-domain	check-fail	conformance/fail/termination_out_of_domain.slim	parity	E0343@83:88	effect:partial
termination-unconditional	check-fail	conformance/fail/termination_unconditional.slim	parity	E0343@50:55	effect:partial
termination-unknown-step	check-fail	conformance/fail/termination_unknown_step.slim	parity	E0343@94:99	effect:partial
termination-wrong-controller	check-fail	conformance/fail/termination_wrong_controller.slim	parity	E0343@95:100	effect:partial
termination-zero-step	check-fail	conformance/fail/termination_zero_step.slim	parity	E0343@83:88	effect:partial
termination-declared	check-pass	conformance/pass/termination_declared.slim	parity	-	effect:partial
termination-proven	run	conformance/pass/termination_proven.slim	parity	exit=0;stdout=;stderr=	effect:partial
termination-declared-run	run	conformance/pass/termination_declared_run.slim	parity	exit=0;stdout=;stderr=	effect:partial
local-loan-independent	run	conformance/pass/local_loan_independent.slim	parity	exit=0;stdout=;stderr=	ownership:no-alias
local-loan-scalar	run	conformance/pass/local_loan_scalar.slim	parity	exit=0;stdout=;stderr=	ownership:no-alias
local-loan-scope-exit	run	conformance/pass/local_loan_scope_exit.slim	parity	exit=0;stdout=;stderr=	ownership:no-alias
local-loan-shared	run	conformance/pass/local_loan_shared.slim	parity	exit=0;stdout=;stderr=	ownership:no-alias
local-loan-sibling-scopes	run	conformance/pass/local_loan_sibling_scopes.slim	parity	exit=0;stdout=;stderr=	ownership:no-alias
local-loan-unknown-shared	run	conformance/pass/local_loan_unknown_shared.slim	parity	exit=0;stdout=;stderr=	ownership:no-alias
local-loan-assignment	check-fail	conformance/fail/local_loan_assignment.slim	parity	E0349@105:110	ownership:no-alias
local-loan-builtin	check-fail	conformance/fail/local_loan_builtin.slim	parity	E0349@115:120	ownership:no-alias
local-loan-nested	check-fail	conformance/fail/local_loan_nested.slim	parity	E0349@145:150	ownership:no-alias
local-loan-shadow	check-fail	conformance/fail/local_loan_shadow.slim	parity	E0349@136:141	ownership:no-alias
local-loan-unknown-move	check-fail	conformance/fail/local_loan_unknown_move.slim	parity	E0349@247:252	ownership:no-alias
local-loan-unknown-mutation	check-fail	conformance/fail/local_loan_unknown_mutation.slim	parity	E0349@191:197	ownership:no-alias
local-loan-uaf	check-fail	benchmarks/reproducers/local_borrow_loan.slim	parity	E0349@282:287	ownership:no-alias
local-loan-collection-move	check-fail	conformance/fail/local_loan_collection_move.slim	parity	E0349@176:181	ownership:no-alias
local-loan-collection-scope	run	conformance/pass/local_loan_collection_scope.slim	parity	exit=0;stdout=;stderr=	ownership:no-alias
local-loan-initializer	run	conformance/pass/local_loan_initializer.slim	parity	exit=0;stdout=;stderr=	ownership:no-alias
call-prefix-enum-case	check-fail	conformance/fail/call_prefix_enum_case.slim	parity	E0102@126:130	syntax:call-boundary
call-prefix-enum-open	check-fail	conformance/fail/call_prefix_enum_open.slim	parity	E0102@130:131	syntax:call-boundary
call-prefix-enum-separator	check-fail	conformance/fail/call_prefix_enum_separator.slim	parity	E0102@124:126	syntax:call-boundary
call-prefix-function	check-fail	conformance/fail/call_prefix_function.slim	parity	E0314@112:117	syntax:call-boundary
call-prefix-recur	check-fail	conformance/fail/call_prefix_recur.slim	parity	E0314@73:78	syntax:call-boundary
call-prefix-struct	check-fail	conformance/fail/call_prefix_struct.slim	parity	E0102@135:136	syntax:call-boundary
multiline-call-arguments	run	conformance/pass/multiline_call_arguments.slim	parity	exit=0;stdout=;stderr=	syntax:call-boundary
formatter-leading-group	run	benchmarks/reproducers/formatter_leading_group.slim	parity	exit=2;stdout=;stderr=	syntax:call-boundary
enum-collection-scope	run	conformance/pass/enum_collection_scope.slim	parity	exit=0;stdout=;stderr=	ownership:enum-match
enum-copyable-repeated	run	conformance/pass/enum_copyable_repeated.slim	parity	exit=0;stdout=;stderr=	ownership:enum-match
enum-empty-case	run	conformance/pass/enum_empty_case.slim	parity	exit=0;stdout=;stderr=	ownership:enum-match
enum-multiple-payloads	run	conformance/pass/enum_multiple_payloads.slim	parity	exit=0;stdout=;stderr=	ownership:enum-match
enum-owned-branches	run	conformance/pass/enum_owned_branches.slim	parity	exit=0;stdout=;stderr=	ownership:enum-match
enum-owned-multiple	run	conformance/pass/enum_owned_multiple.slim	parity	exit=0;stdout=;stderr=	ownership:enum-match
enum-owned-transfer	run	conformance/pass/enum_owned_transfer.slim	parity	exit=0;stdout=;stderr=	ownership:enum-match
enum-scalar-case	run	conformance/pass/enum_scalar_case.slim	parity	exit=0;stdout=;stderr=	ownership:enum-match
enum-scope-exit	run	conformance/pass/enum_scope_exit.slim	parity	exit=0;stdout=;stderr=	ownership:enum-match
enum-unknown-shared	run	conformance/pass/enum_unknown_shared.slim	parity	exit=0;stdout=;stderr=	ownership:enum-match
enum-after-match	check-fail	conformance/fail/enum_after_match.slim	parity	E0315@141:146	ownership:enum-match
enum-branch-join	check-fail	conformance/fail/enum_branch_join.slim	parity	E0315@187:192	ownership:enum-match
enum-collection-move	check-fail	conformance/fail/enum_collection_move.slim	parity	E0349@209:214	ownership:enum-match
enum-collection-mutation	check-fail	conformance/fail/enum_collection_mutation.slim	parity	E0349@168:173	ownership:enum-match
enum-inside-match	check-fail	conformance/fail/enum_inside_match.slim	parity	E0315@134:139	ownership:enum-match
enum-nested-match	check-fail	conformance/fail/enum_nested_match.slim	parity	E0349@282:287	ownership:enum-match
enum-origin-assignment	check-fail	conformance/fail/enum_origin_assignment.slim	parity	E0349@141:146	ownership:enum-match
enum-origin-call	check-fail	conformance/fail/enum_origin_call.slim	parity	E0349@237:242	ownership:enum-match
enum-payload-var	check-fail	conformance/fail/enum_payload_var.slim	parity	E0349@145:150	ownership:enum-match
enum-unknown-origin	check-fail	conformance/fail/enum_unknown_origin.slim	parity	E0349@262:268	ownership:enum-match
enum-borrowed-match-uaf	check-fail	benchmarks/reproducers/enum_borrowed_match.slim	parity	E0347@414:419,E0349@414:419	ownership:enum-match
enum-owned-match-uaf	check-fail	benchmarks/reproducers/enum_owned_match.slim	parity	E0315@533:538	ownership:enum-match
exclusive-assignment	run	conformance/pass/exclusive_assignment.slim	parity	exit=0;stdout=;stderr=	ownership:exclusive-assignment
exclusive-assignment-counted	run	conformance/pass/exclusive_assignment_counted.slim	parity	exit=0;stdout=;stderr=	ownership:exclusive-assignment
owned-field-alias	check-fail	benchmarks/reproducers/owned_field_alias.slim	parity	E0347@426:431,E0349@426:431	ownership:field-replacement
field-aggregate	check-fail	conformance/fail/field_aggregate.slim	parity	E0347@112:119	ownership:field-replacement
field-assignment	check-fail	conformance/fail/field_assignment.slim	parity	E0347@155:162	ownership:field-replacement
field-collection	check-fail	conformance/fail/field_collection.slim	parity	E0347@170:177	ownership:field-replacement
field-enum	check-fail	conformance/fail/field_enum.slim	parity	E0347@140:147	ownership:field-replacement
field-freeze	check-fail	conformance/fail/field_freeze.slim	parity	E0347@111:118	ownership:field-replacement
field-origin-assignment	check-fail	conformance/fail/field_origin_assignment.slim	parity	E0349@147:152	ownership:field-replacement
field-origin-move	check-fail	conformance/fail/field_origin_move.slim	parity	E0349@180:185	ownership:field-replacement
field-return	check-fail	conformance/fail/field_return.slim	parity	E0347@101:108	ownership:field-replacement
replacement-alias	check-fail	conformance/fail/replacement_alias.slim	parity	E0347@161:166	ownership:field-replacement
replacement-arity	check-fail	conformance/fail/replacement_arity.slim	parity	E0351@96:107	ownership:field-replacement
replacement-borrowed-rhs	check-fail	conformance/fail/replacement_borrowed_rhs.slim	parity	E0347@141:147	ownership:field-replacement
replacement-collection-place	check-fail	conformance/fail/replacement_collection_place.slim	parity	E0348@127:134	ownership:field-replacement
replacement-consumed-rhs	check-fail	conformance/fail/replacement_consumed_rhs.slim	parity	E0315@175:181	ownership:field-replacement
replacement-live-loan	check-fail	conformance/fail/replacement_live_loan.slim	parity	E0349@181:188	ownership:field-replacement
replacement-missing-mode	check-fail	conformance/fail/replacement_missing_mode.slim	parity	E0360@128:135	ownership:field-replacement
replacement-moved	check-fail	conformance/fail/replacement_moved.slim	parity	E0315@185:190	ownership:field-replacement
replacement-overlap	check-fail	conformance/fail/replacement_overlap.slim	parity	E0349@255:260	ownership:field-replacement
replacement-scalar	check-fail	conformance/fail/replacement_scalar.slim	parity	E0344@106:112	ownership:field-replacement
replacement-shared	check-fail	conformance/fail/replacement_shared.slim	parity	E0347@128:135	ownership:field-replacement
replacement-temporary	check-fail	conformance/fail/replacement_temporary.slim	parity	E0348@180:184	ownership:field-replacement
replacement-type	check-fail	conformance/fail/replacement_type.slim	parity	E0344@123:124	ownership:field-replacement
replacement-unknown	check-fail	conformance/fail/replacement_unknown.slim	parity	E0347@210:217	ownership:field-replacement
replacement-value-mode	check-fail	conformance/fail/replacement_value_mode.slim	parity	E0360@143:149	ownership:field-replacement
field-fresh-owner-shared	run	conformance/pass/field_fresh_owner_shared.slim	parity	exit=0;stdout=;stderr=	ownership:field-replacement
replacement-counted	run	conformance/pass/replacement_counted.slim	parity	exit=0;stdout=;stderr=	ownership:field-replacement
replacement-fields	run	conformance/pass/replacement_fields.slim	parity	exit=0;stdout=;stderr=	ownership:field-replacement,builtin:mem.replace
replacement-order	run	conformance/pass/replacement_order.slim	parity	exit=0;stdout=;stderr=	ownership:field-replacement
replacement-result-alias	run	conformance/pass/replacement_result_alias.slim	parity	exit=0;stdout=;stderr=	ownership:field-replacement
replacement-scope	run	conformance/pass/replacement_scope.slim	parity	exit=0;stdout=;stderr=	ownership:field-replacement
replacement-nested-calls	run	conformance/pass/replacement_nested_calls.slim	parity	exit=0;stdout=;stderr=	ownership:field-replacement
replacement-types	run	conformance/pass/replacement_types.slim	parity	exit=0;stdout=;stderr=	ownership:field-replacement
reinit-borrowed	check-fail	conformance/fail/reinit_borrowed.slim	parity	E0347@268:274,E0315@285:291	ownership:definite-reinitialization
reinit-immutable	check-fail	conformance/fail/reinit_immutable.slim	parity	E0359@177:183	ownership:definite-reinitialization
reinit-loan	check-fail	conformance/fail/reinit_loan.slim	parity	E0349@232:237	ownership:definite-reinitialization
reinit-moved-field	check-fail	conformance/fail/reinit_moved_field.slim	parity	E0315@297:302	ownership:definite-reinitialization
reinit-nested-missing	check-fail	conformance/fail/reinit_nested_missing.slim	parity	E0315@312:318	ownership:definite-reinitialization
reinit-one-arm	check-fail	conformance/fail/reinit_one_arm.slim	parity	E0315@243:249	ownership:definite-reinitialization
reinit-rhs-moved	check-fail	conformance/fail/reinit_rhs_moved.slim	parity	E0315@186:192,E0315@203:209	ownership:definite-reinitialization
reinit-wrong-type	check-fail	conformance/fail/reinit_wrong_type.slim	parity	E0344@187:188	ownership:definite-reinitialization
reinit-branches	run	conformance/pass/reinit_branches.slim	parity	exit=0;stdout=;stderr=	ownership:definite-reinitialization
reinit-enum	run	conformance/pass/reinit_enum.slim	parity	exit=0;stdout=;stderr=	ownership:definite-reinitialization
reinit-transfer	run	conformance/pass/reinit_transfer.slim	parity	exit=0;stdout=;stderr=	ownership:definite-reinitialization
reinit-original-witness	run	benchmarks/reproducers/ownership_reinitialization.slim	parity	exit=0;stdout=;stderr=	ownership:definite-reinitialization
reinit-results	run	conformance/pass/reinit_results.slim	parity	exit=0;stdout=;stderr=	ownership:definite-reinitialization
