file	sha256	bytes	lines	gzip_bytes
2026-09-05-slim-next-frontend-pair.tsv	a1304a2d47da884844a9ef05cf4e29856c835392d7fc9f94c943381cbe3d73f7	1927	61	734
2026-09-06-binding-identity-emission-pair.tsv	5260505fe6e02af91804929d64bbaf9d4bb5c59372ae736e6cee68b260d3ae2c	3450	44	1670
2026-09-06-binding-identity-frontend-pair.tsv	25d07b15344b6afa70f87005397924ef685fb06d294ff6fe6582c791abecdb37	1916	61	715
2026-09-06-binding-identity-native-changes.tsv	9253402b240d7fbe57dc4aa23a9c48eef653157adce372449567b898b2d52ef8	1472	22	454
2026-09-06-call-boundary-frontend-pair.tsv	ff615198a609b171f946d8e6ec9edafd8febfdfa78352be15603b6de338eb81b	1919	61	725
2026-09-06-enum-ownership-frontend-pair.tsv	1cae1f753b08b4647d18274388eb1e19da56248cd0fd4c28b98fbc9e1bce4bae	1918	61	738
2026-09-06-field-ownership-analysis-changes.tsv	a0642c85c49d7f2d1136e36c04ef667552eb2e8fa751350ff97865aa7e8643be	492	6	311
2026-09-06-field-replacement-frontend-pair.tsv	588bd5d3b56d64ee838b98964daca6e3bf0af7ffac3bfc0b573813a18a65cbb6	1910	61	728
2026-09-06-field-replacement-wide-facts-pair.tsv	aec52d303ab6569df46cbc26e902650e28c8cd5ee7f27d0689835e293135f949	1910	61	724
2026-09-06-local-loan-frontend-pair.tsv	45560ef0215417651ce852ddd4c16c0016afc3aa1a52b2546c9f207bb5103f86	1884	61	708
2026-09-06-m1-compact-retained-faults.tsv	cde5b8e14a80f63594e15671348de935a4770a0cf909da8272ebd46ae4261171	14495	514	1455
2026-09-06-m1-compact-retained-latency.tsv	68a043048f12a14bcd86598c94d3ed863610cdfcddab009431851aec88b8143b	21465	332	7424
2026-09-06-m1-compact-retained-native.tsv	7adc6a2374db6537ea293c97e8666b8213423adccb4d7d4fec572a14cf02d17f	927	22	463
2026-09-06-m1-compact-retained-storage.tsv	0ee5c65c6e3c5cc76b6f50f961b09b324f4451f50dcc61b48d49d67be02a5b44	315	4	258
2026-09-06-m1-compact-retained-work.tsv	a62a36d98726a80064db2d177066566c7bb71578157c7776bd7d7779b3cdac85	866	18	465
2026-09-06-m1-flow-default-check.tsv	438a00849bad11207cd341f96ae898720ca08a94e65622d7b693f05e60362ce7	2828	68	1307
2026-09-06-m1-flow-faults.tsv	d4990d2490fe6ef46f371a2b770fdde02fcdd96d0ec72f024b054adb0b8e42cb	19429	514	1727
2026-09-06-m1-flow-work.tsv	5e7b0c81a18da7a79c1f75aff0b803ac26eaeacf961bd448fed693161578993f	723	8	432
2026-09-06-m1-function-allocation.tsv	9c1e35bce6b26992dc5eeca25dd1b7d8834982e7a0e2b4687fc292e21414a676	1941	27	951
2026-09-06-m1-function-checking.tsv	8c4eaf48401bdbd847ea6ddcc6a229248f1d88169b280b822d8afdff30a0c4e9	6501	135	2591
2026-09-06-m1-function-faults.tsv	2ba1abd930830ec5db46c817544b8960f11cc763c687cd76c178b2890cf40429	2779	130	1053
2026-09-06-m1-function-work.tsv	44f37e41d4f8d3a0d49a4c8d29bc72bf9b4d4228b6ef8a39fb75f6c1d2f415a3	31387	559	3956
2026-09-06-m1-layout-faults.tsv	c98ee0091787c4e3f2def0073d881b1d38a446457e4279572488f0d8ef0d0e48	7142	258	1857
2026-09-06-m1-layout-order.tsv	b7075fe5f0bc8b1552a3fab0b47a6e91b809d91a1e31578ec39012843dd97145	9884	178	3195
2026-09-06-m1-layout-work.tsv	46d21115f0b33ee3d33b5bbe06b9ff73ef9c784001f04ece7c69547875fc7880	26585	409	3244
2026-09-06-m1-retained-typing-faults.tsv	985c7b160a52a2834b53bd8a5774b8eab3dffa890e662a28c4b4dc15b0ce12b2	14495	514	1454
2026-09-06-m1-retained-typing-latency.tsv	6a229eacd360c0c2e989c5a8ca36f3664465ce0d9b6c6ece0a248732d3d5b6bf	12605	200	4614
2026-09-06-m1-retained-typing-native.tsv	09723948c5e9c2322b2fad8d7785df90d294b08271e33dbe99b3999f6630206d	962	22	491
2026-09-06-m1-retained-typing-work.tsv	ea397c9aa74e1603df124617ae71ec321f3abdf969a3f3c0a59125c57cfa9bb0	866	18	464
2026-09-06-m1-revision-map-faults.tsv	2a1d6890584d2e8e2474600b2ee0f0e1545ac85c238296b3c6f98cb1b3631113	1531	132	502
2026-09-06-m1-revision-map-work.tsv	ba9e3887a9e2acb39340328e592333cd6227246d4970f8c005abcb12b7d41874	20531	308	1926
2026-09-06-m1-revision-maps.tsv	bd99c1a1e9ac1ed7216c0d1ad3b7d9774b861c90937c4928fdf1c7645b94522d	6542	150	2601
2026-09-06-m1-source-identities.tsv	cc469f290a0818809410118699d0e5d8bd4dcfc54d08e95531a8dacc7a7db371	2655	44	1077
2026-09-06-observed-compiler-work.tsv	21e80b3993eb6bc208980ed2ca55dda00117adbcdf4990ca033b662402979821	448132	7130	31227
2026-09-06-reinitialization-frontend-pair.tsv	1c9cdf2501ea66631110b805329a52c68fde6fa594d116b68025f100d771894f	1920	61	727
2026-09-06-reinitialization-ownership-pair.tsv	91bb8b880f55ee25a2303383476d8e8a68a94e308ca1e5203b28f6b731824a88	4472	116	1168
2026-09-06-termination-frontend-pair.tsv	60d68bfca8ebc7c4fb05d7a8eeff918c754b2cfcee4255e2a2477e46df75c80c	1884	61	709
2026-09-07-m1-byte-append-latency.tsv	b8a553862b326524c7e1536d26c37bd1f2ec0be87203ed48f63e512071cb248c	11264	222	4064
2026-09-07-m1-byte-literals-differential.tsv	6a0a3e7a4b8ec20d1ef3a912acd91bb9668a04ec40f1918166b32f938b247ca7	5944	98	1529
2026-09-07-m1-byte-literals-interrupted.log	cce3f8f881d6c65770d41a3e8c2cd93cd059c3de9f1b982c1ff92f6fd367d594	2183078	40582	152244
2026-09-07-m1-byte-literals-latency.tsv	8a6bf04c2174e9b9b7eba4f078f9da96c0451de4d22d0eef2b66fa37ae3741d8	29104	486	8811
2026-09-07-m1-byte-literals-remaining.log	956b7c9387ddc557141dc30fece86e4a15078c5847ff8999b76822e785bf1a71	89024	4700	12166
2026-09-07-m1-byte-literals-remaining.sh	55058f165a324efc499956ba42046fedc33b2e9e5d736ae43d2f39c17e1402c1	3282	70	1068
2026-09-07-m1-continuations-aggregate-graph.tsv	63cc51c074bbb64d83b35b8ace939d3c62e343fe3ae7e5b8dd4e292c49a34d73	5799	100	1566
2026-09-07-m1-continuations-aggregate-state.tsv	65db01ebe71baa0b24abd520a7521601755ac9453b85e1f9ff90141202e466e0	17164	297	3711
2026-09-07-m1-continuations-argument-domain.tsv	22ecb7bad9efd2383ed4712f2dd0016ebdff96e1e6648a4f085371e8362d059c	1248280	16042	247309
2026-09-07-m1-continuations-argument-exact.tsv	7aadee6ac9a54c1551e6ad6be9838bdf8466e677f6dba1f33572f5d6646f7389	6125	101	1648
2026-09-07-m1-continuations-argument-graph.tsv	28dd3317030c436a1144abd3db21d91c4804dbc31fa1796b8af8b3e94d3f41a9	5798	100	1561
2026-09-07-m1-continuations-argument-state.tsv	f391aafbb0ab12ebfdd07f45a73c40bcc29e794ba70dea6eb91dfc0fe84fa883	17163	297	3711
2026-09-07-m1-continuations-argument-top-additional-latency.tsv	fe395b9bb4ab2d31156f48f93b6ce93ac5152122eac056105f6c329a1e663ce0	20254	356	4473
2026-09-07-m1-continuations-argument-top-control.tsv	5d464114ddfdefc4e304e13efcc4b9665e7bfe5a15132e37ba288365997766b6	79103	1458	23326
2026-09-07-m1-continuations-argument-top-exact.tsv	973c95bff69721929c22e042dc48fb01bc56995e6b8eb31270aeb0291f09eee3	6129	101	1652
2026-09-07-m1-continuations-argument-top-graph.tsv	da0b5e484c87f0b49bd649dd651e8e2cac46945c50adb5902369bf84adf945f7	5802	100	1565
2026-09-07-m1-continuations-argument-top-initial-latency.tsv	8c4811b8ff6dd5116fe34523c12c3063d911b9184cf2a7b659d372dab8996fd4	27118	532	6583
2026-09-07-m1-continuations-argument-top-mutations.tsv	055a017e9348cb96ded78d33197c4dfa7aba2662c128e0140e04241254e88366	262651	1605	119013
2026-09-07-m1-continuations-argument-top-selfhost-latency.tsv	348a198272f195165cf268bf6fce4e11118510c8b41725b2b7cef3bad34f5d90	1046	26	490
2026-09-07-m1-continuations-argument-top-state.tsv	a0ee259439b3579ce122e9395321650e2e110be21172c47e0c28ac995f12daab	17167	297	3716
2026-09-07-m1-continuations-argument-type-focused-control.tsv	07116dd3013bb05e4df2920810072edb9452015acbf17830b3b8b2a909d83fc1	24384	404	7025
2026-09-07-m1-continuations-argument-type-graph.tsv	970b07ea9b7e1a71841425b3616d887a9bce069fe11f2081ab2c0886ec188bdc	5751	98	1526
2026-09-07-m1-continuations-argument-type-mutations.tsv	51abd8568af103c0858dac1f0bff412db0ab9b6419ec7bb50866d1bd570f800a	262600	1603	118973
2026-09-07-m1-continuations-argument-type-state.tsv	2bb053e207cf75097135d9ba78c7fa6d4eb461b774be1f7a3d8361d41f81c982	17116	295	3674
2026-09-07-m1-continuations-assignments-initial.tsv	d979e28e36a4a88fa34b8551df4e97b92e09cb98558b460cf0f1a006fc8e845a	13568	277	3869
2026-09-07-m1-continuations-atomic-additional-latency.tsv	4ec89d133dba0030d50b6dc88dcce11ef7b4016497304dd661e65ebcb0e3f54b	20228	356	4395
2026-09-07-m1-continuations-atomic-exact.tsv	a4c02772616b4ab83c89c9969266f11866837cd295e7d2228c71126bd84cee6b	6123	101	1649
2026-09-07-m1-continuations-atomic-graph.tsv	0b3d9f275fc99ed05edf3f3037f7c1411526026a52b9a434ec33f46e079a027b	5796	100	1564
2026-09-07-m1-continuations-atomic-initial-latency.tsv	22f277ef1892e6fd3fe78fc12fab730eee76b50f8aa6262895d7d6907dba83c7	27094	532	6488
2026-09-07-m1-continuations-atomic-mutations.tsv	03242ccfb45a25da274ca2dbd2d4f6739913d4fbd085f82c1775ec1227c7a5e9	262645	1605	119011
2026-09-07-m1-continuations-atomic-sanitized-mutations.tsv	03242ccfb45a25da274ca2dbd2d4f6739913d4fbd085f82c1775ec1227c7a5e9	262645	1605	119011
2026-09-07-m1-continuations-atomic-selfhost-latency.tsv	7fb03687a1799d50cd19f6f3a5d895e0336b291187c556325cf304277cc6ff9f	1040	26	488
2026-09-07-m1-continuations-atomic-state.tsv	fee6aae6723c89965879663de6afb2e6dc492b83880e6f7ae118b4e4cd8d079c	17161	297	3714
2026-09-07-m1-continuations-bindings-initial.tsv	a6384dcf65f527985ff980eb18fef3215714d645fa8b6c141fcdd27d4a70cc29	9186	189	2857
2026-09-07-m1-continuations-branch-graph.tsv	6a20de1c0492d10f08a0e9434d1d5a3f1f3a19b306c1beb1ea53f62120eb9b34	5796	100	1559
2026-09-07-m1-continuations-branch-initial-latency.tsv	4e5924896c25f4d9b5d8848d958fb4c5f59029f9064d19396fc0c3a8ce8a45b7	21881	444	5481
2026-09-07-m1-continuations-branch-state-faults.tsv	5ffebd41791eb40b1f082593688c25efe3014cc916d5aa2669cee3c4336d2f35	48825	1028	2782
2026-09-07-m1-continuations-branch-state.tsv	37113baea1945f2352df87ac763e56c04eb32c2bac38e28055e5e947c88cbcde	17161	297	3711
2026-09-07-m1-continuations-branch-top-graph.tsv	518d9cfc98062681b749ba35fafe5fb6c0b8ded4bfa6e8942178fae89402528e	5800	100	1566
2026-09-07-m1-continuations-branch-top-initial-latency.tsv	d804c11252ddb2b700f92033af2811f37ee80a1f9a75ba0f6f644ae7ead86daf	27102	532	6547
2026-09-07-m1-continuations-branch-top-state.tsv	76625b6a7adeb5ab5b525ce225531123adc06af55c857a89904e310f9d32ce89	17165	297	3715
2026-09-07-m1-continuations-builtin-exact.tsv	5909e004b40db93ac6d0cdb627a7405350a6d943bd38e716f217296dca631351	6124	101	1649
2026-09-07-m1-continuations-builtin-graph.tsv	d500bce0c2096edc5084a997ebc0f2d8af4ca9cec133333e16385b1db5191b98	5797	100	1565
2026-09-07-m1-continuations-builtin-initial-latency.tsv	fb51481c94e5e38b45bbb93a636868b70ae304a5077785c69df5c91ea9677724	27101	532	6539
2026-09-07-m1-continuations-builtin-state-faults.tsv	9ea46ae1754fbf82fff305c981dabce216aec89bf2c05487173cb5e672152900	48834	1028	2783
2026-09-07-m1-continuations-builtin-state.tsv	bf26ed4aefdfca86294adfde76195e879bda582065ad81cf2e094ec47e8e773b	17162	297	3712
2026-09-07-m1-continuations-builtin-work.tsv	1e662d8cf77b15d043c27648a6e3fa4bf9e0b3257d164851e967a0325b68f092	1886131	33479	103854
2026-09-07-m1-continuations-completion-additional-latency.tsv	8da2479a2b0dc64478ac78b6e5b983bf6ced731840c9022f4d5625f1d41f27f5	20233	356	4375
2026-09-07-m1-continuations-completion-graph.tsv	48b47ce94b1d1daef85dcb5fe4c4b4de0b81b0357dc44e9c68279556f3ebea12	5800	100	1562
2026-09-07-m1-continuations-completion-initial-latency.tsv	346966f49b8adc09bb69c9658478deaa2af372c6d9580eed79cc3603037a0cb8	27104	532	6515
2026-09-07-m1-continuations-completion-selfhost-latency.tsv	218f01dfcbd0e9a8b54c888fe93faea070eb2fda016015f0f80869aa89114c2d	1044	26	488
2026-09-07-m1-continuations-completion-state.tsv	f59974bb768d76dd7021333e9ff9a69da37f5a90d01d31c62456ec2d77bc9be7	17165	297	3711
2026-09-07-m1-continuations-dispatch-graph.tsv	31dc7b9ff53c8ddcdc6450aec987d764304b2bbd5501b31fab61358e94a0f074	5798	100	1565
2026-09-07-m1-continuations-dispatch-initial-latency.tsv	8eeb54f24a9a280a073edb11155c25726c0ada7ad24164c340c49b00a50de56e	27093	532	6515
2026-09-07-m1-continuations-dispatch-state.tsv	139f32fda0b0efb5d3af68ed97d163730e77c8ae421aeae6f29e66d1db0b1ec3	17163	297	3715
2026-09-07-m1-continuations-faults.tsv	1c8fe0e00532c124d15b04c0a5e77815117be64328db9df6eb2873abfbfd5458	49367	1033	3206
2026-09-07-m1-continuations-inline-initial.tsv	1f0b07e67d1804db3c06e1860aa0a47a235409adc530c5f913095a686ba18927	13568	277	3869
2026-09-07-m1-continuations-operand-modes-focused-control.tsv	8ea9e4e5ecbb7aa07c52774bf29dfc202f389fe72990123fa5a011bd444d1c7d	24386	404	6997
2026-09-07-m1-continuations-operand-modes-graph.tsv	f16f014105a84d4d488a9798c6c63a1b9eaf0295eca6165ee4cd57f1b4780f30	5751	98	1527
2026-09-07-m1-continuations-operand-modes-mutations.tsv	6f263560d1f8de087d9fc5b9dff0fa6ae71c8a7becfc48e2c7f53184520e93ff	262600	1603	118970
2026-09-07-m1-continuations-operand-modes-state.tsv	2151a00305e6b2b347783deec4c70b36ab00c97845009472bca97cd219eab7b3	17116	295	3674
2026-09-07-m1-continuations-root-completion-control.tsv	bc39b5bb5756cf8084e8bd4b955c82b863c58919392fcfe83d565c98cf73a50f	88221	1469	24506
2026-09-07-m1-continuations-root-completion-exact.tsv	43efb9add1fbf2d48020be075cc711f9dc192d0be81699e744300c097371f1f7	6132	101	1654
2026-09-07-m1-continuations-root-completion-gates.tsv	5eccaa94174ae048540b5ad1b271033c3655a6fadc33ce67d54b1a4e3dc6d3df	1669	21	603
2026-09-07-m1-continuations-root-completion-graph.tsv	029c9fd71c8cf3c7c43a6a87ae2cca80d29df62f530e63a7de4c0e3f5e9a69eb	5805	100	1568
2026-09-07-m1-continuations-root-completion-mutations.tsv	89270a00c6c9caf4aef8e60d5095eebacc1d3fd339f834b61da8dd173763529d	262654	1605	119018
2026-09-07-m1-continuations-root-completion-resources.tsv	6e0cbaceda6ccc51bc9e0eafeae90d3aee5baddac6abe47d5ae2da13ad399043	59192	1017	7910
2026-09-07-m1-continuations-root-completion-sanitized-work.tsv	8ec4593d71a3e3597385b06c9103d524834d8d9c3f0c0a6f6b6b4aee185a5f5a	135051	3459	9766
2026-09-07-m1-continuations-root-completion-session.tsv	7aee1f8b83cb3cdea19d4eb7188cd4136f2a61d08d593ea82e22614a183c9e99	267344	6929	26138
2026-09-07-m1-continuations-root-completion-state.tsv	955a673be5310ae5621737558792a54476fa59be476226b56eb08f58d37f5ba7	17170	297	3718
2026-09-07-m1-continuations-root-completion-work.tsv	35ce1e8fe5364c73ce8b8a1854b0e41e4e38c64e780c43b681cbe5a41b50dedb	1974193	35107	107434
2026-09-07-m1-continuations-scalar-additional-latency.tsv	569bf458bf63b6b57c57534d9481b96d9c054dba589862b0676b8cf52d979936	20228	356	4366
2026-09-07-m1-continuations-scalar-graph.tsv	df12cf32c0c50a3fcb2f0acb8cad53a2e095f37153d1b7649a51361c1fb27be3	5796	100	1563
2026-09-07-m1-continuations-scalar-initial-latency.tsv	e675e266b5dea7958cca7b0f2429b7ac1048ce22887df349b39cf9af9e660d41	27100	532	6528
2026-09-07-m1-continuations-scalar-mutations.tsv	be137d90d918cedd0c83ff860f896a22064423c52442db16b57776b1e910f8d7	262645	1605	119014
2026-09-07-m1-continuations-scalar-selfhost-latency.tsv	57f9c1328eab2228f43b7331abd050f072eaa7288bd6afc965ca2cb663609ba9	1040	26	483
2026-09-07-m1-continuations-scalar-state.tsv	d23d01d853cbc360cc4697f70e243f57d4c39048b68a0554308b95545282ed51	17161	297	3712
2026-09-07-m1-continuations-scope-graph.tsv	41ea28db310d93b093c5bb8f89b3ac114006b83fb3a21da57d22b4af4e97346f	5795	100	1560
2026-09-07-m1-continuations-scope-initial-latency.tsv	0a9aae5216d22b1dc716b0b3142eeddf1a560720cea64ebd3a3eaca1d890922e	27096	532	6524
2026-09-07-m1-continuations-scope-state.tsv	04f7c57ed575f5084c776607cdcf508d25ac18910e8795ebd4c1cad0d4d9a5c5	17160	297	3710
2026-09-07-m1-continuations-single-read-control.tsv	ceda7da6dd5978f31b9200fa514c1121473234884c2c8ea6c924cff53cb64547	88170	1469	24236
2026-09-07-m1-continuations-single-read-graph.tsv	008be12a7518c44da928f93a740c4cbae2b527f0179a0b2c99ce09b02af35f80	5790	100	1564
2026-09-07-m1-continuations-single-read-state.tsv	19fab501cbe920bd6988dd56ee07e1ed283eaacb34ceb483e0cb9c904b1474e1	17155	297	3714
2026-09-07-m1-continuations-state.tsv	099847c6d8ef40cd16d000b0c4f13d200145eee65a9fe36071818b7875074ce8	17706	302	4041
2026-09-07-m1-continuations-token-read-backend.tsv	8464ad6ef1e2ffe4e54a3db597913abbd0a1dcc905e8c7e90ce999c4ed65f411	7141	107	2907
2026-09-07-m1-continuations-token-read-checkpoint-gates.tsv	5cfbeed4dd1b5be55932e9ebd145f680cf059bab1ee28743f6bfed5b9bee1ce7	8088	91	2650
2026-09-07-m1-continuations-token-read-exact.tsv	6a0a3e7a4b8ec20d1ef3a912acd91bb9668a04ec40f1918166b32f938b247ca7	5944	98	1529
2026-09-07-m1-continuations-token-read-focused-control.tsv	4b952b5915e435f92e2ff25e321dd51cec61dbc50c5ac517464b2669f1822687	24372	404	7009
2026-09-07-m1-continuations-token-read-frontend.tsv	cf979510dda9c51cf97275e8a08c4fec6d7c2de4be478156097fc36b59de24cb	3869	62	1629
2026-09-07-m1-continuations-token-read-functions-confirmation.tsv	1e6ae64bbd3e8b8730e13f00a5dc3b515b8ab24c0cb64fd5b3f6d6b4e5c4c1fa	7507	126	2287
2026-09-07-m1-continuations-token-read-geometric-control.tsv	66b08f063f0940f4a38711f62de4d94878bd648f44f879cccb78dddff374dbf0	89911	1485	24936
2026-09-07-m1-continuations-token-read-graph.tsv	379ce8f72140d1761bf7043fe9b858e2d8027b3e267e7974c82792c12b7f6fef	5751	98	1526
2026-09-07-m1-continuations-token-read-mutations.tsv	345d6798fb13959b33ae95b1fdf78be30517fad5b3b9aa332bae318887c3d645	262600	1603	118968
2026-09-07-m1-continuations-token-read-native.tsv	5477adf72d2716d592c77f22b683405f2173fbcafba9e09d2a8081266ff0f504	3068	27	1516
2026-09-07-m1-continuations-token-read-nested-control.tsv	50833fa1b45bf74a4665e7ef18e8f9b57fa848804b87da0c4a8beafcaf62a477	71059	1189	18789
2026-09-07-m1-continuations-token-read-remaining-gates.tsv	abfe6f8f56e349c69bfdf765b02b8899e6200debf546627785b0c3661f245718	355144	11618	38105
2026-09-07-m1-continuations-token-read-repeat-aggregate_functions-4000-check.tsv	e79164cd2814f3a1c8bda610b2d458581be0bea3ca2b88e67ea6f0f9c3a54767	5180	72	1535
2026-09-07-m1-continuations-token-read-repeat-branches-2000-check.tsv	47dab91b3e8bc9f1c4ba87524fb78dc7616599ae99fedad1671839417c6af48f	4443	72	1519
2026-09-07-m1-continuations-token-read-repeat-functions-4000-check.tsv	cb49313efbeb59b3ca58418bfe83a984733b97bd818c40a0b51ffec94df7fd8f	4510	72	1504
2026-09-07-m1-continuations-token-read-repeat-nested_aggregates-8-check.tsv	121778590123fce0def2e1a7ce58bd2b25bc32a24028b3b590df2a682e51da6b	4647	72	1461
2026-09-07-m1-continuations-token-read-repeat-nested_assignments-32-check.tsv	e66d6542abd5b35c37f86575c3cefa9ee490f273a63b6b8448dca987883fa8f0	4781	72	1463
2026-09-07-m1-continuations-token-read-repeat-nested_branches-8-emit.tsv	142fefa5fba9ab2e47d95f7ec4da05d847cb3ff41b5d68588529d9621bee250a	4447	72	1459
2026-09-07-m1-continuations-token-read-repeat-nested_calls-8-emit.tsv	d61190471d966d1dab878049bbc31d099ae3a3422e9ab996f6bd6a61d60dadde	4246	72	1436
2026-09-07-m1-continuations-token-read-repeat-recurrence_functions-125-check.tsv	768027ed5f4d0f0f1c67c3226b57fad55e4036e9feefd88055c7089d4c35f9b2	4982	72	1486
2026-09-07-m1-continuations-token-read-repeat-recurrence_functions-4000-emit.tsv	deb837c9be0bdfa165bdde01efcab693aa38d77bd923f22dae535a17c9669684	5181	72	1561
2026-09-07-m1-continuations-token-read-repeat-selection.tsv	f2d39c6f827e001e8d81290a041beac1b744dac1c53ce6460172998c17d53097	676	11	362
2026-09-07-m1-continuations-token-read-repeat-spine-125-emit.tsv	a576cc1351e120f1e1566c2a8a7e78c20d1bb6daea36ee3deb5a41ba4ba971ad	3911	72	1418
2026-09-07-m1-continuations-token-read-resources.tsv	4687a66bfe4cd0d5a2fb437a9d509a25a776abc24718f519d05365b5525f09bf	59001	1014	6417
2026-09-07-m1-continuations-token-read-retained-gate.tsv	be9a67fa16bc82c3e603e36ae272f4e2264625affe86e7834f1b84c9be444cab	28235	1025	2539
2026-09-07-m1-continuations-token-read-retained-project-gate.tsv	e29bdcbe1218d7ef8f60ab2afea9ba345d2eae01c7c6b5e481d9b578ac12f047	73342	2049	5175
2026-09-07-m1-continuations-token-read-retained-window.tsv	a6da1633f8551695aa73517416d9dcc2999239d246014e8665fbd19072994261	878	12	389
2026-09-07-m1-continuations-token-read-runtime.tsv	a30561db3ace368216787db311fe825c8868e9fdc670faca8e5900e3098a7eb8	11346	227	5076
2026-09-07-m1-continuations-token-read-session-confirmation.tsv	b0f687f0042652e18a902d22a567695b8c4cd7eb91798aadfc20ab523ea98a2f	2435	71	1161
2026-09-07-m1-continuations-token-read-session-latency.tsv	16877051b26d9cc302782e1464bb557496b7df205e7278ac914f45c7233eea9e	46448	662	14577
2026-09-07-m1-continuations-token-read-state.tsv	2ad6bfc65ce05fad762e6ca54b8db0be61e7991ab98d6044d0f535758a747177	17116	295	3674
2026-09-07-m1-continuations-token-read-work-gate.tsv	e33e29dfe905f0dc1254bae958b2fa6d1a228c89088d61779610178c3b888b14	1736654	27708	101724
2026-09-07-m1-continuations-unary-graph.tsv	d15237e6d8dc453220e6966bf5811870d7a88295a748761bb0cd1a5babdef230	5795	100	1564
2026-09-07-m1-continuations-unary-initial-latency.tsv	da07762efa1e8ce6769dcb97a1f280cad4e880ebc6008cc1b613e44d8cc3c423	27099	532	6535
2026-09-07-m1-continuations-unary-state-faults.tsv	62532a26a8d2a81ff2e7eb6eac72983322bb9f53977756232ae53df76c54282c	48824	1028	2787
2026-09-07-m1-continuations-unary-state.tsv	c4ad805d7b345bf93c9f302c691186864c3adfeb20c799b5eac2525429a7e7aa	17160	297	3713
2026-09-07-m1-fragments-backend-confirmation.tsv	ea4fac9cb8bb136b05fa9b7db6b847fa77b18098e7e0f709f875edb05c71827e	4100	74	1801
2026-09-07-m1-fragments-backend.tsv	d9bea30e394fafde2f058b6229b33124266ca5004e9c19ef3317c59d3202548b	7136	107	2956
2026-09-07-m1-fragments-final-resources.tsv	b244371ce73972025a5ea0d1daf16a789b55e763a11a157e1d5a77541c0a207d	3965	77	1284
2026-09-07-m1-fragments-frontend.tsv	ed1546faaf51f951fed51e4e649d6d6cdcf52b5d43510a693a0d08478a7716aa	3894	62	1694
2026-09-07-m1-fragments-gates.tsv	a32f3ed7234dd6e4966b2bb6510ca11136d8ef91c7e4293f1377a335fa81d708	1668	23	777
2026-09-07-m1-fragments-initial-session-latency.tsv	c8277d6aea106ea1113719f86a61ae66f005f2b900e14c5fea636b16acf121fa	46391	662	14614
2026-09-07-m1-fragments-native-confirmation.tsv	f7e1328c35ad1f4b9f5bee3d75d0ea17c510f75e1ff2b079412797fb673b1da7	3666	74	1580
2026-09-07-m1-fragments-native.tsv	a00867cf0928bafe032227da89a76c5be4099a6badeea67b8de9603139f1de84	3068	27	1551
2026-09-07-m1-fragments-refined-resources.tsv	d54f33b1601c920c6c9cd4f5d4ded713db0b6350534cedcb7ad4232ef0a15089	3760	76	1074
2026-09-07-m1-fragments-refinement-latency.tsv	a3a15ac802884be67458948709914fb92d33251aa170f026aeb361ca3c1617dc	69457	1089	18276
2026-09-07-m1-fragments-runtime.tsv	68428081c6c3d39dc5f0ff5812f1667878fe3a6ccaf5996d5e5fd21056422434	11362	227	5203
2026-09-07-m1-fragments-session-latency.tsv	596497f9badbe42af6073671f5b5ebf1e6fbfff58d86c4fcf0b9e976cde04c37	46445	662	14654
2026-09-07-m1-fragments-work.tsv	0a9e1c99b8096a9ac7b5b7ca5e154baa834af8f3ba58893dad747efa9e92c10d	1736926	27709	101908
2026-09-07-m1-input-baseline-record-width.tsv	fee4e27849962ebf2d66242ab67168d89a5341ca5efd28da498fc958f2abce44	125	3	128
2026-09-07-m1-input-clean-latency.tsv	e3d6635ebdc45257a2ab9df906e18961fa4f05fff08a6c4680d65b0fc30b0aa9	29610	486	8723
2026-09-07-m1-input-clean-lazy-latency.tsv	6f12e8512574eafb87428de1c47dc5885dc7b7a7de99c535f2b48607ecd830f0	29654	486	8655
2026-09-07-m1-input-final-governance.log	abf387e1700d3381d8bf1128c754561c9b944b442787f63d35a477fd470aa667	152	3	141
2026-09-07-m1-input-latency-empty-repeat.tsv	9c2e3b9d01d90d673b1135f5936677835c675bfe85b86fd68b1de4310b11d1a2	14047	209	3598
2026-09-07-m1-input-latency-lazy-repeat.tsv	af395cb7eba3f89d0df2c72633241a7ace553fa984d47c85e3eed8ee149ab245	13911	209	3624
2026-09-07-m1-input-latency-repeat.tsv	2691baa30ae25669f4bf89a02817fd07a292f077d7e5a9ed52d9bf76d1fa779c	37140	554	9653
2026-09-07-m1-input-lazy-backend.tsv	405732e780dcff6a4faae8e5ff7714be60b6b1245101d1fe4273a952316f5b26	7159	107	2924
2026-09-07-m1-input-lazy-frontend.tsv	30c13d51e0c2cedf1db9847901ca50523b50b11a8c4c1a45cca85010291c7180	3899	62	1666
2026-09-07-m1-input-lazy-native.tsv	b683901f49d5112adca8ce35911b301a738d6de7703311eb5693b198ad28cbb2	3101	27	1537
2026-09-07-m1-input-lazy-runtime.tsv	6320a30a60e6564e07650bf0eed90d58c347f52b05128ed9e24af1442495c7d5	11369	227	5091
2026-09-07-m1-input-observed.tsv	6f1835a18e7eeb3ebcef2bc1766adcc201029c3f0b5715cf582408d80cc54394	119	7	112
2026-09-07-m1-input-previous-observed.tsv	64fb8cff3f677088579378da9fa8668141da9e59b7d5be6e6b729d778371f90c	230	13	168
2026-09-07-m1-input-record-widths.tsv	76b57f2e7f48736e65398c1f6e4ee53f375228d3907a0da8b811c3fd75b95452	395	14	282
2026-09-07-m1-input-reproduction.json	45a9a14bcfcd0943f8877a8af8bb62c7ba5466d1f515b299ea67cc1ea55dde2e	343803	594	65478
2026-09-07-m1-input-resources-empty.tsv	d52b8e127704c04bc25243d65d5c88ef7cfe8460f8d4196451700db7dfa95e81	13748	110	2534
2026-09-07-m1-input-resources-lazy.tsv	29ea7802990a976af2c5fc8448bcfe70005bd95ac84fe17f89418d796a280a0b	13694	110	2499
2026-09-07-m1-input-resources.tsv	614efa5118171e20d109f4524ec777b808a84e826f997fdfaa5b4e09c8cd875a	13426	110	2662
2026-09-07-m1-input-retained-empty-latency.tsv	4e24c3408d81f08563e0d1f25abfbceb14b5dfa6222d4e36a4cc9092fb34bc3a	21043	350	6874
2026-09-07-m1-input-retained-latency.tsv	f25b2c7e76a30f8e3f2624b412355cc79ed4d762cdf9476b9ccb1a89032d431f	21032	350	6963
2026-09-07-m1-input-retained-lazy-latency.tsv	71cdf34e2e8e3ddc86908237d65d115848335aad19bdc8e999a803df038a7c46	21042	350	6873
2026-09-07-m1-input-structure-observed.tsv	e1b2f819a33eb95b60202c3518fdb2cb74bec3c0f6efbe9ce9489ab9154ea423	367	19	225
2026-09-07-m1-input-verification.json	963be7735a58adcd7282ce2ee46690d96cdacfce32efe0e3f6b43ec5474f0c31	747467	627	80564
2026-09-07-m1-integer-emission-latency.tsv	c676a1c09b15b2603b09dee5875d286ee4fc84559a4bd04016c19d60807ce248	3172	68	1642
2026-09-07-m1-integer-faults.tsv	ab4cf7684809e3e0690073c61fb2f49ddee29486d1581a276c05a39235a5f736	3337	514	1146
2026-09-07-m1-integer-latency.tsv	9e1a4e7ec39f88a2c322d8f2c418ff2528fb3e998f75d0c10351f1cff36f8e81	3121	68	1624
2026-09-07-m1-integer-matrix.tsv	c2fe409291c4c8e7e21ab7b4a7a7655c141fac039a5c3715a024ebf54b51c1c8	5498	94	1011
2026-09-07-m1-integer-native.tsv	cb32622de20f86420d4515296a5aa7c565811c38a2c33e69150df1c6ec7f9e8d	927	22	462
2026-09-07-m1-integer-session-faults.tsv	373ec67f567e8092a841a2147d24e705b6c1b49de89922cb7ece61408dc0c016	18133	2050	4596
2026-09-07-m1-integer-session.tsv	5a13bb4239f0d74318af738df2c60453ffd1d43aca21224d6ffc4d9dc820d6a4	11320	229	1445
2026-09-07-m1-literal-storage-differential.tsv	f99f60f298695394a538192eeecbd0a903c1436182dfd3ae7bf373891d885dd5	6178	100	1669
2026-09-07-m1-literal-storage-gates.tsv	dd6f1004b10318805aaec492b7f8e966f21102fbaafb44e5417b9a427280f4d9	6222	53	2045
2026-09-07-m1-literal-storage-latency-summary.tsv	aa5852149c33f06ced04e2536e5361405e5ccde55181fd3244c5cd7cb8ca5a86	2270	27	949
2026-09-07-m1-literal-storage-latency.tsv	a3b51e0d4509d18c6c1ce19c23de3451f91258783590d9688ce66fe03621cfbf	29109	486	8617
2026-09-07-m1-parsing-faults.tsv	f59a41a71926a0e446b9297c28c490e38ae6f9a30db9764fd8f309a82d64823c	13664	2050	4779
2026-09-07-m1-parsing-latency.tsv	971b8b7c31019431d8f79167d45c3b5a9ed3a55dcbf58061472c55eddd40a66e	3128	68	1628
2026-09-07-m1-parsing-matrix.tsv	d0da91b00a344faf652ad19e81beecaff067f6621b385e9010f6255117ef1566	1426	34	578
2026-09-07-m1-parsing-native.tsv	c3494bf8e080693b97686779fda4f4270f6d736fdded0769160f710732f159f3	927	22	460
2026-09-07-m1-parsing-session-faults.tsv	c24e532e5485d3c81183a79e728ff108d40721f4a94f9214d333f5219323711d	18151	2050	4582
2026-09-07-m1-parsing-session-latency.tsv	256dee44112cc8a368fbba1ff0e48c8e6bb3764f68e20d492a0dbc29f6a27821	16887	266	6043
2026-09-07-m1-parsing-session-matrix.tsv	570a4abbf7fd0ec643027356afcdfbaa6904abdd41f9c95480799454fdec0ea6	10995	220	1506
2026-09-07-m1-parsing-work.tsv	24f9319d858c48ab7fec2b4fbb8034a5c8336318db9016080b7844657c219532	691	14	415
2026-09-07-m1-places-faults.tsv	1b253da7f3862b681600fdd78792d6e8831cd783386679ad2b940acff8b7aa11	13635	2050	4639
2026-09-07-m1-places-latency.tsv	731276537fb4dbd5149fd8e86a286c1a4f64f90f5cb165d95390d88cc91663be	3095	68	1615
2026-09-07-m1-places-matrix.tsv	4e4d04fe2b2d801f2f66ddf2e916202a1fd57ab18c7a89fb71aeb9aca6142cfd	636	12	378
2026-09-07-m1-places-native.tsv	0417a1a9f63c2c8159fd8e163536312c3eaa1b415c34a6c3d2cfc2b18edd7223	927	22	462
2026-09-07-m1-places-work.tsv	9b582680c431dd7927e7af75b958a52eb144b8e57a7675a77784fad1385dce67	517	18	335
2026-09-07-m1-planning-default-repeat.tsv	020c2488dd24bad34703a460e8857059f08892935f9d4e52e670bd39733ce6e4	3797	64	1627
2026-09-07-m1-planning-dense-latency.tsv	757376adaf13c955465fc154af53ab41585459e9e5e9b9dd826b27e4e2158ecd	4304	68	1821
2026-09-07-m1-planning-faults.tsv	3dfbf80ffc34ca904188381a5d4c17dc22f99bb60a9f321fbda7d450a9cb82c5	92062	4099	10911
2026-09-07-m1-planning-latency.tsv	66f343be2e58c55dd0f4451a48a3d9ec800e23538adad59464248ac82fae47ae	3132	68	1629
2026-09-07-m1-planning-matrix.tsv	3fe021c6c28619ad5dbbb3cedb0ff4003ee8730b91bf7179d578901e86dc6ec9	20075	356	2319
2026-09-07-m1-planning-native.tsv	c394c08f6e45025303260760a4d5a48078bcafc021adcda17d5b736cb1a3e354	927	22	461
2026-09-07-m1-planning-nested-dense-latency.tsv	786c7a8dfdbf1e43638fb018d9735a65df86e9864822acaf8b3fba3645c2ddc8	4299	68	1828
2026-09-07-m1-planning-nested-faults.tsv	505eaa5f273aa9628c09ada76671adc07df2931369700935497497df0450a57c	18243	2050	4669
2026-09-07-m1-planning-nested-latency.tsv	b613f9607fc387fe789329ac126a17b74a5a02e40a318ff838173ec071ad69d3	3132	68	1633
2026-09-07-m1-planning-nested-matrix.tsv	775d3234f1f5840b829f7f4f4ae3be551b63cd2074a57622c4bb2734f5e7581c	19453	344	2241
2026-09-07-m1-planning-nested-native.tsv	8bce8886cb031d4de5df5a84bb5bd20922a05c66b1811bc96e1871305d3d073e	927	22	462
2026-09-07-m1-planning-nested-session-latency.tsv	204c7107dbdade392c96d3f7257e638a8e2cfb5e4267b650f1ac114a28b2528b	16905	266	6076
2026-09-07-m1-planning-pooled-initial-dense-latency.tsv	0d7c57e94eccca7e4a05392e241dc90bf5b684ca29feef94038d2809135bac00	4293	68	1824
2026-09-07-m1-planning-pooled-initial-session-latency.tsv	62a81d69ca5a22cf99e2f98fab7d98d14969b15005270ad02eed85698a19d41e	16889	266	6033
2026-09-07-m1-planning-session-latency.tsv	5ce653bfb96b14d66acc69c722d2bdbe7efcdca836bea0dd331636d4664425a0	16892	266	6053
2026-09-07-m1-range-admission-dense-latency.tsv	f993286de3ebe3cac1e18591519701ac16868aa1d3a4500796edd76ba9536dad	4306	68	1832
2026-09-07-m1-range-admission-session-latency.tsv	c7a650e157180a1a192d7cb6287acfb301d44fbe373fd0dee8b1dfd70de4517a	16895	266	6030
2026-09-07-m1-range-copy-dense-latency.tsv	37bd3303ed1c256edf2d3912ef2eda2ee821624ed879cec66756e1ab6351b52b	4300	68	1825
2026-09-07-m1-range-copy-faults.tsv	1272c50ca897e7b3873463e7ccb30f2801e5dc7bc1b5f70039e763bc762b5548	108309	4099	10505
2026-09-07-m1-range-copy-matrix.tsv	03b4ce3e284f67ff609ad1bcca6caea725741a8be9ddc3e0d40350e9d6c282f3	43643	536	4131
2026-09-07-m1-range-copy-memory.tsv	2d29581950b8306eb9305135392bdd000f6a4045b48f56fa5ad77640aedf941a	665	14	383
2026-09-07-m1-range-copy-native.tsv	cd39faf75d26efb4428c4c96f7d85d155788385e4c43f8c5ede7989914525a35	927	22	462
2026-09-07-m1-range-copy-session-latency.tsv	27a992ba799f548df1b7b3dff132f97276fa60fc0e6e44728f5709ea79edeec0	16891	266	6057
2026-09-07-m1-range-copy-session-repeat.tsv	330893d1a1a01128067211a0ea24ebed256fd1086348ce18b203bc6fbd500698	8351	126	3053
2026-09-07-m1-range-current-fast-dense-latency.tsv	d987045c90ca3802419bf3465d06fc30d56dfac351b071f67ce3186f3c57dfb7	4298	68	1827
2026-09-07-m1-range-current-fast-session-latency.tsv	1ab0ecd4d169416befb4725aa192f13e7f75174ca8252eb2d5de8152289be97e	16888	266	6066
2026-09-07-m1-range-header-dense-latency.tsv	f30c71b1f9b638b51e139a8cbb4983c5813cd67a79b70341dc9c2ccad4f5dc2a	4302	68	1839
2026-09-07-m1-range-header-latency.tsv	ce011cd1b70a82e09aecf8992fe67be8487ae891648dfd1b5086f12075156d29	3129	68	1646
2026-09-07-m1-range-header-session-latency.tsv	ef6f8076af52da6d1aafb692d17459282556b64afb95fa4f818b733f76c3bf98	16893	266	6050
2026-09-07-m1-range-initial-dense-latency.tsv	9af1afc2ff91c2ad0eb79012355127882f62a99ecf33cf9df87b89f12a430f79	4297	68	1823
2026-09-07-m1-range-initial-latency.tsv	617a71d3b26251794df588c3ae4cbe7cdf9df177e6e13e71a1328542686934a4	3136	68	1622
2026-09-07-m1-range-initial-native.tsv	9958e7a8e17dc78bde5aedc79cc1b9c6461b558a009f50844a5916919c097cd2	927	22	461
2026-09-07-m1-range-initial-session-latency.tsv	c72567b12d1ae8c02703f4d8ae4885032ad9af0fb61f8fd1953f8306942d9dd3	16886	266	6030
2026-09-07-m1-range-scratch-dense-latency.tsv	80b4a5c051ddd65d586de255f53192a9ce5a2416e82bfe919c616858903d7318	4302	68	1823
2026-09-07-m1-range-scratch-faults.tsv	ca90b38ba8632bfe2086855b072a92e426cbc112b2012a037b4de41a9aca132f	108178	4099	10546
2026-09-07-m1-range-scratch-final-dense-latency.tsv	6111923f4bdb7fc852804fa8cccc7c039ea60d87fbcbd755dc76e5ddce017030	4307	68	1836
2026-09-07-m1-range-scratch-final-latency.tsv	578c5f07287221d6d4c085dcc32bbef543c2426a720127a6bd0f5eef7f133a60	3128	68	1625
2026-09-07-m1-range-scratch-final-session-latency.tsv	d0d842e6a99269768ba7e058eaff604195f0f9d6c9e7721039be5f677ed45a3f	16882	266	6043
2026-09-07-m1-range-scratch-latency.tsv	fe3ee0c31b1c082073755311d973d270939b3f87db1de154bdbbd62a6b68824d	3138	68	1643
2026-09-07-m1-range-scratch-matrix.tsv	271bc2d00fa2b9a66a0934aa07dca359392b57ce2e10f664e9552b5d68c5abff	47259	536	4173
2026-09-07-m1-range-scratch-memory.tsv	b3fe10253333aed99da4be77adab2e1c8a108425a068481f3618ff9a55cec420	683	14	384
2026-09-07-m1-range-scratch-native.tsv	0b6c0677d849723bbe9e07fd91d0958ae43e09a43ec71b8c58137b70fbd31a3b	927	22	461
2026-09-07-m1-range-scratch-session-latency.tsv	2922d7f81d2d18add617d155db319c90cea45fd55d9d542fe11742f304300efa	16899	266	6038
2026-09-07-m1-range-stream-dense-latency.tsv	0d9dac47d684853ba8b5140538c90b9d68701abe1e365e0cd13b3e5ab1cbdb97	4305	68	1831
2026-09-07-m1-range-stream-session-latency.tsv	0a11e561810f17490aec6c05d152492ecdfd6c346b6c1c2821885fa5fac46d10	16883	266	6039
2026-09-07-m1-range-validated-dense-latency.tsv	255bf06740b3c4db8337013549420c3459e2f4a59f0d8fdcf804aaad533d1fad	4303	68	1808
2026-09-07-m1-range-validated-latency.tsv	b8a92de10bea26bed700bab10b2ea299975b1cbecfb316e9ad10a11fb71ecdb8	3141	68	1639
2026-09-07-m1-range-validated-session-latency.tsv	7403054749ccf01a759d95a0947253fece246162902e7794c16e4a1cb2163498	16890	266	6019
2026-09-07-m1-retained-project-faults.tsv	199eea570ee0f4d1321054022c8b4cb76bbabfddabc886a6d4698c7e3af2aaa8	73614	2050	5357
2026-09-07-m1-retained-project-latency.tsv	a3b2fc13185cb7c4530869ab172a1f4a10e7d7f5b5439fef320d8639c0f366bd	13171	200	4658
2026-09-07-m1-retained-project-native.tsv	06b123398a67beef17d459b141e10922c46a6316467501e6c62ed0e4d204b5fb	927	22	462
2026-09-07-m1-retained-project-work.tsv	0f9ae2d043befdadb45c11490a04a4fcc19bce9f81bbf97f45cee3b1bb83d28e	889	18	472
2026-09-07-m1-session-faults.tsv	6beff44098aea6832268f12f5504b5b81d442886fae21ca79ceceb473dad4275	18061	2050	4550
2026-09-07-m1-session-latency.tsv	9398274763c00db8fee99a9dc0012e21f7f471c62ddc39b0af46c5f6a03497f4	13275	200	4731
2026-09-07-m1-session-matrix.tsv	9593c6d94374f7b64095d12cdf87efa672268af54db25c302267d50be4dd6a41	6389	168	903
2026-09-07-m1-session-native.tsv	3c9eac8cdec8ce479063ef1594016bd9a1676cf5d30471d689e3877112be4e1f	927	22	461
2026-09-07-m1-session-work.tsv	f8c0e6c841056d1fc5a8997c197bc3d7b67e03a8df95eb1f328f9a627dfd3571	1125	18	535
2026-09-07-m1-stable-c-backend.tsv	edeef260111606bc310f82ce197829276fe476c145d46cd31e15db46985eee4f	6760	103	2760
2026-09-07-m1-stable-c-confirmation.tsv	55025224e86dde50ba273ac44af2e7720d506f92e281dd53548f1b9c467be516	11951	188	4079
2026-09-07-m1-stable-c-faults.tsv	f84c0015b733df03e3192caa158b8f561490a27e73a26ee51e28fec3f573cfc8	693143	4098	33254
2026-09-07-m1-stable-c-frontend-control.tsv	33a889001d0f46a6401dc6ddc4f48143375a0ffffafa04b7989fec9c586512e7	34141	332	11845
2026-09-07-m1-stable-c-frontend.tsv	b2f507ac40099123e4ebf08aca4adcb7510c51880e6d5a233796da1cde42f642	3515	58	1551
2026-09-07-m1-stable-c-identities.tsv	9cd01dcfad4cafcec7bd673f72cfa06989dfb6d7e32bfd9f864cde85636c72e6	6301	99	1988
2026-09-07-m1-stable-c-machine-text.tsv	c0531203c45f3b4eb367b344e425b51229d96b89829c70cac18668cde9f17031	3199	23	1242
2026-09-07-m1-stable-c-memory.tsv	668cb2fe686c296bf86c584da1a5259d6d582bf916b1d051e5a19e1c308f4e1f	1001	32	391
2026-09-07-m1-stable-c-native.tsv	df3af4ef7c78d891b15b00af1bbe197deef03d2577a012f18c63d6cb6d273cc2	2578	23	1424
2026-09-07-m1-stable-c-runtime.tsv	bb6d626da5db9adbf016b0e1b4575f7d8e596fdcf6ba8a774f181282288aaa25	10963	223	5016
2026-09-07-m1-stable-c-sanitizers.tsv	4becf5600a3c0614b0ae5519fa66c33fba9bdf9372da2d946f258df66a140e0d	11516	98	5270
2026-09-07-slim-next-development-history.md	5ecbbe4ecdfe685373bd08b8f114c72a8c638104a6d2b3922b2fa69a8359398e	220050	3297	70608
2026-09-08-m1-closure-validation.json	d62e07f43eb938976839628ac20614a06771109b35ce10d95357d0a3807cad0c	13729	48	3778
2026-09-08-m1-closure.json	7b24e3fdbee3538b06af21314a0258fbfe4516868e126cf1409562f7fa6da4ee	3178322	79	235671
2026-09-08-m1-host-closure-latency.tsv	fe0357f320f0292314cc624fda553e3125a34d4557aeca21b2a9f187ffc746d0	12760	341	3457
2026-09-08-m1-host-closure-verification.json	c9ae89fa1e6d52d54b461cddfc462fd341190fb2bec644e70db0bfb633d9c9b2	61855	325	16813
2026-09-08-m1-host-publication.json	db60fdbff8c21fdbb1256b1f4da1ca14edb6cac3813f87b3cc3e094868e063fc	3922673	59	242186
2026-09-08-m1-host-session-initial-latency.tsv	7b1a6db56078a164fa8d572609ee426ab7923ff0a79e54908b55c96a18aa4bbf	12550	337	3364
2026-09-08-m1-host-session-latency.tsv	fc51df61ef50e3f0dd74680d87504192e9bf17ed92ecb00ceb20c96b3b9f906b	12549	337	3373
2026-09-08-m1-host-session-publication.json	4a57f42d23354115ecf39abb4e0c4cfe5e0ae3d39247514892c4a09ec25abf9a	41559	47	12542
2026-09-08-m1-host-session-release.log	3a2d9fa2e516b6375733c2db558fc5dc2b0205379da4c687cd7612b6230ae00e	982	12	469
2026-09-08-m1-host-session-verification.json	15988684881bd46070341cbd8ac2837985595a105371b529e41fe25fa501fd93	3856109	497	238910
2026-09-08-m1-native-capture-batching.json	308a02141839654c00c5c5aa8313f40843cece24a534b1c7e8b6e2cac417e0cb	76051	49	14688
2026-09-08-m1-native-checkpoint-govern.json	d0b98741f886720284c96cd29e6e16fb94673cf1e1bbf14212d3f2cbf1ae6298	678	9	435
2026-09-08-m1-native-checkpoint.json	3fea7588fb865522413e41ea2892c1bd218a6957b0451ca8ce96c5c7559004b5	2083925	57	148844
2026-09-08-m1-native-host-corpus.json	c5ddad1b27ec899af7bccad3dba082df518d847f33933e432808ce457e48be0a	246301	58	17158
2026-09-08-m1-native-host-inputs.json	d103b7ebb561abe8a9e4171a903a2c9c89a3ce9587dc0aeaffdd8c3efe7fdf44	535304	101	38079
2026-09-08-m1-native-host-lifetime.json	ea16dba61acb493b0499e2865105ca4f9b3bd8d7470556d91574e5d4028a389a	260499	102	19210
2026-09-08-m1-native-host-resources.json	e40d21a87a308873853f0e7973474e952d7befe1602f83237abf641d531d60e2	80824	935	7694
2026-09-08-m1-native-host-state.json	ec2a772367faa4f28e89757c5e76d5b08eac6483272845415b2e7d3f389127a3	145290	76	12411
2026-09-08-m1-native-query-research.json	bb6592e00dbb8dbbe4a35fd2bff4d155a404789065926a71f02dbe6b9b412fda	328756	1	42961
2026-09-08-m1-native-query-verification.json	fc5922ba9f05d8e72c07e1c23b1c2325c9fc0a7d1771ae65a31bc84dc292255f	53122	1	15055
2026-09-08-m1-native-session.json	783f8e3a02182962901b43f0a47f43c9add5e85f859fec7cd78994e82f96e0f2	947035	79	90654
2026-09-08-m1-parallel-query-inline-seed.c	3e78b3d5a67f8fe4516d209032fad5f2fd73872458e924c0f21d19723eca5e52	4800867	122412	508488
2026-09-08-m1-parallel-query-reproduction.json	46f922c0ac0c8c92843b217ac4b263e10cd9749687cfe97fee80f8c90f771c64	67909	28	16285
2026-09-08-m1-parallel-query-verification.json	5d09b9018ac5583628d2708fb0b62a8daf802c89912abfd0cce0d60560e46f2c	643446	268	113979
2026-09-08-m1-release-candidate.json	6990fb640445f896ba052d314af1e29d278885a40bba7c85132cb0f3fa9fd5f6	3260226	114	254902
2026-09-08-m1-release-startup-failure.json	f3d5fd206ca29d68df32ed3b3dc63796fda670f783594e7d6b7e4828ec1cb497	2786682	64	191028
